project,pr,clone_fingerprint,start_commit,end_commit,total_commits,categoria,distancia,duracao
typespec,7439,26e232a051fe59a0ababda0258370a43,24,24,24,unique_final,1.0,0.0417
typespec,7439,a4e3549c7d7adf3ccf5f292b13679092,24,24,24,unique_final,1.0,0.0417
typespec,7439,62a98b013e539e24694d1f6aeb9ae2c8,24,24,24,unique_final,1.0,0.0417
typespec,7439,53eb737bf67997600a80b2195c9d47bb,24,24,24,unique_final,1.0,0.0417
typespec,7458,66ded3c3ad5bb1ec21a18c84820ff3ff,4,4,4,unique_final,1.0,0.25
typespec,7458,cc58e746e31077322159443e17edd6ad,4,4,4,unique_final,1.0,0.25
typespec,7458,b4ff20ec614060a9a37164571c7e48bb,4,4,4,unique_final,1.0,0.25
typespec,7458,b4ff20ec614060a9a37164571c7e48bb,4,4,4,unique_final,1.0,0.25
typespec,7458,24ea1d200d1b4b8c1b27b79869664100,4,4,4,unique_final,1.0,0.25
typespec,7458,cc58e746e31077322159443e17edd6ad,4,4,4,unique_final,1.0,0.25
typespec,7458,cd99c87188e8244a109ff66590d4f294,4,4,4,unique_final,1.0,0.25
typespec,7458,cd99c87188e8244a109ff66590d4f294,4,4,4,unique_final,1.0,0.25
typespec,7602,3b49399d4115b6fe001760a49a70b588,8,18,18,mei_final,0.4444,0.6111
typespec,7602,90d66d907479b7dfc5f5191e374ed763,8,18,18,mei_final,0.4444,0.6111
typespec,7602,cc58e746e31077322159443e17edd6ad,8,18,18,mei_final,0.4444,0.6111
typespec,7602,edbd10d0bdb37bf3a00849c409f83b46,8,18,18,mei_final,0.4444,0.6111
typespec,7602,c34e747a6ca28267ac1645bfd09e8063,8,18,18,mei_final,0.4444,0.6111
typespec,7602,f6db0e2331a57e247edcb19790b9c34c,8,18,18,mei_final,0.4444,0.6111
typespec,7602,48e0147e67a828ebd63d317aa6b2e2d7,8,18,18,mei_final,0.4444,0.6111
typespec,7602,5be6049d7ffd6dfe651254edce2738ef,8,18,18,mei_final,0.4444,0.6111
typespec,7602,a54b57a5411cd937818f9256f2dc3523,8,18,18,mei_final,0.4444,0.6111
typespec,7602,5b878e596fbea1261c260318eab22202,8,18,18,mei_final,0.4444,0.6111
typespec,7602,75bc09161f7c7c6a86bb0cd6b9271136,8,18,18,mei_final,0.4444,0.6111
typespec,7602,3b49399d4115b6fe001760a49a70b588,8,18,18,mei_final,0.4444,0.6111
typespec,7602,000f1127b82b63d199ded2af6752fab6,8,18,18,mei_final,0.4444,0.6111
typespec,7602,3167ede29efda562efb0f876aa267e02,8,18,18,mei_final,0.4444,0.6111
typespec,7602,48e0147e67a828ebd63d317aa6b2e2d7,8,18,18,mei_final,0.4444,0.6111
typespec,7602,79c70b5649efcaa309d0b52cf5b5a946,8,18,18,mei_final,0.4444,0.6111
typespec,7602,c9fd5e1f62eacac51b315b8b62974ccd,8,18,18,mei_final,0.4444,0.6111
typespec,7602,31ff469030429d5252da48402ad91371,8,18,18,mei_final,0.4444,0.6111
typespec,7602,75bc09161f7c7c6a86bb0cd6b9271136,8,18,18,mei_final,0.4444,0.6111
typespec,7602,c34e747a6ca28267ac1645bfd09e8063,8,18,18,mei_final,0.4444,0.6111
typespec,7602,66ded3c3ad5bb1ec21a18c84820ff3ff,8,18,18,mei_final,0.4444,0.6111
typespec,7602,5be6049d7ffd6dfe651254edce2738ef,8,18,18,mei_final,0.4444,0.6111
typespec,7602,3b49399d4115b6fe001760a49a70b588,8,18,18,mei_final,0.4444,0.6111
typespec,7602,3b49399d4115b6fe001760a49a70b588,8,18,18,mei_final,0.4444,0.6111
typespec,7602,62a98b013e539e24694d1f6aeb9ae2c8,8,18,18,mei_final,0.4444,0.6111
typespec,7602,1bd1faa7d4bb95a3557eb4df5e9daca5,8,18,18,mei_final,0.4444,0.6111
typespec,7602,e7a80abd05daa6003bec570d24ea6459,8,18,18,mei_final,0.4444,0.6111
typespec,7602,8b240116947edf74734149cae1ce5c00,8,18,18,mei_final,0.4444,0.6111
typespec,7602,0dfe9ec1845869c3747f3d9da1f4f504,8,18,18,mei_final,0.4444,0.6111
typespec,7602,98ab8cfbc95f29ce6bc209b5866b1fe5,8,18,18,mei_final,0.4444,0.6111
typespec,7602,94707832f17f38c26c2194b0054824e0,8,18,18,mei_final,0.4444,0.6111
typespec,7602,4e22b7a2df992f07b8a6eeb428d74190,8,18,18,mei_final,0.4444,0.6111
typespec,7602,3b49399d4115b6fe001760a49a70b588,8,18,18,mei_final,0.4444,0.6111
typespec,7602,8f2879388b017a27d4655b6a356c3473,8,18,18,mei_final,0.4444,0.6111
typespec,7602,a4e3549c7d7adf3ccf5f292b13679092,8,18,18,mei_final,0.4444,0.6111
typespec,7602,3003c0fabf6dea8ccd4df08d1001226c,8,18,18,mei_final,0.4444,0.6111
typespec,7602,8f2879388b017a27d4655b6a356c3473,8,18,18,mei_final,0.4444,0.6111
typespec,7602,51595c327ed3995b5e109120e363283a,8,18,18,mei_final,0.4444,0.6111
typespec,7602,62a98b013e539e24694d1f6aeb9ae2c8,8,18,18,mei_final,0.4444,0.6111
typespec,7602,0ea378f74d4c50507aa18e12ce00f428,8,18,18,mei_final,0.4444,0.6111
typespec,7602,8b240116947edf74734149cae1ce5c00,8,18,18,mei_final,0.4444,0.6111
typespec,7602,000f1127b82b63d199ded2af6752fab6,8,18,18,mei_final,0.4444,0.6111
typespec,7602,e7a80abd05daa6003bec570d24ea6459,8,18,18,mei_final,0.4444,0.6111
typespec,7602,3b49399d4115b6fe001760a49a70b588,8,18,18,mei_final,0.4444,0.6111
typespec,7602,bfd244818526dd32d16569975383d931,8,18,18,mei_final,0.4444,0.6111
typespec,7602,0dfe9ec1845869c3747f3d9da1f4f504,8,18,18,mei_final,0.4444,0.6111
typespec,7602,24ea1d200d1b4b8c1b27b79869664100,8,18,18,mei_final,0.4444,0.6111
typespec,7602,b4ff20ec614060a9a37164571c7e48bb,8,18,18,mei_final,0.4444,0.6111
typespec,7602,c34e747a6ca28267ac1645bfd09e8063,8,18,18,mei_final,0.4444,0.6111
typespec,7602,f7a262030abb5e449192d93a5080e031,17,18,18,mei_final,0.9444,0.1111
typespec,7602,37a68ad7371dc5a063952d596939ae3f,17,18,18,mei_final,0.9444,0.1111
typespec,7602,f7a262030abb5e449192d93a5080e031,17,18,18,mei_final,0.9444,0.1111
typespec,7602,5e8fbde0400ad1ead76b9367aeb582a1,17,18,18,mei_final,0.9444,0.1111
typespec,7602,5e8fbde0400ad1ead76b9367aeb582a1,17,18,18,mei_final,0.9444,0.1111
typespec,7602,37a68ad7371dc5a063952d596939ae3f,17,18,18,mei_final,0.9444,0.1111
typespec,7602,5e8fbde0400ad1ead76b9367aeb582a1,17,18,18,mei_final,0.9444,0.1111
typespec,7602,51d2c46cdd56a6e5e0422119c9521cfc,17,18,18,mei_final,0.9444,0.1111
typespec,7602,a6ec97b5186767d6222d16d8aa48a11c,17,18,18,mei_final,0.9444,0.1111
typespec,7602,a6ec97b5186767d6222d16d8aa48a11c,17,18,18,mei_final,0.9444,0.1111
typespec,7602,51d2c46cdd56a6e5e0422119c9521cfc,17,18,18,mei_final,0.9444,0.1111
typespec,7602,51d2c46cdd56a6e5e0422119c9521cfc,17,18,18,mei_final,0.9444,0.1111
typespec,7644,f7a262030abb5e449192d93a5080e031,6,11,11,mei_final,0.5455,0.5455
typespec,7644,37a68ad7371dc5a063952d596939ae3f,6,11,11,mei_final,0.5455,0.5455
typespec,7644,f7a262030abb5e449192d93a5080e031,6,11,11,mei_final,0.5455,0.5455
typespec,7644,37a68ad7371dc5a063952d596939ae3f,6,11,11,mei_final,0.5455,0.5455
typespec,7644,51d2c46cdd56a6e5e0422119c9521cfc,6,11,11,mei_final,0.5455,0.5455
typespec,7644,a6ec97b5186767d6222d16d8aa48a11c,6,11,11,mei_final,0.5455,0.5455
typespec,7644,a6ec97b5186767d6222d16d8aa48a11c,6,11,11,mei_final,0.5455,0.5455
typespec,7644,51d2c46cdd56a6e5e0422119c9521cfc,6,11,11,mei_final,0.5455,0.5455
typespec,7644,51d2c46cdd56a6e5e0422119c9521cfc,6,11,11,mei_final,0.5455,0.5455
typespec,7801,cc58e746e31077322159443e17edd6ad,5,5,8,unique_mei,0.625,0.125
typespec,7801,53eb737bf67997600a80b2195c9d47bb,5,5,8,unique_mei,0.625,0.125
typespec,7801,65fc4d37c9db96b616eb26f182d0b19f,5,5,8,unique_mei,0.625,0.125
typespec,7801,2f260d03fa666f252914d6c4fd109dae,5,5,8,unique_mei,0.625,0.125
typespec,7801,24ea1d200d1b4b8c1b27b79869664100,5,5,8,unique_mei,0.625,0.125
typespec,7801,66ded3c3ad5bb1ec21a18c84820ff3ff,5,5,8,unique_mei,0.625,0.125
typespec,7801,0b7d86afb58575c13377767c5cc9c03c,5,5,8,unique_mei,0.625,0.125
typespec,7801,b4ff20ec614060a9a37164571c7e48bb,5,5,8,unique_mei,0.625,0.125
typespec,7801,9e6c0dbeb46171763b2d3608fdcac029,6,6,8,unique_mei,0.75,0.125
typespec,7801,9e6c0dbeb46171763b2d3608fdcac029,6,6,8,unique_mei,0.75,0.125
typespec,7801,e5bf5d4ebeef81e7c4ab20b2f7d98082,6,6,8,unique_mei,0.75,0.125
typespec,7801,c694d73af3ea7d5f5f1c45ad4cebdd93,6,6,8,unique_mei,0.75,0.125
typespec,7801,e5bf5d4ebeef81e7c4ab20b2f7d98082,6,6,8,unique_mei,0.75,0.125
typespec,7801,ec7da0bb7a12f232a35ea148fd760c94,6,6,8,unique_mei,0.75,0.125
typespec,7801,e5bf5d4ebeef81e7c4ab20b2f7d98082,6,6,8,unique_mei,0.75,0.125
typespec,7801,e5bf5d4ebeef81e7c4ab20b2f7d98082,6,6,8,unique_mei,0.75,0.125
typespec,7801,c694d73af3ea7d5f5f1c45ad4cebdd93,6,6,8,unique_mei,0.75,0.125
typespec,7801,e5bf5d4ebeef81e7c4ab20b2f7d98082,6,6,8,unique_mei,0.75,0.125
typespec,7801,a25979764685d84feaba896f9562392a,6,6,8,unique_mei,0.75,0.125
typespec,7801,9e6c0dbeb46171763b2d3608fdcac029,6,6,8,unique_mei,0.75,0.125
typespec,7801,e5bf5d4ebeef81e7c4ab20b2f7d98082,6,6,8,unique_mei,0.75,0.125
typespec,7801,e5bf5d4ebeef81e7c4ab20b2f7d98082,6,6,8,unique_mei,0.75,0.125
typespec,7801,e5bf5d4ebeef81e7c4ab20b2f7d98082,6,6,8,unique_mei,0.75,0.125
typespec,7801,ae4cdf9d0130e7fbb6c9d1a32569fed4,6,6,8,unique_mei,0.75,0.125
typespec,7801,9e6c0dbeb46171763b2d3608fdcac029,6,6,8,unique_mei,0.75,0.125
typespec,7801,e5bf5d4ebeef81e7c4ab20b2f7d98082,6,6,8,unique_mei,0.75,0.125
typespec,7801,07432ade3598faab40d5ba22595e55d3,6,6,8,unique_mei,0.75,0.125
typespec,7801,7515292ed95a6d5a79d538425cf00dc8,6,6,8,unique_mei,0.75,0.125
typespec,7801,ae4cdf9d0130e7fbb6c9d1a32569fed4,6,6,8,unique_mei,0.75,0.125
typespec,7801,f10e750e54ebbcc279159df66bf21c4d,6,6,8,unique_mei,0.75,0.125
typespec,7801,1459d93741efc7f7853f0b934d9aaf80,6,6,8,unique_mei,0.75,0.125
typespec,7801,e5bf5d4ebeef81e7c4ab20b2f7d98082,6,6,8,unique_mei,0.75,0.125
typespec,7801,e5bf5d4ebeef81e7c4ab20b2f7d98082,6,6,8,unique_mei,0.75,0.125
typespec,7801,ae4cdf9d0130e7fbb6c9d1a32569fed4,6,6,8,unique_mei,0.75,0.125
typespec,7801,1459d93741efc7f7853f0b934d9aaf80,6,6,8,unique_mei,0.75,0.125
typespec,7801,e5bf5d4ebeef81e7c4ab20b2f7d98082,6,6,8,unique_mei,0.75,0.125
typespec,7801,e5bf5d4ebeef81e7c4ab20b2f7d98082,6,6,8,unique_mei,0.75,0.125
typespec,7801,d0319311b7e489716d0fea1747aa5302,6,6,8,unique_mei,0.75,0.125
typespec,7801,e5bf5d4ebeef81e7c4ab20b2f7d98082,6,6,8,unique_mei,0.75,0.125
typespec,7801,c0b871bd829c08538c294a759b10fc24,6,6,8,unique_mei,0.75,0.125
typespec,7801,e5bf5d4ebeef81e7c4ab20b2f7d98082,6,6,8,unique_mei,0.75,0.125
typespec,7801,e379fca644b8ac2ea9d96cdc82a02d84,6,6,8,unique_mei,0.75,0.125
typespec,7801,4c2f6c0f3ea3df63a3763b15c9f1c56a,6,6,8,unique_mei,0.75,0.125
typespec,7801,ae4cdf9d0130e7fbb6c9d1a32569fed4,6,6,8,unique_mei,0.75,0.125
typespec,7801,bb753ea12224811d8129cdfda905c42a,6,6,8,unique_mei,0.75,0.125
typespec,7801,ae4cdf9d0130e7fbb6c9d1a32569fed4,6,6,8,unique_mei,0.75,0.125
typespec,7801,e5bf5d4ebeef81e7c4ab20b2f7d98082,6,6,8,unique_mei,0.75,0.125
typespec,7801,e5bf5d4ebeef81e7c4ab20b2f7d98082,6,6,8,unique_mei,0.75,0.125
typespec,7801,e379fca644b8ac2ea9d96cdc82a02d84,6,6,8,unique_mei,0.75,0.125
typespec,7801,6e000d1fc4a92ed1052909dac1d11600,6,6,8,unique_mei,0.75,0.125
typespec,7801,ec7da0bb7a12f232a35ea148fd760c94,6,6,8,unique_mei,0.75,0.125
typespec,7801,e5bf5d4ebeef81e7c4ab20b2f7d98082,6,6,8,unique_mei,0.75,0.125
typespec,7801,1459d93741efc7f7853f0b934d9aaf80,6,6,8,unique_mei,0.75,0.125
typespec,7801,d6785db919b4e23d09640caacb1f3ca6,6,6,8,unique_mei,0.75,0.125
typespec,7801,e5bf5d4ebeef81e7c4ab20b2f7d98082,6,6,8,unique_mei,0.75,0.125
typespec,7801,3d150d9969e5183ab03219c91589e161,6,6,8,unique_mei,0.75,0.125
typespec,7801,e5bf5d4ebeef81e7c4ab20b2f7d98082,6,6,8,unique_mei,0.75,0.125
typespec,7801,c0b871bd829c08538c294a759b10fc24,6,6,8,unique_mei,0.75,0.125
typespec,7801,07432ade3598faab40d5ba22595e55d3,6,6,8,unique_mei,0.75,0.125
typespec,7801,e5bf5d4ebeef81e7c4ab20b2f7d98082,6,6,8,unique_mei,0.75,0.125
typespec,7801,c0b871bd829c08538c294a759b10fc24,6,6,8,unique_mei,0.75,0.125
typespec,7801,e5bf5d4ebeef81e7c4ab20b2f7d98082,6,6,8,unique_mei,0.75,0.125
typespec,7801,d0319311b7e489716d0fea1747aa5302,6,6,8,unique_mei,0.75,0.125
typespec,7801,803b63d9b3218cd4b674093f8af3a768,6,6,8,unique_mei,0.75,0.125
typespec,7801,803b63d9b3218cd4b674093f8af3a768,6,6,8,unique_mei,0.75,0.125
typespec,7801,e5bf5d4ebeef81e7c4ab20b2f7d98082,6,6,8,unique_mei,0.75,0.125
typespec,7801,e5bf5d4ebeef81e7c4ab20b2f7d98082,6,6,8,unique_mei,0.75,0.125
typespec,7801,1459d93741efc7f7853f0b934d9aaf80,6,6,8,unique_mei,0.75,0.125
typespec,7801,f10e750e54ebbcc279159df66bf21c4d,6,6,8,unique_mei,0.75,0.125
typespec,7801,e5bf5d4ebeef81e7c4ab20b2f7d98082,6,6,8,unique_mei,0.75,0.125
typespec,7801,e5bf5d4ebeef81e7c4ab20b2f7d98082,6,6,8,unique_mei,0.75,0.125
typespec,7801,e5bf5d4ebeef81e7c4ab20b2f7d98082,6,6,8,unique_mei,0.75,0.125
typespec,7801,9e6c0dbeb46171763b2d3608fdcac029,6,6,8,unique_mei,0.75,0.125
typespec,7801,ae4cdf9d0130e7fbb6c9d1a32569fed4,6,6,8,unique_mei,0.75,0.125
typespec,7801,e5bf5d4ebeef81e7c4ab20b2f7d98082,6,6,8,unique_mei,0.75,0.125
typespec,7801,9e6c0dbeb46171763b2d3608fdcac029,6,6,8,unique_mei,0.75,0.125
typespec,7801,e5bf5d4ebeef81e7c4ab20b2f7d98082,6,6,8,unique_mei,0.75,0.125
typespec,7801,ae4cdf9d0130e7fbb6c9d1a32569fed4,6,6,8,unique_mei,0.75,0.125
typespec,7801,b6ff4a18405fdb735c036722316580c7,6,6,8,unique_mei,0.75,0.125
typespec,7801,e5bf5d4ebeef81e7c4ab20b2f7d98082,6,6,8,unique_mei,0.75,0.125
typespec,7801,07432ade3598faab40d5ba22595e55d3,6,6,8,unique_mei,0.75,0.125
typespec,7801,e5bf5d4ebeef81e7c4ab20b2f7d98082,6,6,8,unique_mei,0.75,0.125
typespec,7801,e5bf5d4ebeef81e7c4ab20b2f7d98082,6,6,8,unique_mei,0.75,0.125
typespec,7801,6e000d1fc4a92ed1052909dac1d11600,6,6,8,unique_mei,0.75,0.125
typespec,7801,9e6c0dbeb46171763b2d3608fdcac029,6,6,8,unique_mei,0.75,0.125
typespec,7801,803b63d9b3218cd4b674093f8af3a768,6,6,8,unique_mei,0.75,0.125
typespec,7801,f5882cf68225a56699b83accff7cf341,6,6,8,unique_mei,0.75,0.125
typespec,7801,a25979764685d84feaba896f9562392a,6,6,8,unique_mei,0.75,0.125
typespec,7801,ae4cdf9d0130e7fbb6c9d1a32569fed4,6,6,8,unique_mei,0.75,0.125
typespec,7801,07432ade3598faab40d5ba22595e55d3,6,6,8,unique_mei,0.75,0.125
typespec,7801,ae4cdf9d0130e7fbb6c9d1a32569fed4,6,6,8,unique_mei,0.75,0.125
typespec,7801,e5bf5d4ebeef81e7c4ab20b2f7d98082,6,6,8,unique_mei,0.75,0.125
typespec,7801,e5bf5d4ebeef81e7c4ab20b2f7d98082,6,6,8,unique_mei,0.75,0.125
typespec,7801,9e6c0dbeb46171763b2d3608fdcac029,6,6,8,unique_mei,0.75,0.125
typespec,7801,e5bf5d4ebeef81e7c4ab20b2f7d98082,6,6,8,unique_mei,0.75,0.125
typespec,7801,e5bf5d4ebeef81e7c4ab20b2f7d98082,6,6,8,unique_mei,0.75,0.125
typespec,7801,0220a580e9623c0aff5a350e692182b3,6,6,8,unique_mei,0.75,0.125
typespec,7801,e5bf5d4ebeef81e7c4ab20b2f7d98082,6,6,8,unique_mei,0.75,0.125
typespec,7801,ac23d0f65b335ebff6a37d6c2a3abe7a,6,6,8,unique_mei,0.75,0.125
typespec,7801,e5bf5d4ebeef81e7c4ab20b2f7d98082,6,6,8,unique_mei,0.75,0.125
typespec,7801,07432ade3598faab40d5ba22595e55d3,6,6,8,unique_mei,0.75,0.125
typespec,7801,ae4cdf9d0130e7fbb6c9d1a32569fed4,6,6,8,unique_mei,0.75,0.125
typespec,7801,e5bf5d4ebeef81e7c4ab20b2f7d98082,6,6,8,unique_mei,0.75,0.125
typespec,7801,7515292ed95a6d5a79d538425cf00dc8,6,6,8,unique_mei,0.75,0.125
typespec,7801,ae4cdf9d0130e7fbb6c9d1a32569fed4,6,6,8,unique_mei,0.75,0.125
typespec,7801,0220a580e9623c0aff5a350e692182b3,6,6,8,unique_mei,0.75,0.125
typespec,7801,e5bf5d4ebeef81e7c4ab20b2f7d98082,6,6,8,unique_mei,0.75,0.125
typespec,7801,bb753ea12224811d8129cdfda905c42a,6,6,8,unique_mei,0.75,0.125
typespec,7801,e5bf5d4ebeef81e7c4ab20b2f7d98082,6,6,8,unique_mei,0.75,0.125
typespec,7801,07432ade3598faab40d5ba22595e55d3,6,6,8,unique_mei,0.75,0.125
typespec,7801,ae4cdf9d0130e7fbb6c9d1a32569fed4,6,6,8,unique_mei,0.75,0.125
typespec,7801,1459d93741efc7f7853f0b934d9aaf80,6,6,8,unique_mei,0.75,0.125
typespec,7801,e5bf5d4ebeef81e7c4ab20b2f7d98082,6,6,8,unique_mei,0.75,0.125
typespec,7801,0220a580e9623c0aff5a350e692182b3,6,6,8,unique_mei,0.75,0.125
typespec,7801,07432ade3598faab40d5ba22595e55d3,6,6,8,unique_mei,0.75,0.125
typespec,7801,ec7da0bb7a12f232a35ea148fd760c94,6,6,8,unique_mei,0.75,0.125
typespec,7801,d6785db919b4e23d09640caacb1f3ca6,6,6,8,unique_mei,0.75,0.125
typespec,7801,e5bf5d4ebeef81e7c4ab20b2f7d98082,6,6,8,unique_mei,0.75,0.125
typespec,7801,e5bf5d4ebeef81e7c4ab20b2f7d98082,6,6,8,unique_mei,0.75,0.125
typespec,7801,ae4cdf9d0130e7fbb6c9d1a32569fed4,6,6,8,unique_mei,0.75,0.125
typespec,7801,f5882cf68225a56699b83accff7cf341,6,6,8,unique_mei,0.75,0.125
typespec,7801,9e6c0dbeb46171763b2d3608fdcac029,6,6,8,unique_mei,0.75,0.125
typespec,7801,d0319311b7e489716d0fea1747aa5302,6,6,8,unique_mei,0.75,0.125
typespec,7801,1459d93741efc7f7853f0b934d9aaf80,6,6,8,unique_mei,0.75,0.125
typespec,7801,e5bf5d4ebeef81e7c4ab20b2f7d98082,6,6,8,unique_mei,0.75,0.125
typespec,7801,4c2f6c0f3ea3df63a3763b15c9f1c56a,6,6,8,unique_mei,0.75,0.125
typespec,7801,3d150d9969e5183ab03219c91589e161,6,6,8,unique_mei,0.75,0.125
typespec,7801,ac23d0f65b335ebff6a37d6c2a3abe7a,6,6,8,unique_mei,0.75,0.125
typespec,7801,b6ff4a18405fdb735c036722316580c7,6,6,8,unique_mei,0.75,0.125
typespec,7801,ac23d0f65b335ebff6a37d6c2a3abe7a,6,6,8,unique_mei,0.75,0.125
typespec,7801,17ca2d09c17c9b8d259fd4afc893a9bf,7,7,8,unique_mei,0.875,0.125
typespec,7801,17ca2d09c17c9b8d259fd4afc893a9bf,7,7,8,unique_mei,0.875,0.125
typespec,7801,17ca2d09c17c9b8d259fd4afc893a9bf,7,7,8,unique_mei,0.875,0.125
typespec,7801,ae44447bad6e0d02b7fc29de9ee7588b,7,8,8,mei_final,0.875,0.25
typespec,7801,0ec8f57013bf44e6c2e8588aa915ced3,7,8,8,mei_final,0.875,0.25
typespec,7801,4f58ae98247032d6105836d9776090cb,7,8,8,mei_final,0.875,0.25
typespec,7801,51595c327ed3995b5e109120e363283a,7,8,8,mei_final,0.875,0.25
typespec,7801,0b7d86afb58575c13377767c5cc9c03c,7,8,8,mei_final,0.875,0.25
typespec,7801,d06de0e1da8fb7d055c83fc7b23bd8bf,7,8,8,mei_final,0.875,0.25
typespec,7801,9fab890f56623ee41c3471d2a2412579,7,8,8,mei_final,0.875,0.25
typespec,7801,0b7d86afb58575c13377767c5cc9c03c,7,8,8,mei_final,0.875,0.25
typespec,7801,9a17acb9ef6cfcb65678f825ea10a29b,7,8,8,mei_final,0.875,0.25
typespec,7801,d06de0e1da8fb7d055c83fc7b23bd8bf,7,8,8,mei_final,0.875,0.25
typespec,7801,5a5faec91cdfcbe9d4567c9a203c94e6,7,8,8,mei_final,0.875,0.25
typespec,7801,0b7d86afb58575c13377767c5cc9c03c,7,8,8,mei_final,0.875,0.25
typespec,7801,ad7a275d9c9c43b0710024a33c25b8bb,7,8,8,mei_final,0.875,0.25
typespec,7801,0dc1595989017144fb817678f6707676,7,8,8,mei_final,0.875,0.25
typespec,7801,34e9f4df2be59a4a758dde7649ff2ebf,7,8,8,mei_final,0.875,0.25
typespec,7801,239eb3ecdb9a85dde057f8310ed83558,7,8,8,mei_final,0.875,0.25
typespec,7801,e3fa34ef5f6d19aa23c0fd5c73a96148,7,8,8,mei_final,0.875,0.25
typespec,7801,390369cd7195c7ed50ded200bc317adf,7,8,8,mei_final,0.875,0.25
typespec,7801,0c319c43330980fb7709e178a5469a20,7,8,8,mei_final,0.875,0.25
typespec,7801,ab064c7e6f87c91026fc0b60959386bd,7,8,8,mei_final,0.875,0.25
typespec,7801,868fb084d5a3f5870fd35c4b72a35578,7,8,8,mei_final,0.875,0.25
typespec,7801,da48372ab4293447f147609a76a79082,7,8,8,mei_final,0.875,0.25
typespec,7801,390369cd7195c7ed50ded200bc317adf,7,8,8,mei_final,0.875,0.25
typespec,7801,ab064c7e6f87c91026fc0b60959386bd,7,8,8,mei_final,0.875,0.25
typespec,7801,75712d8205a78583fdddf2f12946bd37,7,8,8,mei_final,0.875,0.25
typespec,7801,51595c327ed3995b5e109120e363283a,7,8,8,mei_final,0.875,0.25
typespec,7801,32b1d81e3d72f7745493a32cdf4fad3e,7,8,8,mei_final,0.875,0.25
typespec,7801,7a3fbfffceea5fce3dcde2be64a5a698,7,8,8,mei_final,0.875,0.25
typespec,7801,6b91d157cc847f582941fcad66de032a,7,8,8,mei_final,0.875,0.25
typespec,7801,51595c327ed3995b5e109120e363283a,7,8,8,mei_final,0.875,0.25
typespec,7801,0ddd41cb1dfd189950b158dc1388ec29,7,8,8,mei_final,0.875,0.25
typespec,7801,d716951b335ae7787f4ab4188cbeede3,7,8,8,mei_final,0.875,0.25
typespec,7801,868fb084d5a3f5870fd35c4b72a35578,7,8,8,mei_final,0.875,0.25
typespec,7801,239eb3ecdb9a85dde057f8310ed83558,7,8,8,mei_final,0.875,0.25
typespec,7801,51595c327ed3995b5e109120e363283a,7,8,8,mei_final,0.875,0.25
typespec,7801,9973cd645a806ff032b36a33465d3f6b,7,8,8,mei_final,0.875,0.25
typespec,7801,26e232a051fe59a0ababda0258370a43,7,8,8,mei_final,0.875,0.25
typespec,7801,8fea4dcb5b653cb4444959f13695cdca,7,8,8,mei_final,0.875,0.25
typespec,7801,106565d1f5d28e46f21cf690c47dbabb,7,8,8,mei_final,0.875,0.25
typespec,7801,a96fa6a3cc45d250f75af8a32a52df7a,7,8,8,mei_final,0.875,0.25
typespec,7801,51595c327ed3995b5e109120e363283a,7,8,8,mei_final,0.875,0.25
typespec,7801,53eb737bf67997600a80b2195c9d47bb,7,8,8,mei_final,0.875,0.25
typespec,7801,ab064c7e6f87c91026fc0b60959386bd,7,8,8,mei_final,0.875,0.25
typespec,7801,0ec8f57013bf44e6c2e8588aa915ced3,7,8,8,mei_final,0.875,0.25
typespec,7801,35fd02453a238702f1cd9dbbefb524bb,7,8,8,mei_final,0.875,0.25
typespec,7801,5e7245f731e3795d8452c19c0a3079c8,7,8,8,mei_final,0.875,0.25
typespec,7801,ad7a275d9c9c43b0710024a33c25b8bb,7,8,8,mei_final,0.875,0.25
typespec,7801,05a8bf77c1c84a3bf2656959657a0bbd,7,8,8,mei_final,0.875,0.25
typespec,7801,1751d98b2eccd4e4581b90bd57f711e8,7,8,8,mei_final,0.875,0.25
typespec,7801,856ee92f778d44fed43398e6cc6921db,7,8,8,mei_final,0.875,0.25
typespec,7801,53eb737bf67997600a80b2195c9d47bb,7,8,8,mei_final,0.875,0.25
typespec,7801,74a05b8cae6909585b6fa8863e6802fa,7,8,8,mei_final,0.875,0.25
typespec,7801,5ce7b3028fc0a9f737954a93ce4589f0,7,8,8,mei_final,0.875,0.25
typespec,7801,cc58e746e31077322159443e17edd6ad,7,8,8,mei_final,0.875,0.25
typespec,7801,50e20f085b084dbba416eb0b7333a423,7,8,8,mei_final,0.875,0.25
typespec,7801,ad7a275d9c9c43b0710024a33c25b8bb,7,8,8,mei_final,0.875,0.25
typespec,7801,51595c327ed3995b5e109120e363283a,7,8,8,mei_final,0.875,0.25
typespec,7801,80c5ed59a7ab950cf045f48c9c13b3d7,7,8,8,mei_final,0.875,0.25
typespec,7801,a96fa6a3cc45d250f75af8a32a52df7a,7,8,8,mei_final,0.875,0.25
typespec,7801,356dcfb5ea15742505647dea70453dc2,7,8,8,mei_final,0.875,0.25
typespec,7801,bd4f4277d36e272439f386f0b2a208b5,7,8,8,mei_final,0.875,0.25
typespec,7801,d06de0e1da8fb7d055c83fc7b23bd8bf,7,8,8,mei_final,0.875,0.25
typespec,7801,ab064c7e6f87c91026fc0b60959386bd,7,8,8,mei_final,0.875,0.25
typespec,7801,27b0f9d4e9766d0bbcfbc2a9e1c14001,7,8,8,mei_final,0.875,0.25
typespec,7801,fdc8880660f709f5f2aa810b17f3d116,7,8,8,mei_final,0.875,0.25
typespec,7801,5bbb827b0c5cb78bff09ed13d2f7367f,7,8,8,mei_final,0.875,0.25
typespec,7801,6d294a561485756a747d4434b18797bf,7,8,8,mei_final,0.875,0.25
typespec,7801,9d9b6d200f511f7ccd0ffa07541fb2cc,7,8,8,mei_final,0.875,0.25
typespec,7801,0b7d86afb58575c13377767c5cc9c03c,7,8,8,mei_final,0.875,0.25
typespec,7801,51595c327ed3995b5e109120e363283a,7,8,8,mei_final,0.875,0.25
typespec,7801,5fec6ccd87dff7c6d53f0248371f5362,7,8,8,mei_final,0.875,0.25
typespec,7801,51595c327ed3995b5e109120e363283a,7,8,8,mei_final,0.875,0.25
typespec,7801,ad7a275d9c9c43b0710024a33c25b8bb,7,8,8,mei_final,0.875,0.25
typespec,7801,d6b8a3d7f6da8eb23a7199eadee46404,7,8,8,mei_final,0.875,0.25
typespec,7801,c96644d26b04541c15b56a8ee46c3b50,7,8,8,mei_final,0.875,0.25
typespec,7801,ad7a275d9c9c43b0710024a33c25b8bb,7,8,8,mei_final,0.875,0.25
typespec,7801,0cc028e1793c87e601982e29602a9957,7,8,8,mei_final,0.875,0.25
typespec,7801,ad7a275d9c9c43b0710024a33c25b8bb,7,8,8,mei_final,0.875,0.25
typespec,7801,004526bdb9f2c6cff538eb5765f053e6,7,8,8,mei_final,0.875,0.25
typespec,7801,9ef48a38396329cb467c782fccffafa8,7,8,8,mei_final,0.875,0.25
typespec,7801,f514cf96ddda2442e9a61476b9d59a91,7,8,8,mei_final,0.875,0.25
typespec,7801,77f0a61bbce24837a243952e2d3b64fc,7,8,8,mei_final,0.875,0.25
typespec,7801,ab064c7e6f87c91026fc0b60959386bd,7,8,8,mei_final,0.875,0.25
typespec,7801,0db9335de782c46362b353224fbef277,7,8,8,mei_final,0.875,0.25
typespec,7801,e0713b3bbcf1189da207fbb28863719c,7,8,8,mei_final,0.875,0.25
typespec,7801,b28f671c37cc4a3fefa7350e73c2d64e,7,8,8,mei_final,0.875,0.25
typespec,7801,5237b3eded6713f09fbd64c577c53fd2,7,8,8,mei_final,0.875,0.25
typespec,7801,6260b338417d897f3b2e3b267ce8d059,7,8,8,mei_final,0.875,0.25
typespec,7801,0b7d86afb58575c13377767c5cc9c03c,7,8,8,mei_final,0.875,0.25
typespec,7801,344cc935d04889c9aa2416d8e6b639e8,7,8,8,mei_final,0.875,0.25
typespec,7801,e4c030ebb6363f2d156de6293ae8e17c,7,8,8,mei_final,0.875,0.25
typespec,7801,51595c327ed3995b5e109120e363283a,7,8,8,mei_final,0.875,0.25
typespec,7801,9ef48a38396329cb467c782fccffafa8,7,8,8,mei_final,0.875,0.25
typespec,7801,1b5176537d07dc899d8393b458d029c5,7,8,8,mei_final,0.875,0.25
typespec,7801,c186ac03aa74ce332c20ed6765bc1c2c,7,8,8,mei_final,0.875,0.25
typespec,7801,ad7a275d9c9c43b0710024a33c25b8bb,7,8,8,mei_final,0.875,0.25
typespec,7801,6f8899aac440fc4ba48a59edc0c37d94,7,8,8,mei_final,0.875,0.25
typespec,7801,0ddd41cb1dfd189950b158dc1388ec29,7,8,8,mei_final,0.875,0.25
typespec,7801,ad7a275d9c9c43b0710024a33c25b8bb,7,8,8,mei_final,0.875,0.25
typespec,7801,65fc4d37c9db96b616eb26f182d0b19f,7,8,8,mei_final,0.875,0.25
typespec,7801,ad7a275d9c9c43b0710024a33c25b8bb,7,8,8,mei_final,0.875,0.25
typespec,7801,776523d3ced5330a678381dbaceb383c,7,8,8,mei_final,0.875,0.25
typespec,7801,ad7a275d9c9c43b0710024a33c25b8bb,7,8,8,mei_final,0.875,0.25
typespec,7801,ad7a275d9c9c43b0710024a33c25b8bb,7,8,8,mei_final,0.875,0.25
typespec,7801,a4e3549c7d7adf3ccf5f292b13679092,7,8,8,mei_final,0.875,0.25
typespec,7801,0cc028e1793c87e601982e29602a9957,7,8,8,mei_final,0.875,0.25
typespec,7801,9e1a1662f2166940f492be9df6ecdcee,7,8,8,mei_final,0.875,0.25
typespec,7801,ab064c7e6f87c91026fc0b60959386bd,7,8,8,mei_final,0.875,0.25
typespec,7801,b83d6b471a80e4fb46463f35d383b1f4,7,8,8,mei_final,0.875,0.25
typespec,7801,736b4ca1cd4b304958b0226032721fc7,7,8,8,mei_final,0.875,0.25
typespec,7801,a78b956dc7c5a7b44865dbdebd9e439c,7,8,8,mei_final,0.875,0.25
typespec,7801,118c609a83a69faa11386ce33f0fcda4,7,8,8,mei_final,0.875,0.25
typespec,7801,1dea57d58e1cbe5c0ad1b6bb73501a3f,7,8,8,mei_final,0.875,0.25
typespec,7801,0b7d86afb58575c13377767c5cc9c03c,7,8,8,mei_final,0.875,0.25
typespec,7801,68f1c637a25cec4b9844809b33392de7,7,8,8,mei_final,0.875,0.25
typespec,7801,ac2d4d1ec778ab03f741b91cbadcddac,7,8,8,mei_final,0.875,0.25
typespec,7801,2356405ae240cc45f46782c7e3908baa,7,8,8,mei_final,0.875,0.25
typespec,7801,2f9ac8d4cb49a4081fff5a82608b2483,7,8,8,mei_final,0.875,0.25
typespec,7801,0b7d86afb58575c13377767c5cc9c03c,7,8,8,mei_final,0.875,0.25
typespec,7801,2973ed2783bf74e80612f9dfde521eb8,7,8,8,mei_final,0.875,0.25
typespec,7801,17251d70976d28ced5f5342e284bfbbd,7,8,8,mei_final,0.875,0.25
typespec,7801,b4ff20ec614060a9a37164571c7e48bb,7,8,8,mei_final,0.875,0.25
typespec,7801,51d2c46cdd56a6e5e0422119c9521cfc,7,8,8,mei_final,0.875,0.25
typespec,7801,ab064c7e6f87c91026fc0b60959386bd,7,8,8,mei_final,0.875,0.25
typespec,7801,ab064c7e6f87c91026fc0b60959386bd,7,8,8,mei_final,0.875,0.25
typespec,7801,776523d3ced5330a678381dbaceb383c,7,8,8,mei_final,0.875,0.25
typespec,7801,351ce2a3402b24ea58b05c77c74c953b,7,8,8,mei_final,0.875,0.25
typespec,7801,ab064c7e6f87c91026fc0b60959386bd,7,8,8,mei_final,0.875,0.25
typespec,7801,0cc028e1793c87e601982e29602a9957,7,8,8,mei_final,0.875,0.25
typespec,7801,51595c327ed3995b5e109120e363283a,7,8,8,mei_final,0.875,0.25
typespec,7801,fcf087647b692885b37b5d48f6d3b180,7,8,8,mei_final,0.875,0.25
typespec,7801,ab064c7e6f87c91026fc0b60959386bd,7,8,8,mei_final,0.875,0.25
typespec,7801,8a5d4fb20adee7e81a06b60d55925877,7,8,8,mei_final,0.875,0.25
typespec,7801,ad7a275d9c9c43b0710024a33c25b8bb,7,8,8,mei_final,0.875,0.25
typespec,7801,51595c327ed3995b5e109120e363283a,7,8,8,mei_final,0.875,0.25
typespec,7801,ad7a275d9c9c43b0710024a33c25b8bb,7,8,8,mei_final,0.875,0.25
typespec,7801,524c4910b039c35a6d8d00a56764bfb3,7,8,8,mei_final,0.875,0.25
typespec,7801,b0ca204203ed44da4cbbd8581ea00baf,7,8,8,mei_final,0.875,0.25
typespec,7801,065c5d29eeb83ad0d8556c1c7fddfb46,7,8,8,mei_final,0.875,0.25
typespec,7801,ca540e1ad1db3443f2bcad5226f7cfc2,7,8,8,mei_final,0.875,0.25
typespec,7801,dc1c99646d97e3f9bdf9189f4b54adc8,7,8,8,mei_final,0.875,0.25
typespec,7801,7b96708fefa8579806ff19e1884eecce,7,8,8,mei_final,0.875,0.25
typespec,7801,51595c327ed3995b5e109120e363283a,7,8,8,mei_final,0.875,0.25
typespec,7801,51595c327ed3995b5e109120e363283a,7,8,8,mei_final,0.875,0.25
typespec,7801,b4ff20ec614060a9a37164571c7e48bb,7,8,8,mei_final,0.875,0.25
typespec,7801,51595c327ed3995b5e109120e363283a,7,8,8,mei_final,0.875,0.25
typespec,7801,6d0eae35494c86a0b000267e39142ebc,7,8,8,mei_final,0.875,0.25
typespec,7801,0b7d86afb58575c13377767c5cc9c03c,7,8,8,mei_final,0.875,0.25
typespec,7801,390369cd7195c7ed50ded200bc317adf,7,8,8,mei_final,0.875,0.25
typespec,7801,0b54d63f66364bca53d2b6b8cbcd9133,7,8,8,mei_final,0.875,0.25
typespec,7801,ed84c7918853fc2641ad4a40bf09245f,7,8,8,mei_final,0.875,0.25
typespec,7801,ad7a275d9c9c43b0710024a33c25b8bb,7,8,8,mei_final,0.875,0.25
typespec,7801,1751d98b2eccd4e4581b90bd57f711e8,7,8,8,mei_final,0.875,0.25
typespec,7801,b474b7d7ad18d8e1eeaeaff08cf6fa37,7,8,8,mei_final,0.875,0.25
typespec,7801,0cc028e1793c87e601982e29602a9957,7,8,8,mei_final,0.875,0.25
typespec,7801,0b7d86afb58575c13377767c5cc9c03c,7,8,8,mei_final,0.875,0.25
typespec,7801,0b7d86afb58575c13377767c5cc9c03c,7,8,8,mei_final,0.875,0.25
typespec,7801,79c70b5649efcaa309d0b52cf5b5a946,7,8,8,mei_final,0.875,0.25
typespec,7801,34411365654923a99536ba59de4f5884,7,8,8,mei_final,0.875,0.25
typespec,7801,67f38b7ecdcdee1b7a20dfcd1bf4afcb,7,8,8,mei_final,0.875,0.25
typespec,7801,5ecd9aa09b2218928e9ee60337e0c316,7,8,8,mei_final,0.875,0.25
typespec,7801,702e46e3b30bcf0b0f2ebc197fa4f607,7,8,8,mei_final,0.875,0.25
typespec,7801,5d3a91fc51faae0ef56b43db44fca05e,7,8,8,mei_final,0.875,0.25
typespec,7801,74a05b8cae6909585b6fa8863e6802fa,7,8,8,mei_final,0.875,0.25
typespec,7801,51595c327ed3995b5e109120e363283a,7,8,8,mei_final,0.875,0.25
typespec,7801,5bb4723d2109ce400ceb2fd21db5a978,7,8,8,mei_final,0.875,0.25
typespec,7801,32b1d81e3d72f7745493a32cdf4fad3e,7,8,8,mei_final,0.875,0.25
typespec,7801,5ecd9aa09b2218928e9ee60337e0c316,7,8,8,mei_final,0.875,0.25
typespec,7801,66ded3c3ad5bb1ec21a18c84820ff3ff,7,8,8,mei_final,0.875,0.25
typespec,7801,922c9e9243089f1a54d1f4f98d31ad46,7,8,8,mei_final,0.875,0.25
typespec,7801,3207b5124297254a80971913c3d1d1b4,7,8,8,mei_final,0.875,0.25
typespec,7801,b6632fe965c053c9ce31d34b2d94db4a,7,8,8,mei_final,0.875,0.25
typespec,7801,702e46e3b30bcf0b0f2ebc197fa4f607,7,8,8,mei_final,0.875,0.25
typespec,7801,0ec8f57013bf44e6c2e8588aa915ced3,7,8,8,mei_final,0.875,0.25
typespec,7801,0b7d86afb58575c13377767c5cc9c03c,7,8,8,mei_final,0.875,0.25
typespec,7801,6d0eae35494c86a0b000267e39142ebc,7,8,8,mei_final,0.875,0.25
typespec,7801,e0cc22de1351e9725e558984f73344d8,7,8,8,mei_final,0.875,0.25
typespec,7801,0cc028e1793c87e601982e29602a9957,7,8,8,mei_final,0.875,0.25
typespec,7801,d865d6f6c3ec79dbc54a15a335598a77,7,8,8,mei_final,0.875,0.25
typespec,7801,2c13f66151019fbfc0d7afb3890aac2d,7,8,8,mei_final,0.875,0.25
typespec,7801,ad7a275d9c9c43b0710024a33c25b8bb,7,8,8,mei_final,0.875,0.25
typespec,7801,ed84c7918853fc2641ad4a40bf09245f,7,8,8,mei_final,0.875,0.25
typespec,7801,ad7a275d9c9c43b0710024a33c25b8bb,7,8,8,mei_final,0.875,0.25
typespec,7801,65fc4d37c9db96b616eb26f182d0b19f,7,8,8,mei_final,0.875,0.25
typespec,7801,05a8bf77c1c84a3bf2656959657a0bbd,7,8,8,mei_final,0.875,0.25
typespec,7801,553e928a9ff0ada6981bb9d2d5324bec,7,8,8,mei_final,0.875,0.25
typespec,7801,ab064c7e6f87c91026fc0b60959386bd,7,8,8,mei_final,0.875,0.25
typespec,7801,736b4ca1cd4b304958b0226032721fc7,7,8,8,mei_final,0.875,0.25
typespec,7801,97858098342a44c2400195ad526c1662,7,8,8,mei_final,0.875,0.25
typespec,7801,e5438fca2dcd32ae5a20af3356d54729,7,8,8,mei_final,0.875,0.25
typespec,7801,5ecd9aa09b2218928e9ee60337e0c316,7,8,8,mei_final,0.875,0.25
typespec,7801,34e9f4df2be59a4a758dde7649ff2ebf,7,8,8,mei_final,0.875,0.25
typespec,7801,19c23d54c655393cb9c1afd9a05e30b5,7,8,8,mei_final,0.875,0.25
typespec,7801,b83d6b471a80e4fb46463f35d383b1f4,7,8,8,mei_final,0.875,0.25
typespec,7801,9d622bab1320bebee661e68f791cb7f4,7,8,8,mei_final,0.875,0.25
typespec,7801,1bf657025f6617a2d20807a2029ded7d,7,8,8,mei_final,0.875,0.25
typespec,7801,776523d3ced5330a678381dbaceb383c,7,8,8,mei_final,0.875,0.25
typespec,7801,ee2533a8ead14fb56087d4616e35fe0f,7,8,8,mei_final,0.875,0.25
typespec,7801,2356405ae240cc45f46782c7e3908baa,7,8,8,mei_final,0.875,0.25
typespec,7801,a513d34c0e1c22be212e1601955b7fa9,7,8,8,mei_final,0.875,0.25
typespec,7801,6f8899aac440fc4ba48a59edc0c37d94,7,8,8,mei_final,0.875,0.25
typespec,7801,7792c9dc0ef5687c126a4834e2bf7237,7,8,8,mei_final,0.875,0.25
typespec,7801,b83d6b471a80e4fb46463f35d383b1f4,7,8,8,mei_final,0.875,0.25
typespec,7801,5b879b6b8637841dda620ec687e47823,7,8,8,mei_final,0.875,0.25
typespec,7801,0ec8f57013bf44e6c2e8588aa915ced3,7,8,8,mei_final,0.875,0.25
typespec,7801,c832da3528c0efb3c5864dc2fff42509,7,8,8,mei_final,0.875,0.25
typespec,7801,ee94a87314222938735df7a0298d78b4,7,8,8,mei_final,0.875,0.25
typespec,7801,94dd114d5f4a2d9405eba8f3a7cb07b9,7,8,8,mei_final,0.875,0.25
typespec,7801,390369cd7195c7ed50ded200bc317adf,7,8,8,mei_final,0.875,0.25
typespec,7801,51595c327ed3995b5e109120e363283a,7,8,8,mei_final,0.875,0.25
typespec,7801,12dcaee45558a309480904b072d84a29,7,8,8,mei_final,0.875,0.25
typespec,7801,d6c93abe14d6c75ece9875c374cfa868,7,8,8,mei_final,0.875,0.25
typespec,7801,ad7a275d9c9c43b0710024a33c25b8bb,7,8,8,mei_final,0.875,0.25
typespec,7801,390369cd7195c7ed50ded200bc317adf,7,8,8,mei_final,0.875,0.25
typespec,7801,67f38b7ecdcdee1b7a20dfcd1bf4afcb,7,8,8,mei_final,0.875,0.25
typespec,7801,0b7d86afb58575c13377767c5cc9c03c,7,8,8,mei_final,0.875,0.25
typespec,7801,34f3331441ab36512205fcd728aa0644,7,8,8,mei_final,0.875,0.25
typespec,7801,51595c327ed3995b5e109120e363283a,7,8,8,mei_final,0.875,0.25
typespec,7801,ad7a275d9c9c43b0710024a33c25b8bb,7,8,8,mei_final,0.875,0.25
typespec,7801,b83d6b471a80e4fb46463f35d383b1f4,7,8,8,mei_final,0.875,0.25
typespec,7801,e7b7b016b7d9ede6c6a1c1acd33e12d3,7,8,8,mei_final,0.875,0.25
typespec,7801,ab064c7e6f87c91026fc0b60959386bd,7,8,8,mei_final,0.875,0.25
typespec,7801,ab064c7e6f87c91026fc0b60959386bd,7,8,8,mei_final,0.875,0.25
typespec,7801,02ece6449f50f06401807a8dc75a2f4a,7,8,8,mei_final,0.875,0.25
typespec,7801,ab064c7e6f87c91026fc0b60959386bd,7,8,8,mei_final,0.875,0.25
typespec,7801,d06de0e1da8fb7d055c83fc7b23bd8bf,7,8,8,mei_final,0.875,0.25
typespec,7801,5f6d3f00fbe695e0c5c819b072d57ac6,7,8,8,mei_final,0.875,0.25
typespec,7801,cd99c87188e8244a109ff66590d4f294,7,8,8,mei_final,0.875,0.25
typespec,7801,74a05b8cae6909585b6fa8863e6802fa,7,8,8,mei_final,0.875,0.25
typespec,7801,1751d98b2eccd4e4581b90bd57f711e8,7,8,8,mei_final,0.875,0.25
typespec,7801,c7b6725833a8c617764e4fc9184d9b58,7,8,8,mei_final,0.875,0.25
typespec,7801,239eb3ecdb9a85dde057f8310ed83558,7,8,8,mei_final,0.875,0.25
typespec,7801,62ac7b10ef24570df8224914cd220204,7,8,8,mei_final,0.875,0.25
typespec,7801,8ee9c80b8b65d83148a05e0103aa90ca,7,8,8,mei_final,0.875,0.25
typespec,7801,31b76990bcc6066433d8d7bf6de5fdc0,7,8,8,mei_final,0.875,0.25
typespec,7801,6a2f4d20387465be1add97f4b374b4e8,7,8,8,mei_final,0.875,0.25
typespec,7801,3458162cf48d85a4d6fc3dfe1af4b5f7,7,8,8,mei_final,0.875,0.25
typespec,7801,ab064c7e6f87c91026fc0b60959386bd,7,8,8,mei_final,0.875,0.25
typespec,7801,fcf087647b692885b37b5d48f6d3b180,7,8,8,mei_final,0.875,0.25
typespec,7801,24ea1d200d1b4b8c1b27b79869664100,7,8,8,mei_final,0.875,0.25
typespec,7801,6fe778b54783c68f2eebafb6fcafd8c4,7,8,8,mei_final,0.875,0.25
typespec,7801,e0cd4a0538fd2a3ee0b4f9574cfdcbe8,7,8,8,mei_final,0.875,0.25
typespec,7801,51595c327ed3995b5e109120e363283a,7,8,8,mei_final,0.875,0.25
typespec,7801,ad7a275d9c9c43b0710024a33c25b8bb,7,8,8,mei_final,0.875,0.25
typespec,7801,106565d1f5d28e46f21cf690c47dbabb,7,8,8,mei_final,0.875,0.25
typespec,7801,70a3a7b5de0f4b20aa5a18e9ef99250c,7,8,8,mei_final,0.875,0.25
typespec,7801,bd4f4277d36e272439f386f0b2a208b5,7,8,8,mei_final,0.875,0.25
typespec,7801,34e9f4df2be59a4a758dde7649ff2ebf,7,8,8,mei_final,0.875,0.25
typespec,7801,de16b63a2cdd041ece7de8625789cc9d,7,8,8,mei_final,0.875,0.25
typespec,7801,239eb3ecdb9a85dde057f8310ed83558,7,8,8,mei_final,0.875,0.25
typespec,7801,ad7a275d9c9c43b0710024a33c25b8bb,7,8,8,mei_final,0.875,0.25
typespec,7801,67f38b7ecdcdee1b7a20dfcd1bf4afcb,7,8,8,mei_final,0.875,0.25
typespec,7801,0b7d86afb58575c13377767c5cc9c03c,7,8,8,mei_final,0.875,0.25
typespec,7801,308cbf528a262da36ed384202bea4d29,7,8,8,mei_final,0.875,0.25
typespec,7801,51398ceae7102538e3ff76100ee6e0ff,7,8,8,mei_final,0.875,0.25
typespec,7801,51595c327ed3995b5e109120e363283a,7,8,8,mei_final,0.875,0.25
typespec,7801,0ec8f57013bf44e6c2e8588aa915ced3,7,8,8,mei_final,0.875,0.25
typespec,7801,8ee9c80b8b65d83148a05e0103aa90ca,7,8,8,mei_final,0.875,0.25
typespec,7801,ab064c7e6f87c91026fc0b60959386bd,7,8,8,mei_final,0.875,0.25
typespec,7801,1261c1cbab70867c19c33d2b0c4d3303,7,8,8,mei_final,0.875,0.25
typespec,7801,ad7a275d9c9c43b0710024a33c25b8bb,7,8,8,mei_final,0.875,0.25
typespec,7801,91d20f0087ea8518389853916affadae,7,8,8,mei_final,0.875,0.25
typespec,7801,9e1a1662f2166940f492be9df6ecdcee,7,8,8,mei_final,0.875,0.25
typespec,7801,b83d6b471a80e4fb46463f35d383b1f4,7,8,8,mei_final,0.875,0.25
typespec,7801,ad7a275d9c9c43b0710024a33c25b8bb,7,8,8,mei_final,0.875,0.25
typespec,7801,87df0e8bb853aec60d4da5b72de8fe2a,7,8,8,mei_final,0.875,0.25
typespec,7801,8ca66661bd8604188344b4157ca3d47c,7,8,8,mei_final,0.875,0.25
typespec,7801,5f6d3f00fbe695e0c5c819b072d57ac6,7,8,8,mei_final,0.875,0.25
typespec,7801,859132e663ac22ab871c8888c5f3abb7,7,8,8,mei_final,0.875,0.25
typespec,7801,b629d62711dd438b1821aed3933542ce,7,8,8,mei_final,0.875,0.25
typespec,7801,ab064c7e6f87c91026fc0b60959386bd,7,8,8,mei_final,0.875,0.25
typespec,7801,51595c327ed3995b5e109120e363283a,7,8,8,mei_final,0.875,0.25
typespec,7801,d716951b335ae7787f4ab4188cbeede3,7,8,8,mei_final,0.875,0.25
typespec,7801,0b7d86afb58575c13377767c5cc9c03c,7,8,8,mei_final,0.875,0.25
typespec,7801,54b85ff56a84bf3e2bc8ad8d256c7833,7,8,8,mei_final,0.875,0.25
typespec,7801,390369cd7195c7ed50ded200bc317adf,7,8,8,mei_final,0.875,0.25
typespec,7801,390369cd7195c7ed50ded200bc317adf,7,8,8,mei_final,0.875,0.25
typespec,7801,5f6d3f00fbe695e0c5c819b072d57ac6,7,8,8,mei_final,0.875,0.25
typespec,7801,62ac7b10ef24570df8224914cd220204,7,8,8,mei_final,0.875,0.25
typespec,7801,7df8c6e7e7553e8215cad8d9a2040c1b,7,8,8,mei_final,0.875,0.25
typespec,7801,ad7a275d9c9c43b0710024a33c25b8bb,7,8,8,mei_final,0.875,0.25
typespec,7801,ccf5fedc0d5fc3a9c05bcc8166bd89bf,7,8,8,mei_final,0.875,0.25
typespec,7801,796c82d9175be40aeb64b2fc356b3496,7,8,8,mei_final,0.875,0.25
typespec,7801,27b0f9d4e9766d0bbcfbc2a9e1c14001,7,8,8,mei_final,0.875,0.25
typespec,7801,e3fa34ef5f6d19aa23c0fd5c73a96148,7,8,8,mei_final,0.875,0.25
typespec,7801,ad7a275d9c9c43b0710024a33c25b8bb,7,8,8,mei_final,0.875,0.25
typespec,7801,0b54d63f66364bca53d2b6b8cbcd9133,7,8,8,mei_final,0.875,0.25
typespec,7801,62d45a7c090375cbf68bfb3c510b12c3,7,8,8,mei_final,0.875,0.25
typespec,7801,51595c327ed3995b5e109120e363283a,7,8,8,mei_final,0.875,0.25
typespec,7801,66ded3c3ad5bb1ec21a18c84820ff3ff,7,8,8,mei_final,0.875,0.25
typespec,7801,7125d262c1d935a6f8b4aa68575836f8,7,8,8,mei_final,0.875,0.25
typespec,7801,0cc028e1793c87e601982e29602a9957,7,8,8,mei_final,0.875,0.25
typespec,7801,2aa049504fd5a729acbd1da463bb68b9,7,8,8,mei_final,0.875,0.25
typespec,7801,a6ec97b5186767d6222d16d8aa48a11c,7,8,8,mei_final,0.875,0.25
typespec,7801,ab064c7e6f87c91026fc0b60959386bd,7,8,8,mei_final,0.875,0.25
typespec,7801,bfd244818526dd32d16569975383d931,7,8,8,mei_final,0.875,0.25
typespec,7801,7f666b703ffc25378b03be5ef0957f2f,7,8,8,mei_final,0.875,0.25
typespec,7801,51595c327ed3995b5e109120e363283a,7,8,8,mei_final,0.875,0.25
typespec,7801,22927326be66d004a43326c7de05ed1e,7,8,8,mei_final,0.875,0.25
typespec,7801,dca527270c6585ccab4f7b6bf8736d45,7,8,8,mei_final,0.875,0.25
typespec,7801,5b879b6b8637841dda620ec687e47823,7,8,8,mei_final,0.875,0.25
typespec,7801,5ecd9aa09b2218928e9ee60337e0c316,7,8,8,mei_final,0.875,0.25
typespec,7801,2f9ac8d4cb49a4081fff5a82608b2483,7,8,8,mei_final,0.875,0.25
typespec,7801,782874adcc7dbfc110ccc0d58a9d5dfc,7,8,8,mei_final,0.875,0.25
typespec,7801,ab064c7e6f87c91026fc0b60959386bd,7,8,8,mei_final,0.875,0.25
typespec,7801,e0e8b19bf2857cc37b479c1340fa01de,7,8,8,mei_final,0.875,0.25
typespec,7801,1fd2deb9be55e213b61a40793e7d9c75,7,8,8,mei_final,0.875,0.25
typespec,7801,0ec8f57013bf44e6c2e8588aa915ced3,7,8,8,mei_final,0.875,0.25
typespec,7801,50e20f085b084dbba416eb0b7333a423,7,8,8,mei_final,0.875,0.25
typespec,7801,ad7a275d9c9c43b0710024a33c25b8bb,7,8,8,mei_final,0.875,0.25
typespec,7801,37a68ad7371dc5a063952d596939ae3f,7,8,8,mei_final,0.875,0.25
typespec,7801,96f77a2d64eacb66399277649b181fea,7,8,8,mei_final,0.875,0.25
typespec,7801,79177bb0b4ca5806cf61e25420cb6c20,7,8,8,mei_final,0.875,0.25
typespec,7801,51595c327ed3995b5e109120e363283a,7,8,8,mei_final,0.875,0.25
typespec,7801,ab064c7e6f87c91026fc0b60959386bd,7,8,8,mei_final,0.875,0.25
typespec,7801,c86c80e1dbd486a21378f2e08938f866,7,8,8,mei_final,0.875,0.25
typespec,7801,344cc935d04889c9aa2416d8e6b639e8,7,8,8,mei_final,0.875,0.25
typespec,7801,e0cc22de1351e9725e558984f73344d8,7,8,8,mei_final,0.875,0.25
typespec,7801,5bbb827b0c5cb78bff09ed13d2f7367f,7,8,8,mei_final,0.875,0.25
typespec,7801,51595c327ed3995b5e109120e363283a,7,8,8,mei_final,0.875,0.25
typespec,7801,0b7d86afb58575c13377767c5cc9c03c,7,8,8,mei_final,0.875,0.25
typespec,7801,02ece6449f50f06401807a8dc75a2f4a,7,8,8,mei_final,0.875,0.25
typespec,7801,5d3a91fc51faae0ef56b43db44fca05e,7,8,8,mei_final,0.875,0.25
typespec,7801,ad7a275d9c9c43b0710024a33c25b8bb,7,8,8,mei_final,0.875,0.25
typespec,7801,b9f74df25077cbf69e5f4a24fe00c004,7,8,8,mei_final,0.875,0.25
typespec,7801,34f3331441ab36512205fcd728aa0644,7,8,8,mei_final,0.875,0.25
typespec,7801,b164708b1081606f79178988a8183453,7,8,8,mei_final,0.875,0.25
typespec,7801,239eb3ecdb9a85dde057f8310ed83558,7,8,8,mei_final,0.875,0.25
typespec,7801,d5b6177c5443ffd0a22bf1c5b819e016,7,8,8,mei_final,0.875,0.25
typespec,7801,ac2d4d1ec778ab03f741b91cbadcddac,7,8,8,mei_final,0.875,0.25
typespec,7801,48d9025a4e62cb3d6ffd23f8d0a66897,7,8,8,mei_final,0.875,0.25
typespec,7801,ab064c7e6f87c91026fc0b60959386bd,7,8,8,mei_final,0.875,0.25
typespec,7801,a78b956dc7c5a7b44865dbdebd9e439c,7,8,8,mei_final,0.875,0.25
typespec,7801,b7eb86d9bdf055a7628070ce7f87394e,7,8,8,mei_final,0.875,0.25
typespec,7801,dcac2e905996a5c11a328b675f85396d,7,8,8,mei_final,0.875,0.25
typespec,7801,b629d62711dd438b1821aed3933542ce,7,8,8,mei_final,0.875,0.25
typespec,7801,796c82d9175be40aeb64b2fc356b3496,7,8,8,mei_final,0.875,0.25
typespec,7801,b4ff20ec614060a9a37164571c7e48bb,7,8,8,mei_final,0.875,0.25
typespec,7801,5bb4723d2109ce400ceb2fd21db5a978,7,8,8,mei_final,0.875,0.25
typespec,7801,ad7a275d9c9c43b0710024a33c25b8bb,7,8,8,mei_final,0.875,0.25
typespec,7801,51595c327ed3995b5e109120e363283a,7,8,8,mei_final,0.875,0.25
typespec,7801,b0ca204203ed44da4cbbd8581ea00baf,7,8,8,mei_final,0.875,0.25
typespec,7801,65fc4d37c9db96b616eb26f182d0b19f,7,8,8,mei_final,0.875,0.25
typespec,7801,ab064c7e6f87c91026fc0b60959386bd,7,8,8,mei_final,0.875,0.25
typespec,7801,344cc935d04889c9aa2416d8e6b639e8,7,8,8,mei_final,0.875,0.25
typespec,7801,a52d2686c6c2050230d68f5a175b6ccd,7,8,8,mei_final,0.875,0.25
typespec,7801,da48372ab4293447f147609a76a79082,7,8,8,mei_final,0.875,0.25
typespec,7801,67f38b7ecdcdee1b7a20dfcd1bf4afcb,7,8,8,mei_final,0.875,0.25
typespec,7801,26e232a051fe59a0ababda0258370a43,7,8,8,mei_final,0.875,0.25
typespec,7801,dcef90c46ad7abf1a2da2566ca0e9ed6,7,8,8,mei_final,0.875,0.25
typespec,7801,441e071caba4ad11de00bacd04fd3359,7,8,8,mei_final,0.875,0.25
typespec,7801,ad7a275d9c9c43b0710024a33c25b8bb,7,8,8,mei_final,0.875,0.25
typespec,7801,62ac7b10ef24570df8224914cd220204,7,8,8,mei_final,0.875,0.25
typespec,7801,d06de0e1da8fb7d055c83fc7b23bd8bf,7,8,8,mei_final,0.875,0.25
typespec,7801,ab064c7e6f87c91026fc0b60959386bd,7,8,8,mei_final,0.875,0.25
typespec,7801,da48372ab4293447f147609a76a79082,7,8,8,mei_final,0.875,0.25
typespec,7801,ab064c7e6f87c91026fc0b60959386bd,7,8,8,mei_final,0.875,0.25
typespec,7801,0cc028e1793c87e601982e29602a9957,7,8,8,mei_final,0.875,0.25
typespec,7801,0ac13dbc682daf2d7539c78ba6f618a1,7,8,8,mei_final,0.875,0.25
typespec,7801,859132e663ac22ab871c8888c5f3abb7,7,8,8,mei_final,0.875,0.25
typespec,7801,ab064c7e6f87c91026fc0b60959386bd,7,8,8,mei_final,0.875,0.25
typespec,7801,a96fa6a3cc45d250f75af8a32a52df7a,7,8,8,mei_final,0.875,0.25
typespec,7801,e1943f443d38f75ea0f81468f4126df8,7,8,8,mei_final,0.875,0.25
typespec,7801,702e46e3b30bcf0b0f2ebc197fa4f607,7,8,8,mei_final,0.875,0.25
typespec,7801,14d63df9d4d81b0c0f10210239b7aa66,7,8,8,mei_final,0.875,0.25
typespec,7801,0cfbd1af667757aa12144ec19710c932,7,8,8,mei_final,0.875,0.25
typespec,7801,bc38534991a635d621df14b9b35c731e,7,8,8,mei_final,0.875,0.25
typespec,7801,51595c327ed3995b5e109120e363283a,7,8,8,mei_final,0.875,0.25
typespec,7801,239eb3ecdb9a85dde057f8310ed83558,7,8,8,mei_final,0.875,0.25
typespec,7801,32b1d81e3d72f7745493a32cdf4fad3e,7,8,8,mei_final,0.875,0.25
typespec,7801,45fb5d229d1a0180644e8adb19349fee,7,8,8,mei_final,0.875,0.25
typespec,7801,0cc028e1793c87e601982e29602a9957,7,8,8,mei_final,0.875,0.25
typespec,7801,0b54d63f66364bca53d2b6b8cbcd9133,7,8,8,mei_final,0.875,0.25
typespec,7801,0b7d86afb58575c13377767c5cc9c03c,7,8,8,mei_final,0.875,0.25
typespec,7801,118c609a83a69faa11386ce33f0fcda4,7,8,8,mei_final,0.875,0.25
typespec,7801,a7c211b3efe3e5ca2abbe9578bc57018,7,8,8,mei_final,0.875,0.25
typespec,7801,a6e65e49aac0bccef614539881302704,7,8,8,mei_final,0.875,0.25
typespec,7801,12dcaee45558a309480904b072d84a29,7,8,8,mei_final,0.875,0.25
typespec,7801,52014c1f067ad3d0e1349659a4b0b166,7,8,8,mei_final,0.875,0.25
typespec,7801,0b7d86afb58575c13377767c5cc9c03c,7,8,8,mei_final,0.875,0.25
typespec,7801,51595c327ed3995b5e109120e363283a,7,8,8,mei_final,0.875,0.25
typespec,7801,361dde33a459b2b8a82518cc13f71949,7,8,8,mei_final,0.875,0.25
typespec,7801,51595c327ed3995b5e109120e363283a,7,8,8,mei_final,0.875,0.25
typespec,7801,ab064c7e6f87c91026fc0b60959386bd,7,8,8,mei_final,0.875,0.25
typespec,7801,abef531aed3ae37609793dcc0b83e72f,7,8,8,mei_final,0.875,0.25
typespec,7801,2897466ff4ca29c37fde9412707ab1c5,7,8,8,mei_final,0.875,0.25
typespec,7801,6f8899aac440fc4ba48a59edc0c37d94,7,8,8,mei_final,0.875,0.25
typespec,7801,77d07264264b2eee765fbb629ac2f8a6,7,8,8,mei_final,0.875,0.25
typespec,7801,0cc028e1793c87e601982e29602a9957,7,8,8,mei_final,0.875,0.25
typespec,7801,db206de186d40404894d65bef3cd5094,7,8,8,mei_final,0.875,0.25
typespec,7801,112e644e76bb4137383dae7b888e6c74,7,8,8,mei_final,0.875,0.25
typespec,7801,e886a925d7cb5ecb1cdeb0ea200f10b8,7,8,8,mei_final,0.875,0.25
typespec,7801,48e0147e67a828ebd63d317aa6b2e2d7,7,8,8,mei_final,0.875,0.25
typespec,7801,57c7ca93c91074ae346cee129bad49f0,7,8,8,mei_final,0.875,0.25
typespec,7801,d06de0e1da8fb7d055c83fc7b23bd8bf,7,8,8,mei_final,0.875,0.25
typespec,7801,b83d6b471a80e4fb46463f35d383b1f4,7,8,8,mei_final,0.875,0.25
typespec,7801,ca71cd951cc42bb0566bc815023e72a1,7,8,8,mei_final,0.875,0.25
typespec,7801,323cca8046ecb8fb061e2aeb2079f170,7,8,8,mei_final,0.875,0.25
typespec,7801,ee94a87314222938735df7a0298d78b4,7,8,8,mei_final,0.875,0.25
typespec,7801,9c45d4b9d5cc1ae90f7cb1a069eab5d2,7,8,8,mei_final,0.875,0.25
typespec,7801,a501a0f4208e47954a721280a224df4d,7,8,8,mei_final,0.875,0.25
typespec,7801,8b4f8093d7f0afe29777e55934208117,7,8,8,mei_final,0.875,0.25
typespec,7801,0a011cc7ab7fbf1f912455d61f9cbb1f,7,8,8,mei_final,0.875,0.25
typespec,7801,702e46e3b30bcf0b0f2ebc197fa4f607,7,8,8,mei_final,0.875,0.25
typespec,7801,239eb3ecdb9a85dde057f8310ed83558,7,8,8,mei_final,0.875,0.25
typespec,7801,3458162cf48d85a4d6fc3dfe1af4b5f7,7,8,8,mei_final,0.875,0.25
typespec,7801,0deb79d7440ad40f1bdce2787f6350d8,7,8,8,mei_final,0.875,0.25
typespec,7801,fa2c9a3715fe574df2d0104069097a2b,7,8,8,mei_final,0.875,0.25
typespec,7801,e3fa34ef5f6d19aa23c0fd5c73a96148,7,8,8,mei_final,0.875,0.25
typespec,7801,781876ef862a146f654e109913d60688,7,8,8,mei_final,0.875,0.25
typespec,7801,6d0eae35494c86a0b000267e39142ebc,7,8,8,mei_final,0.875,0.25
typespec,7801,239eb3ecdb9a85dde057f8310ed83558,7,8,8,mei_final,0.875,0.25
typespec,7801,b9eb861245351a51e9ef4601f93a9244,7,8,8,mei_final,0.875,0.25
typespec,7801,ad7a275d9c9c43b0710024a33c25b8bb,7,8,8,mei_final,0.875,0.25
typespec,7801,ad7a275d9c9c43b0710024a33c25b8bb,7,8,8,mei_final,0.875,0.25
typespec,7801,51595c327ed3995b5e109120e363283a,7,8,8,mei_final,0.875,0.25
typespec,7801,e0e8b19bf2857cc37b479c1340fa01de,7,8,8,mei_final,0.875,0.25
typespec,7801,a4e3549c7d7adf3ccf5f292b13679092,7,8,8,mei_final,0.875,0.25
typespec,7801,ab064c7e6f87c91026fc0b60959386bd,7,8,8,mei_final,0.875,0.25
typespec,7801,51595c327ed3995b5e109120e363283a,7,8,8,mei_final,0.875,0.25
typespec,7801,67f38b7ecdcdee1b7a20dfcd1bf4afcb,7,8,8,mei_final,0.875,0.25
typespec,7801,bc38534991a635d621df14b9b35c731e,7,8,8,mei_final,0.875,0.25
typespec,7801,37b694272374ddf5f62ca85af73bbf8b,7,8,8,mei_final,0.875,0.25
typespec,7801,57df95e54242863c6c00de789fa41f7d,7,8,8,mei_final,0.875,0.25
typespec,7801,43f3b4c6578e13c836296eb0dfd616ea,7,8,8,mei_final,0.875,0.25
typespec,7801,c6a04e22558409e57ee2968da17681b7,7,8,8,mei_final,0.875,0.25
typespec,7801,c96644d26b04541c15b56a8ee46c3b50,7,8,8,mei_final,0.875,0.25
typespec,7801,51595c327ed3995b5e109120e363283a,7,8,8,mei_final,0.875,0.25
typespec,7801,776523d3ced5330a678381dbaceb383c,7,8,8,mei_final,0.875,0.25
typespec,7801,42b431298817eabb34441b28b6e8907b,7,8,8,mei_final,0.875,0.25
typespec,7801,b83d6b471a80e4fb46463f35d383b1f4,7,8,8,mei_final,0.875,0.25
typespec,7801,0dc1595989017144fb817678f6707676,7,8,8,mei_final,0.875,0.25
typespec,7801,ab064c7e6f87c91026fc0b60959386bd,7,8,8,mei_final,0.875,0.25
typespec,7801,e20e7a23ccbd2bd10712d665fcef8e8a,7,8,8,mei_final,0.875,0.25
typespec,7801,ab064c7e6f87c91026fc0b60959386bd,7,8,8,mei_final,0.875,0.25
typespec,7801,67d1035b23ba68dcef6901999335786a,7,8,8,mei_final,0.875,0.25
typespec,7801,c199a95711ce6fc491a1f8e05e58751b,7,8,8,mei_final,0.875,0.25
typespec,7801,0ec8f57013bf44e6c2e8588aa915ced3,7,8,8,mei_final,0.875,0.25
typespec,7801,ad7a275d9c9c43b0710024a33c25b8bb,7,8,8,mei_final,0.875,0.25
typespec,7801,d06de0e1da8fb7d055c83fc7b23bd8bf,7,8,8,mei_final,0.875,0.25
typespec,7801,c412a3520e43d2e1aaf48962e85b3f14,7,8,8,mei_final,0.875,0.25
typespec,7801,fa2c9a3715fe574df2d0104069097a2b,7,8,8,mei_final,0.875,0.25
typespec,7801,51595c327ed3995b5e109120e363283a,7,8,8,mei_final,0.875,0.25
typespec,7801,d06de0e1da8fb7d055c83fc7b23bd8bf,7,8,8,mei_final,0.875,0.25
typespec,7801,b6632fe965c053c9ce31d34b2d94db4a,7,8,8,mei_final,0.875,0.25
typespec,7801,ab064c7e6f87c91026fc0b60959386bd,7,8,8,mei_final,0.875,0.25
typespec,7801,79c70b5649efcaa309d0b52cf5b5a946,7,8,8,mei_final,0.875,0.25
typespec,7801,239eb3ecdb9a85dde057f8310ed83558,7,8,8,mei_final,0.875,0.25
typespec,7801,efc13cbd499af34aa2387fae6a048a94,7,8,8,mei_final,0.875,0.25
typespec,7801,390369cd7195c7ed50ded200bc317adf,7,8,8,mei_final,0.875,0.25
typespec,7801,e0e8b19bf2857cc37b479c1340fa01de,7,8,8,mei_final,0.875,0.25
typespec,7801,702e46e3b30bcf0b0f2ebc197fa4f607,7,8,8,mei_final,0.875,0.25
typespec,7801,5b879b6b8637841dda620ec687e47823,7,8,8,mei_final,0.875,0.25
typespec,7801,ab064c7e6f87c91026fc0b60959386bd,7,8,8,mei_final,0.875,0.25
typespec,7801,0cfbd1af667757aa12144ec19710c932,7,8,8,mei_final,0.875,0.25
typespec,7801,51595c327ed3995b5e109120e363283a,7,8,8,mei_final,0.875,0.25
typespec,7801,de16b63a2cdd041ece7de8625789cc9d,7,8,8,mei_final,0.875,0.25
typespec,7801,22918ed6d7fdc107bed96f9e30f9eb80,7,8,8,mei_final,0.875,0.25
typespec,7801,20bc29f92eb384dc22ed897f70eb79cc,7,8,8,mei_final,0.875,0.25
typespec,7801,e248ee5d415fdc7f4ec0f84f0245654f,7,8,8,mei_final,0.875,0.25
typespec,7801,3207b5124297254a80971913c3d1d1b4,7,8,8,mei_final,0.875,0.25
typespec,7801,b0ca204203ed44da4cbbd8581ea00baf,7,8,8,mei_final,0.875,0.25
typespec,7801,a647e2b655ac8324ed4410313ebcb8f6,7,8,8,mei_final,0.875,0.25
typespec,7801,c4ed0b0f5e9c984283769140264b7ac5,7,8,8,mei_final,0.875,0.25
typespec,7801,dcef90c46ad7abf1a2da2566ca0e9ed6,7,8,8,mei_final,0.875,0.25
typespec,7801,097fb2b34980311b458355d76bd38194,7,8,8,mei_final,0.875,0.25
typespec,7801,b4ff20ec614060a9a37164571c7e48bb,7,8,8,mei_final,0.875,0.25
typespec,7801,ad7a275d9c9c43b0710024a33c25b8bb,7,8,8,mei_final,0.875,0.25
typespec,7801,d06de0e1da8fb7d055c83fc7b23bd8bf,7,8,8,mei_final,0.875,0.25
typespec,7801,51595c327ed3995b5e109120e363283a,7,8,8,mei_final,0.875,0.25
typespec,7801,48d99a2dc3243519030d524e43298be7,7,8,8,mei_final,0.875,0.25
typespec,7801,239eb3ecdb9a85dde057f8310ed83558,7,8,8,mei_final,0.875,0.25
typespec,7801,ddf0bc29bfa7f3b3894a8a6f3824bee2,7,8,8,mei_final,0.875,0.25
typespec,7801,0b7d86afb58575c13377767c5cc9c03c,7,8,8,mei_final,0.875,0.25
typespec,7801,ab064c7e6f87c91026fc0b60959386bd,7,8,8,mei_final,0.875,0.25
typespec,7801,ab064c7e6f87c91026fc0b60959386bd,7,8,8,mei_final,0.875,0.25
typespec,7801,db206de186d40404894d65bef3cd5094,7,8,8,mei_final,0.875,0.25
typespec,7801,c96644d26b04541c15b56a8ee46c3b50,7,8,8,mei_final,0.875,0.25
typespec,7801,51595c327ed3995b5e109120e363283a,7,8,8,mei_final,0.875,0.25
typespec,7801,ed84c7918853fc2641ad4a40bf09245f,7,8,8,mei_final,0.875,0.25
typespec,7801,1751d98b2eccd4e4581b90bd57f711e8,7,8,8,mei_final,0.875,0.25
typespec,7801,65fc4d37c9db96b616eb26f182d0b19f,7,8,8,mei_final,0.875,0.25
typespec,7801,7125d262c1d935a6f8b4aa68575836f8,7,8,8,mei_final,0.875,0.25
typespec,7801,ee6d6a8a7003f25750ab6667f33a545f,7,8,8,mei_final,0.875,0.25
typespec,7801,417c430512379ee419bdfb4f942e106f,7,8,8,mei_final,0.875,0.25
typespec,7801,c186ac03aa74ce332c20ed6765bc1c2c,7,8,8,mei_final,0.875,0.25
typespec,7801,6260b338417d897f3b2e3b267ce8d059,7,8,8,mei_final,0.875,0.25
typespec,7801,0cc028e1793c87e601982e29602a9957,7,8,8,mei_final,0.875,0.25
typespec,7801,0b54d63f66364bca53d2b6b8cbcd9133,7,8,8,mei_final,0.875,0.25
typespec,7801,2e6504c8498ca9b0d6ce986063146085,7,8,8,mei_final,0.875,0.25
typespec,7801,f16afd903ae66033aaa1f38e8c169595,7,8,8,mei_final,0.875,0.25
typespec,7801,f7a262030abb5e449192d93a5080e031,7,8,8,mei_final,0.875,0.25
typespec,7801,0ec8f57013bf44e6c2e8588aa915ced3,7,8,8,mei_final,0.875,0.25
typespec,7801,51595c327ed3995b5e109120e363283a,7,8,8,mei_final,0.875,0.25
typespec,7801,ad7a275d9c9c43b0710024a33c25b8bb,7,8,8,mei_final,0.875,0.25
typespec,7801,67f38b7ecdcdee1b7a20dfcd1bf4afcb,7,8,8,mei_final,0.875,0.25
typespec,7801,16ce755c1c9f3009b6f71fc987c3a8f4,7,8,8,mei_final,0.875,0.25
typespec,7801,e0e8b19bf2857cc37b479c1340fa01de,7,8,8,mei_final,0.875,0.25
typespec,7801,65fc4d37c9db96b616eb26f182d0b19f,7,8,8,mei_final,0.875,0.25
typespec,7801,09c1f99a8c4b5cdaa8b44b4e24e5f420,7,8,8,mei_final,0.875,0.25
typespec,7801,c6a04e22558409e57ee2968da17681b7,7,8,8,mei_final,0.875,0.25
typespec,7801,0cc028e1793c87e601982e29602a9957,7,8,8,mei_final,0.875,0.25
typespec,7801,ca1bde11fc1c9868196928aff9386da9,7,8,8,mei_final,0.875,0.25
typespec,7801,85739b1f71e3c88f5ceb61bcc341cd46,7,8,8,mei_final,0.875,0.25
typespec,7801,51595c327ed3995b5e109120e363283a,7,8,8,mei_final,0.875,0.25
typespec,7801,fdc8880660f709f5f2aa810b17f3d116,7,8,8,mei_final,0.875,0.25
typespec,7801,ab064c7e6f87c91026fc0b60959386bd,7,8,8,mei_final,0.875,0.25
typespec,7801,0bd6cb63d5aebe2fa7feb857124e975c,7,8,8,mei_final,0.875,0.25
typespec,7801,de16b63a2cdd041ece7de8625789cc9d,7,8,8,mei_final,0.875,0.25
typespec,7801,51595c327ed3995b5e109120e363283a,7,8,8,mei_final,0.875,0.25
typespec,7801,0b7d86afb58575c13377767c5cc9c03c,7,8,8,mei_final,0.875,0.25
typespec,7801,0b7d86afb58575c13377767c5cc9c03c,7,8,8,mei_final,0.875,0.25
typespec,7801,0ec8f57013bf44e6c2e8588aa915ced3,7,8,8,mei_final,0.875,0.25
typespec,7801,51595c327ed3995b5e109120e363283a,7,8,8,mei_final,0.875,0.25
typespec,7801,51595c327ed3995b5e109120e363283a,7,8,8,mei_final,0.875,0.25
typespec,7801,67f38b7ecdcdee1b7a20dfcd1bf4afcb,7,8,8,mei_final,0.875,0.25
typespec,7801,ee2533a8ead14fb56087d4616e35fe0f,7,8,8,mei_final,0.875,0.25
typespec,7801,ad7a275d9c9c43b0710024a33c25b8bb,7,8,8,mei_final,0.875,0.25
typespec,7801,fcf087647b692885b37b5d48f6d3b180,7,8,8,mei_final,0.875,0.25
typespec,7801,ac2d4d1ec778ab03f741b91cbadcddac,7,8,8,mei_final,0.875,0.25
typespec,7801,48e0147e67a828ebd63d317aa6b2e2d7,7,8,8,mei_final,0.875,0.25
typespec,7801,5b879b6b8637841dda620ec687e47823,7,8,8,mei_final,0.875,0.25
typespec,7801,ab064c7e6f87c91026fc0b60959386bd,7,8,8,mei_final,0.875,0.25
typespec,7801,d865d6f6c3ec79dbc54a15a335598a77,7,8,8,mei_final,0.875,0.25
typespec,7801,5b879b6b8637841dda620ec687e47823,7,8,8,mei_final,0.875,0.25
typespec,7801,34e9f4df2be59a4a758dde7649ff2ebf,7,8,8,mei_final,0.875,0.25
typespec,7801,49b407ff0b634d801595eba08f1425ea,7,8,8,mei_final,0.875,0.25
typespec,7801,441e071caba4ad11de00bacd04fd3359,7,8,8,mei_final,0.875,0.25
typespec,7801,4f970338836798dec0ca965463c06141,7,8,8,mei_final,0.875,0.25
typespec,7801,1751d98b2eccd4e4581b90bd57f711e8,7,8,8,mei_final,0.875,0.25
typespec,7801,36a79adad762355f84342e4bde9e34ac,7,8,8,mei_final,0.875,0.25
typespec,7801,646a9091b9db80e1eccbe028c7b59275,7,8,8,mei_final,0.875,0.25
typespec,7801,da48372ab4293447f147609a76a79082,7,8,8,mei_final,0.875,0.25
typespec,7801,d5f003ab53ef8d52dd2b09ad2ed15ce6,7,8,8,mei_final,0.875,0.25
typespec,7801,fe4c79032df8f95fa0cdef45d20a67f4,7,8,8,mei_final,0.875,0.25
typespec,7801,153326d2968b7feb1a3a7b460672ed8d,7,8,8,mei_final,0.875,0.25
typespec,7801,ad7a275d9c9c43b0710024a33c25b8bb,7,8,8,mei_final,0.875,0.25
typespec,7801,cca75e75e39cff5f3bc01699e823eac7,7,8,8,mei_final,0.875,0.25
typespec,7801,daee564de4323fbbbfb525ed76fe52f6,7,8,8,mei_final,0.875,0.25
typespec,7801,ab064c7e6f87c91026fc0b60959386bd,7,8,8,mei_final,0.875,0.25
typespec,7801,239eb3ecdb9a85dde057f8310ed83558,7,8,8,mei_final,0.875,0.25
typespec,7801,7792c9dc0ef5687c126a4834e2bf7237,7,8,8,mei_final,0.875,0.25
typespec,7801,c832da3528c0efb3c5864dc2fff42509,7,8,8,mei_final,0.875,0.25
typespec,7801,67f38b7ecdcdee1b7a20dfcd1bf4afcb,7,8,8,mei_final,0.875,0.25
typespec,7801,646a9091b9db80e1eccbe028c7b59275,7,8,8,mei_final,0.875,0.25
typespec,7801,0b54d63f66364bca53d2b6b8cbcd9133,7,8,8,mei_final,0.875,0.25
typespec,7801,a96fa6a3cc45d250f75af8a32a52df7a,7,8,8,mei_final,0.875,0.25
typespec,7801,2f35c4d39c2677eb70fc10d878f68c21,7,8,8,mei_final,0.875,0.25
typespec,7801,d6b8a3d7f6da8eb23a7199eadee46404,7,8,8,mei_final,0.875,0.25
typespec,7801,cd99c87188e8244a109ff66590d4f294,7,8,8,mei_final,0.875,0.25
typespec,7801,4f58ae98247032d6105836d9776090cb,7,8,8,mei_final,0.875,0.25
typespec,7801,0b7d86afb58575c13377767c5cc9c03c,7,8,8,mei_final,0.875,0.25
typespec,7801,68baea2b8c7cb2880570426917012a32,7,8,8,mei_final,0.875,0.25
typespec,7801,ad7a275d9c9c43b0710024a33c25b8bb,7,8,8,mei_final,0.875,0.25
typespec,7801,27b0f9d4e9766d0bbcfbc2a9e1c14001,7,8,8,mei_final,0.875,0.25
typespec,7801,53eb737bf67997600a80b2195c9d47bb,7,8,8,mei_final,0.875,0.25
typespec,7801,ab064c7e6f87c91026fc0b60959386bd,7,8,8,mei_final,0.875,0.25
typespec,7801,0deb79d7440ad40f1bdce2787f6350d8,7,8,8,mei_final,0.875,0.25
typespec,7801,ad7a275d9c9c43b0710024a33c25b8bb,7,8,8,mei_final,0.875,0.25
typespec,7801,ab064c7e6f87c91026fc0b60959386bd,7,8,8,mei_final,0.875,0.25
typespec,7801,a4e3549c7d7adf3ccf5f292b13679092,7,8,8,mei_final,0.875,0.25
typespec,7801,22918ed6d7fdc107bed96f9e30f9eb80,7,8,8,mei_final,0.875,0.25
typespec,7801,b83d6b471a80e4fb46463f35d383b1f4,7,8,8,mei_final,0.875,0.25
typespec,7801,b474b7d7ad18d8e1eeaeaff08cf6fa37,7,8,8,mei_final,0.875,0.25
typespec,7801,318cd6ac46b20c5af1a44555964d3202,7,8,8,mei_final,0.875,0.25
typespec,7801,e248ee5d415fdc7f4ec0f84f0245654f,7,8,8,mei_final,0.875,0.25
typespec,7801,0dc1595989017144fb817678f6707676,7,8,8,mei_final,0.875,0.25
typespec,7801,1261c1cbab70867c19c33d2b0c4d3303,7,8,8,mei_final,0.875,0.25
typespec,7801,a866baacf353c6c6fa0f8d644e8b5c63,7,8,8,mei_final,0.875,0.25
typespec,7801,4b3930979e6c26662e5310db43e8ed06,7,8,8,mei_final,0.875,0.25
typespec,7801,b83d6b471a80e4fb46463f35d383b1f4,7,8,8,mei_final,0.875,0.25
typespec,7801,02ece6449f50f06401807a8dc75a2f4a,7,8,8,mei_final,0.875,0.25
typespec,7801,e881324ff9cca30487ef0965b724b23b,7,8,8,mei_final,0.875,0.25
typespec,7801,3458162cf48d85a4d6fc3dfe1af4b5f7,7,8,8,mei_final,0.875,0.25
typespec,7801,cd99c87188e8244a109ff66590d4f294,7,8,8,mei_final,0.875,0.25
typespec,7801,0373937cbfd5367c4e1860ad77f101af,7,8,8,mei_final,0.875,0.25
typespec,7801,d3976622cdc166201d8c4a0940385560,7,8,8,mei_final,0.875,0.25
typespec,7801,1751d98b2eccd4e4581b90bd57f711e8,7,8,8,mei_final,0.875,0.25
typespec,7801,eac01804468c5d82d16c2a5f9478f85f,7,8,8,mei_final,0.875,0.25
typespec,7801,de16b63a2cdd041ece7de8625789cc9d,7,8,8,mei_final,0.875,0.25
typespec,7801,dcac2e905996a5c11a328b675f85396d,7,8,8,mei_final,0.875,0.25
typespec,7801,1751d98b2eccd4e4581b90bd57f711e8,7,8,8,mei_final,0.875,0.25
typespec,7801,79c70b5649efcaa309d0b52cf5b5a946,7,8,8,mei_final,0.875,0.25
typespec,7801,35fd02453a238702f1cd9dbbefb524bb,7,8,8,mei_final,0.875,0.25
typespec,7801,ca99c8103aa96d80f4432f87db782426,7,8,8,mei_final,0.875,0.25
typespec,7801,356dcfb5ea15742505647dea70453dc2,7,8,8,mei_final,0.875,0.25
typespec,7801,dcac2e905996a5c11a328b675f85396d,7,8,8,mei_final,0.875,0.25
typespec,7801,26e232a051fe59a0ababda0258370a43,7,8,8,mei_final,0.875,0.25
typespec,7801,d06de0e1da8fb7d055c83fc7b23bd8bf,7,8,8,mei_final,0.875,0.25
typespec,7801,4505cfb1cbb4fe42d672ff54b07fc4ae,7,8,8,mei_final,0.875,0.25
typespec,7801,b83d6b471a80e4fb46463f35d383b1f4,7,8,8,mei_final,0.875,0.25
typespec,7801,18e901bd677ef93afeaa007d7b1a8bda,7,8,8,mei_final,0.875,0.25
typespec,7801,6fe778b54783c68f2eebafb6fcafd8c4,7,8,8,mei_final,0.875,0.25
typespec,7801,106565d1f5d28e46f21cf690c47dbabb,7,8,8,mei_final,0.875,0.25
typespec,7801,0ddd41cb1dfd189950b158dc1388ec29,7,8,8,mei_final,0.875,0.25
typespec,7801,b83d6b471a80e4fb46463f35d383b1f4,7,8,8,mei_final,0.875,0.25
typespec,7801,ad7a275d9c9c43b0710024a33c25b8bb,7,8,8,mei_final,0.875,0.25
typespec,7801,ab064c7e6f87c91026fc0b60959386bd,7,8,8,mei_final,0.875,0.25
typespec,7801,57c7ca93c91074ae346cee129bad49f0,7,8,8,mei_final,0.875,0.25
typespec,7801,02ece6449f50f06401807a8dc75a2f4a,7,8,8,mei_final,0.875,0.25
typespec,7801,576b00da26c064d20bdcf7e3a5f6d5a6,7,8,8,mei_final,0.875,0.25
typespec,7801,a3e0a51906d2f6668cc116232fa2b2b9,7,8,8,mei_final,0.875,0.25
typespec,7801,6f8899aac440fc4ba48a59edc0c37d94,7,8,8,mei_final,0.875,0.25
typespec,7801,5ecd9aa09b2218928e9ee60337e0c316,7,8,8,mei_final,0.875,0.25
typespec,7801,66ded3c3ad5bb1ec21a18c84820ff3ff,7,8,8,mei_final,0.875,0.25
typespec,7801,3b1716b31723811153c5f7815388d326,7,8,8,mei_final,0.875,0.25
typespec,7801,3797daa7ee6e8c8489cf91ee46059380,7,8,8,mei_final,0.875,0.25
typespec,7801,1bf657025f6617a2d20807a2029ded7d,7,8,8,mei_final,0.875,0.25
typespec,7801,9c13b8b38c6957b65443e6b0647f1d21,7,8,8,mei_final,0.875,0.25
typespec,7801,0ec8f57013bf44e6c2e8588aa915ced3,7,8,8,mei_final,0.875,0.25
typespec,7801,ad7a275d9c9c43b0710024a33c25b8bb,7,8,8,mei_final,0.875,0.25
typespec,7801,51595c327ed3995b5e109120e363283a,7,8,8,mei_final,0.875,0.25
typespec,7801,efc13cbd499af34aa2387fae6a048a94,7,8,8,mei_final,0.875,0.25
typespec,7801,ad7a275d9c9c43b0710024a33c25b8bb,7,8,8,mei_final,0.875,0.25
typespec,7801,118c609a83a69faa11386ce33f0fcda4,7,8,8,mei_final,0.875,0.25
typespec,7801,48d9025a4e62cb3d6ffd23f8d0a66897,7,8,8,mei_final,0.875,0.25
typespec,7801,8fea4dcb5b653cb4444959f13695cdca,7,8,8,mei_final,0.875,0.25
typespec,7801,24ea1d200d1b4b8c1b27b79869664100,7,8,8,mei_final,0.875,0.25
typespec,7801,5b879b6b8637841dda620ec687e47823,7,8,8,mei_final,0.875,0.25
typespec,7801,51595c327ed3995b5e109120e363283a,7,8,8,mei_final,0.875,0.25
typespec,7801,d87992674398c3173691886afcb8cd8b,7,8,8,mei_final,0.875,0.25
typespec,7801,51595c327ed3995b5e109120e363283a,7,8,8,mei_final,0.875,0.25
typespec,7801,e248ee5d415fdc7f4ec0f84f0245654f,7,8,8,mei_final,0.875,0.25
typespec,7801,70a3a7b5de0f4b20aa5a18e9ef99250c,7,8,8,mei_final,0.875,0.25
typespec,7801,308cbf528a262da36ed384202bea4d29,7,8,8,mei_final,0.875,0.25
typespec,7801,8f2879388b017a27d4655b6a356c3473,7,8,8,mei_final,0.875,0.25
typespec,7801,ddf0bc29bfa7f3b3894a8a6f3824bee2,7,8,8,mei_final,0.875,0.25
typespec,7801,16ce755c1c9f3009b6f71fc987c3a8f4,7,8,8,mei_final,0.875,0.25
typespec,7801,5bb4723d2109ce400ceb2fd21db5a978,7,8,8,mei_final,0.875,0.25
typespec,7801,52014c1f067ad3d0e1349659a4b0b166,7,8,8,mei_final,0.875,0.25
typespec,7801,86a7ae4a83242fc432d602890f15afee,7,8,8,mei_final,0.875,0.25
typespec,7801,cca75e75e39cff5f3bc01699e823eac7,7,8,8,mei_final,0.875,0.25
typespec,7801,ad7a275d9c9c43b0710024a33c25b8bb,7,8,8,mei_final,0.875,0.25
typespec,7801,b83d6b471a80e4fb46463f35d383b1f4,7,8,8,mei_final,0.875,0.25
typespec,7801,3b1716b31723811153c5f7815388d326,7,8,8,mei_final,0.875,0.25
typespec,7801,097fb2b34980311b458355d76bd38194,7,8,8,mei_final,0.875,0.25
typespec,7801,4f2e823685ba5cb0cc8114e16a5e5c61,7,8,8,mei_final,0.875,0.25
typespec,7801,0ec8f57013bf44e6c2e8588aa915ced3,7,8,8,mei_final,0.875,0.25
typespec,7801,0ddd41cb1dfd189950b158dc1388ec29,7,8,8,mei_final,0.875,0.25
typespec,7801,e095c48e59231cf58eec2e18198ce02f,7,8,8,mei_final,0.875,0.25
typespec,7801,22918ed6d7fdc107bed96f9e30f9eb80,7,8,8,mei_final,0.875,0.25
typespec,7801,0deb79d7440ad40f1bdce2787f6350d8,7,8,8,mei_final,0.875,0.25
typespec,7801,02551d0440bba0827c896cd772a62c97,7,8,8,mei_final,0.875,0.25
typespec,7801,54b85ff56a84bf3e2bc8ad8d256c7833,7,8,8,mei_final,0.875,0.25
typespec,7801,0b7d86afb58575c13377767c5cc9c03c,7,8,8,mei_final,0.875,0.25
typespec,7801,db882b6e218279452c931e22002a6e6f,7,8,8,mei_final,0.875,0.25
typespec,7801,097fdb1e9c4d89ef0f70a894d264cef0,7,8,8,mei_final,0.875,0.25
typespec,7801,1b418a00c5c5853dcc154288ac0f4ba3,7,8,8,mei_final,0.875,0.25
typespec,7801,ab064c7e6f87c91026fc0b60959386bd,7,8,8,mei_final,0.875,0.25
typespec,7801,51595c327ed3995b5e109120e363283a,7,8,8,mei_final,0.875,0.25
typespec,7801,d5b6177c5443ffd0a22bf1c5b819e016,7,8,8,mei_final,0.875,0.25
typespec,7801,66ded3c3ad5bb1ec21a18c84820ff3ff,7,8,8,mei_final,0.875,0.25
typespec,7801,e881324ff9cca30487ef0965b724b23b,7,8,8,mei_final,0.875,0.25
typespec,7801,39ad812b2245beeeefca8768a4c49eea,7,8,8,mei_final,0.875,0.25
typespec,7801,55931b4c5a14744dbefa88a4ad97959d,7,8,8,mei_final,0.875,0.25
typespec,7801,ab064c7e6f87c91026fc0b60959386bd,7,8,8,mei_final,0.875,0.25
typespec,7801,4c255fd5a8063f0a31491907adfb089b,7,8,8,mei_final,0.875,0.25
typespec,7801,fa2c9a3715fe574df2d0104069097a2b,7,8,8,mei_final,0.875,0.25
typespec,7801,80952a697b9ec2b8660ec606c5be7fc0,7,8,8,mei_final,0.875,0.25
typespec,7801,17251d70976d28ced5f5342e284bfbbd,7,8,8,mei_final,0.875,0.25
typespec,7801,67f38b7ecdcdee1b7a20dfcd1bf4afcb,7,8,8,mei_final,0.875,0.25
typespec,7801,0a011cc7ab7fbf1f912455d61f9cbb1f,7,8,8,mei_final,0.875,0.25
typespec,7801,1751d98b2eccd4e4581b90bd57f711e8,7,8,8,mei_final,0.875,0.25
typespec,7801,26e232a051fe59a0ababda0258370a43,7,8,8,mei_final,0.875,0.25
typespec,7801,02ece6449f50f06401807a8dc75a2f4a,7,8,8,mei_final,0.875,0.25
typespec,7801,50c56a168090c4698ed913cc46b4a75d,7,8,8,mei_final,0.875,0.25
typespec,7801,646a9091b9db80e1eccbe028c7b59275,7,8,8,mei_final,0.875,0.25
typespec,7801,5bbb827b0c5cb78bff09ed13d2f7367f,7,8,8,mei_final,0.875,0.25
typespec,7801,9c45d4b9d5cc1ae90f7cb1a069eab5d2,7,8,8,mei_final,0.875,0.25
typespec,7801,a7c211b3efe3e5ca2abbe9578bc57018,7,8,8,mei_final,0.875,0.25
typespec,7801,ab064c7e6f87c91026fc0b60959386bd,7,8,8,mei_final,0.875,0.25
typespec,7801,ab064c7e6f87c91026fc0b60959386bd,7,8,8,mei_final,0.875,0.25
typespec,7801,51595c327ed3995b5e109120e363283a,7,8,8,mei_final,0.875,0.25
typespec,7801,24ea1d200d1b4b8c1b27b79869664100,7,8,8,mei_final,0.875,0.25
typespec,7801,51595c327ed3995b5e109120e363283a,7,8,8,mei_final,0.875,0.25
typespec,7801,bfd244818526dd32d16569975383d931,7,8,8,mei_final,0.875,0.25
typespec,7801,14d63df9d4d81b0c0f10210239b7aa66,7,8,8,mei_final,0.875,0.25
typespec,7801,79c70b5649efcaa309d0b52cf5b5a946,7,8,8,mei_final,0.875,0.25
typespec,7801,2bdc88d80c971b587fe7ba0068c6a9a7,7,8,8,mei_final,0.875,0.25
typespec,7801,b474b7d7ad18d8e1eeaeaff08cf6fa37,7,8,8,mei_final,0.875,0.25
typespec,7801,cd99c87188e8244a109ff66590d4f294,7,8,8,mei_final,0.875,0.25
typespec,7801,1dea57d58e1cbe5c0ad1b6bb73501a3f,7,8,8,mei_final,0.875,0.25
typespec,7801,4b3930979e6c26662e5310db43e8ed06,7,8,8,mei_final,0.875,0.25
typespec,7801,b12446b64e147dffb95541791d9179aa,7,8,8,mei_final,0.875,0.25
typespec,7801,b83d6b471a80e4fb46463f35d383b1f4,7,8,8,mei_final,0.875,0.25
typespec,7801,5ecd9aa09b2218928e9ee60337e0c316,7,8,8,mei_final,0.875,0.25
typespec,7801,60853020de1b7573de2153fb294461fc,7,8,8,mei_final,0.875,0.25
typespec,7801,09c1f99a8c4b5cdaa8b44b4e24e5f420,7,8,8,mei_final,0.875,0.25
typespec,7801,aed26c7bfcd60659de8d65de3e022269,7,8,8,mei_final,0.875,0.25
typespec,7801,275dc4cb88a514b7383020b8ff8c8ed2,7,8,8,mei_final,0.875,0.25
typespec,7801,d87992674398c3173691886afcb8cd8b,7,8,8,mei_final,0.875,0.25
typespec,7801,6fe778b54783c68f2eebafb6fcafd8c4,7,8,8,mei_final,0.875,0.25
typespec,7801,b83d6b471a80e4fb46463f35d383b1f4,7,8,8,mei_final,0.875,0.25
typespec,7801,3458162cf48d85a4d6fc3dfe1af4b5f7,7,8,8,mei_final,0.875,0.25
typespec,7801,361dde33a459b2b8a82518cc13f71949,7,8,8,mei_final,0.875,0.25
typespec,7801,7792c9dc0ef5687c126a4834e2bf7237,7,8,8,mei_final,0.875,0.25
typespec,7801,2f260d03fa666f252914d6c4fd109dae,7,8,8,mei_final,0.875,0.25
typespec,7801,c55a0828ce9b16e57b3c8304633c177e,7,8,8,mei_final,0.875,0.25
typespec,7801,ad7a275d9c9c43b0710024a33c25b8bb,7,8,8,mei_final,0.875,0.25
typespec,7801,4e5a0328c78fb8e935bb6366265ba6c9,7,8,8,mei_final,0.875,0.25
typespec,7801,ab064c7e6f87c91026fc0b60959386bd,7,8,8,mei_final,0.875,0.25
typespec,7801,ab064c7e6f87c91026fc0b60959386bd,7,8,8,mei_final,0.875,0.25
typespec,7801,b12446b64e147dffb95541791d9179aa,7,8,8,mei_final,0.875,0.25
typespec,7801,e881324ff9cca30487ef0965b724b23b,7,8,8,mei_final,0.875,0.25
typespec,7801,51595c327ed3995b5e109120e363283a,7,8,8,mei_final,0.875,0.25
typespec,7801,42c95fc3741eb3ba3f3a0437f955141a,7,8,8,mei_final,0.875,0.25
typespec,7801,d4b02d143b46c26e479f8764132516a3,7,8,8,mei_final,0.875,0.25
typespec,7801,62ac7b10ef24570df8224914cd220204,7,8,8,mei_final,0.875,0.25
typespec,7801,65fc4d37c9db96b616eb26f182d0b19f,7,8,8,mei_final,0.875,0.25
typespec,7801,8c7deabd1f4695de86ddcae4039bb773,7,8,8,mei_final,0.875,0.25
typespec,7801,e16d52572289f000962fe6aa6f8787cb,7,8,8,mei_final,0.875,0.25
typespec,7801,51595c327ed3995b5e109120e363283a,7,8,8,mei_final,0.875,0.25
typespec,7801,65fc4d37c9db96b616eb26f182d0b19f,7,8,8,mei_final,0.875,0.25
typespec,7801,ad7a275d9c9c43b0710024a33c25b8bb,7,8,8,mei_final,0.875,0.25
typespec,7801,51595c327ed3995b5e109120e363283a,7,8,8,mei_final,0.875,0.25
typespec,7801,0b7d86afb58575c13377767c5cc9c03c,7,8,8,mei_final,0.875,0.25
typespec,7801,5618d00138b28d61d69a1321dd2e6b0c,7,8,8,mei_final,0.875,0.25
typespec,7801,4c878c973db641ad2c0e3ae3b3f3e85f,7,8,8,mei_final,0.875,0.25
typespec,7801,51595c327ed3995b5e109120e363283a,7,8,8,mei_final,0.875,0.25
typespec,7801,c4ed0b0f5e9c984283769140264b7ac5,7,8,8,mei_final,0.875,0.25
typespec,7801,d4b02d143b46c26e479f8764132516a3,7,8,8,mei_final,0.875,0.25
typespec,7801,833d2f8e1e3139e9ae4c99a4b8f9bd1b,7,8,8,mei_final,0.875,0.25
typespec,7801,ab064c7e6f87c91026fc0b60959386bd,7,8,8,mei_final,0.875,0.25
typespec,7801,67f38b7ecdcdee1b7a20dfcd1bf4afcb,7,8,8,mei_final,0.875,0.25
typespec,7801,f16afd903ae66033aaa1f38e8c169595,7,8,8,mei_final,0.875,0.25
typespec,7801,79177bb0b4ca5806cf61e25420cb6c20,7,8,8,mei_final,0.875,0.25
typespec,7801,a6e65e49aac0bccef614539881302704,7,8,8,mei_final,0.875,0.25
typespec,7801,ad7a275d9c9c43b0710024a33c25b8bb,7,8,8,mei_final,0.875,0.25
typespec,7801,ad7a275d9c9c43b0710024a33c25b8bb,7,8,8,mei_final,0.875,0.25
typespec,7801,ad7a275d9c9c43b0710024a33c25b8bb,7,8,8,mei_final,0.875,0.25
typespec,7801,112e644e76bb4137383dae7b888e6c74,7,8,8,mei_final,0.875,0.25
typespec,7801,349c37be21068e1023f565f5df9d5ffc,7,8,8,mei_final,0.875,0.25
typespec,7801,ad7a275d9c9c43b0710024a33c25b8bb,7,8,8,mei_final,0.875,0.25
typespec,7801,c78b01d24285f7524251750e6c746d91,7,8,8,mei_final,0.875,0.25
typespec,7801,b4ff20ec614060a9a37164571c7e48bb,7,8,8,mei_final,0.875,0.25
typespec,7801,ec57e31e84cbfee4bebf28e1b5cd5189,7,8,8,mei_final,0.875,0.25
typespec,7801,0b7d86afb58575c13377767c5cc9c03c,7,8,8,mei_final,0.875,0.25
typespec,7801,ad7a275d9c9c43b0710024a33c25b8bb,7,8,8,mei_final,0.875,0.25
typespec,7801,0ec8f57013bf44e6c2e8588aa915ced3,7,8,8,mei_final,0.875,0.25
typespec,7801,d9a394ac306a306217b19d204ad98171,7,8,8,mei_final,0.875,0.25
typespec,7801,5a87b6546e39e4a7d58f7e2a0e534ec7,7,8,8,mei_final,0.875,0.25
typespec,7801,0cc028e1793c87e601982e29602a9957,7,8,8,mei_final,0.875,0.25
typespec,7801,0b7d86afb58575c13377767c5cc9c03c,7,8,8,mei_final,0.875,0.25
typespec,7801,16ce755c1c9f3009b6f71fc987c3a8f4,7,8,8,mei_final,0.875,0.25
typespec,7801,ad7a275d9c9c43b0710024a33c25b8bb,7,8,8,mei_final,0.875,0.25
typespec,7801,cc58e746e31077322159443e17edd6ad,7,8,8,mei_final,0.875,0.25
typespec,7801,51595c327ed3995b5e109120e363283a,7,8,8,mei_final,0.875,0.25
typespec,7801,ef7330b687c32647f68567411fa375c1,7,8,8,mei_final,0.875,0.25
typespec,7801,79c70b5649efcaa309d0b52cf5b5a946,7,8,8,mei_final,0.875,0.25
typespec,7801,ad7a275d9c9c43b0710024a33c25b8bb,7,8,8,mei_final,0.875,0.25
typespec,7801,18e901bd677ef93afeaa007d7b1a8bda,7,8,8,mei_final,0.875,0.25
typespec,7801,d81d99b2953ad9d39c315ce7d8ec239b,7,8,8,mei_final,0.875,0.25
typespec,7801,56008272c87aa3911f64b5256c290a5b,7,8,8,mei_final,0.875,0.25
typespec,7801,0b7d86afb58575c13377767c5cc9c03c,7,8,8,mei_final,0.875,0.25
typespec,7801,0b7d86afb58575c13377767c5cc9c03c,7,8,8,mei_final,0.875,0.25
typespec,7801,5e7245f731e3795d8452c19c0a3079c8,7,8,8,mei_final,0.875,0.25
typespec,7801,ad7a275d9c9c43b0710024a33c25b8bb,7,8,8,mei_final,0.875,0.25
typespec,7801,833d2f8e1e3139e9ae4c99a4b8f9bd1b,7,8,8,mei_final,0.875,0.25
typespec,7801,ab064c7e6f87c91026fc0b60959386bd,7,8,8,mei_final,0.875,0.25
typespec,7801,441e071caba4ad11de00bacd04fd3359,7,8,8,mei_final,0.875,0.25
typespec,7801,4941e2256d168badad362eb2a4c794d4,7,8,8,mei_final,0.875,0.25
typespec,7801,dfedb65e3677a841543bfdfac4e29864,7,8,8,mei_final,0.875,0.25
typespec,7801,fdb3ee042f948ecdc71df526328ee56c,7,8,8,mei_final,0.875,0.25
typespec,7801,239eb3ecdb9a85dde057f8310ed83558,7,8,8,mei_final,0.875,0.25
typespec,7801,a96fa6a3cc45d250f75af8a32a52df7a,7,8,8,mei_final,0.875,0.25
typespec,7801,58ae035d33df77b995144198ce9e8fa5,7,8,8,mei_final,0.875,0.25
typespec,7801,118c609a83a69faa11386ce33f0fcda4,7,8,8,mei_final,0.875,0.25
typespec,7801,b4ff20ec614060a9a37164571c7e48bb,7,8,8,mei_final,0.875,0.25
typespec,7801,ab064c7e6f87c91026fc0b60959386bd,7,8,8,mei_final,0.875,0.25
typespec,7801,112e644e76bb4137383dae7b888e6c74,7,8,8,mei_final,0.875,0.25
typespec,7801,ad7a275d9c9c43b0710024a33c25b8bb,7,8,8,mei_final,0.875,0.25
typespec,7801,ad7a275d9c9c43b0710024a33c25b8bb,7,8,8,mei_final,0.875,0.25
typespec,7801,7f666b703ffc25378b03be5ef0957f2f,7,8,8,mei_final,0.875,0.25
typespec,7801,b6632fe965c053c9ce31d34b2d94db4a,7,8,8,mei_final,0.875,0.25
typespec,7801,7ad9d35db37ef4faf14ba3295ca5c588,7,8,8,mei_final,0.875,0.25
typespec,7801,ab064c7e6f87c91026fc0b60959386bd,7,8,8,mei_final,0.875,0.25
typespec,7801,cd99c87188e8244a109ff66590d4f294,7,8,8,mei_final,0.875,0.25
typespec,7801,ab064c7e6f87c91026fc0b60959386bd,7,8,8,mei_final,0.875,0.25
typespec,7801,51595c327ed3995b5e109120e363283a,7,8,8,mei_final,0.875,0.25
typespec,7801,94dd114d5f4a2d9405eba8f3a7cb07b9,7,8,8,mei_final,0.875,0.25
typespec,7801,1751d98b2eccd4e4581b90bd57f711e8,7,8,8,mei_final,0.875,0.25
typespec,7801,fe4c79032df8f95fa0cdef45d20a67f4,7,8,8,mei_final,0.875,0.25
typespec,7801,2bdc88d80c971b587fe7ba0068c6a9a7,7,8,8,mei_final,0.875,0.25
typespec,7801,51595c327ed3995b5e109120e363283a,7,8,8,mei_final,0.875,0.25
typespec,7801,2973ed2783bf74e80612f9dfde521eb8,7,8,8,mei_final,0.875,0.25
typespec,7801,0cc028e1793c87e601982e29602a9957,7,8,8,mei_final,0.875,0.25
typespec,7801,67f38b7ecdcdee1b7a20dfcd1bf4afcb,7,8,8,mei_final,0.875,0.25
typespec,7801,c412a3520e43d2e1aaf48962e85b3f14,7,8,8,mei_final,0.875,0.25
typespec,7801,14c8137d8aa97438ddce5abcaa39e33c,7,8,8,mei_final,0.875,0.25
typespec,7801,52014c1f067ad3d0e1349659a4b0b166,7,8,8,mei_final,0.875,0.25
typespec,7801,dcef90c46ad7abf1a2da2566ca0e9ed6,7,8,8,mei_final,0.875,0.25
typespec,7801,ab064c7e6f87c91026fc0b60959386bd,7,8,8,mei_final,0.875,0.25
typespec,7801,cc58e746e31077322159443e17edd6ad,7,8,8,mei_final,0.875,0.25
typespec,7801,67f38b7ecdcdee1b7a20dfcd1bf4afcb,7,8,8,mei_final,0.875,0.25
typespec,7801,762dc8cf92651f995c5f0ab586f1dd8b,7,8,8,mei_final,0.875,0.25
typespec,7801,ab064c7e6f87c91026fc0b60959386bd,7,8,8,mei_final,0.875,0.25
typespec,7801,0b7d86afb58575c13377767c5cc9c03c,7,8,8,mei_final,0.875,0.25
typespec,7801,e5438fca2dcd32ae5a20af3356d54729,7,8,8,mei_final,0.875,0.25
typespec,7801,51595c327ed3995b5e109120e363283a,7,8,8,mei_final,0.875,0.25
typespec,7801,19c23d54c655393cb9c1afd9a05e30b5,7,8,8,mei_final,0.875,0.25
typespec,7801,4c878c973db641ad2c0e3ae3b3f3e85f,7,8,8,mei_final,0.875,0.25
typespec,7801,51595c327ed3995b5e109120e363283a,7,8,8,mei_final,0.875,0.25
typespec,7801,ab064c7e6f87c91026fc0b60959386bd,7,8,8,mei_final,0.875,0.25
typespec,7801,ad7a275d9c9c43b0710024a33c25b8bb,7,8,8,mei_final,0.875,0.25
typespec,7801,0cc028e1793c87e601982e29602a9957,7,8,8,mei_final,0.875,0.25
typespec,7801,a7c211b3efe3e5ca2abbe9578bc57018,7,8,8,mei_final,0.875,0.25
typespec,7801,cd03c747db4f3fd4d3d100554ae5d985,7,8,8,mei_final,0.875,0.25
typespec,7801,66ded3c3ad5bb1ec21a18c84820ff3ff,7,8,8,mei_final,0.875,0.25
typespec,7801,fe95d9661d1e85df1c0ad169d8f18114,7,8,8,mei_final,0.875,0.25
typespec,7801,46d969f26a994dd323953fe6fd8040a7,7,8,8,mei_final,0.875,0.25
typespec,7801,ab064c7e6f87c91026fc0b60959386bd,7,8,8,mei_final,0.875,0.25
typespec,7801,de16b63a2cdd041ece7de8625789cc9d,7,8,8,mei_final,0.875,0.25
typespec,7801,abdce543a088c926ce3bc1226d21c730,7,8,8,mei_final,0.875,0.25
typespec,7801,b9f74df25077cbf69e5f4a24fe00c004,7,8,8,mei_final,0.875,0.25
typespec,7801,dcac2e905996a5c11a328b675f85396d,7,8,8,mei_final,0.875,0.25
typespec,7801,ca71cd951cc42bb0566bc815023e72a1,7,8,8,mei_final,0.875,0.25
typespec,7801,34411365654923a99536ba59de4f5884,7,8,8,mei_final,0.875,0.25
typespec,7801,66ded3c3ad5bb1ec21a18c84820ff3ff,7,8,8,mei_final,0.875,0.25
typespec,7801,ad7a275d9c9c43b0710024a33c25b8bb,7,8,8,mei_final,0.875,0.25
typespec,7801,737e55e8913efae2a8f3188514414b33,7,8,8,mei_final,0.875,0.25
typespec,7801,ef7330b687c32647f68567411fa375c1,7,8,8,mei_final,0.875,0.25
typespec,7801,ae44447bad6e0d02b7fc29de9ee7588b,7,8,8,mei_final,0.875,0.25
typespec,7801,eac01804468c5d82d16c2a5f9478f85f,7,8,8,mei_final,0.875,0.25
typespec,7801,6d0eae35494c86a0b000267e39142ebc,7,8,8,mei_final,0.875,0.25
typespec,7801,0b7d86afb58575c13377767c5cc9c03c,7,8,8,mei_final,0.875,0.25
typespec,7801,24ea1d200d1b4b8c1b27b79869664100,7,8,8,mei_final,0.875,0.25
typespec,7801,ed84c7918853fc2641ad4a40bf09245f,7,8,8,mei_final,0.875,0.25
typespec,7801,0b7d86afb58575c13377767c5cc9c03c,7,8,8,mei_final,0.875,0.25
typespec,7801,c91b148486c8b579a74a5fdb83281c8e,7,8,8,mei_final,0.875,0.25
typespec,7801,1381d13cd6330efb30e00886fadb3ecf,7,8,8,mei_final,0.875,0.25
typespec,7801,ab064c7e6f87c91026fc0b60959386bd,7,8,8,mei_final,0.875,0.25
typespec,7801,6e76f68ba40c1077bca18fd0ca9192c5,7,8,8,mei_final,0.875,0.25
typespec,7801,239eb3ecdb9a85dde057f8310ed83558,7,8,8,mei_final,0.875,0.25
typespec,7801,239eb3ecdb9a85dde057f8310ed83558,7,8,8,mei_final,0.875,0.25
typespec,7801,96c8bf0b3ddc4c75fc2d23e6195f198f,7,8,8,mei_final,0.875,0.25
typespec,7801,239eb3ecdb9a85dde057f8310ed83558,7,8,8,mei_final,0.875,0.25
typespec,7801,e1943f443d38f75ea0f81468f4126df8,7,8,8,mei_final,0.875,0.25
typespec,7801,63af8766e3d853c220fceb3def879531,7,8,8,mei_final,0.875,0.25
typespec,7801,57d1965047c171c8a213f561fd02f6e6,7,8,8,mei_final,0.875,0.25
typespec,7801,ab064c7e6f87c91026fc0b60959386bd,7,8,8,mei_final,0.875,0.25
typespec,7801,37e347fa38236deeb7f0f13b4f32a863,7,8,8,mei_final,0.875,0.25
typespec,7801,42c95fc3741eb3ba3f3a0437f955141a,7,8,8,mei_final,0.875,0.25
typespec,7801,ad7a275d9c9c43b0710024a33c25b8bb,7,8,8,mei_final,0.875,0.25
typespec,7801,ab064c7e6f87c91026fc0b60959386bd,7,8,8,mei_final,0.875,0.25
typespec,7801,d1ceffc4b5ec0f77a48aca75c82c8736,7,8,8,mei_final,0.875,0.25
typespec,7801,cc58e746e31077322159443e17edd6ad,7,8,8,mei_final,0.875,0.25
typespec,7801,79c70b5649efcaa309d0b52cf5b5a946,7,8,8,mei_final,0.875,0.25
typespec,7801,9101fc0625ccd6830a38b96883a85964,7,8,8,mei_final,0.875,0.25
typespec,7801,97858098342a44c2400195ad526c1662,7,8,8,mei_final,0.875,0.25
typespec,7801,51595c327ed3995b5e109120e363283a,7,8,8,mei_final,0.875,0.25
typespec,7801,cd03c747db4f3fd4d3d100554ae5d985,7,8,8,mei_final,0.875,0.25
typespec,7801,c2ec2c60395e28eceeea065895afccf9,7,8,8,mei_final,0.875,0.25
typespec,7801,ab064c7e6f87c91026fc0b60959386bd,7,8,8,mei_final,0.875,0.25
typespec,7801,85739b1f71e3c88f5ceb61bcc341cd46,7,8,8,mei_final,0.875,0.25
typespec,7801,51595c327ed3995b5e109120e363283a,7,8,8,mei_final,0.875,0.25
typespec,7801,7792c9dc0ef5687c126a4834e2bf7237,7,8,8,mei_final,0.875,0.25
typespec,7801,349c37be21068e1023f565f5df9d5ffc,7,8,8,mei_final,0.875,0.25
typespec,7801,275dc4cb88a514b7383020b8ff8c8ed2,7,8,8,mei_final,0.875,0.25
typespec,7801,a513d34c0e1c22be212e1601955b7fa9,7,8,8,mei_final,0.875,0.25
typespec,7801,346bcf424cc86e197f22bb1774e6b8ab,7,8,8,mei_final,0.875,0.25
typespec,7801,79c70b5649efcaa309d0b52cf5b5a946,7,8,8,mei_final,0.875,0.25
typespec,7801,ad7a275d9c9c43b0710024a33c25b8bb,7,8,8,mei_final,0.875,0.25
typespec,7801,51595c327ed3995b5e109120e363283a,7,8,8,mei_final,0.875,0.25
typespec,7801,112e644e76bb4137383dae7b888e6c74,7,8,8,mei_final,0.875,0.25
typespec,7801,ad7a275d9c9c43b0710024a33c25b8bb,7,8,8,mei_final,0.875,0.25
typespec,7801,c222d01b9afdb2a8d7226e015bae2ccb,7,8,8,mei_final,0.875,0.25
typespec,7801,ad7a275d9c9c43b0710024a33c25b8bb,7,8,8,mei_final,0.875,0.25
typespec,7801,0db9335de782c46362b353224fbef277,7,8,8,mei_final,0.875,0.25
typespec,7801,ab064c7e6f87c91026fc0b60959386bd,7,8,8,mei_final,0.875,0.25
typespec,7801,417c430512379ee419bdfb4f942e106f,7,8,8,mei_final,0.875,0.25
typespec,7801,09a9cf7f1f252e107603e5d6311f9907,7,8,8,mei_final,0.875,0.25
typespec,7801,0b7d86afb58575c13377767c5cc9c03c,7,8,8,mei_final,0.875,0.25
typespec,7801,e4c030ebb6363f2d156de6293ae8e17c,7,8,8,mei_final,0.875,0.25
typespec,7801,bb64b7f5d1ad29a071705d1171bf8263,7,8,8,mei_final,0.875,0.25
typespec,7801,ad7a275d9c9c43b0710024a33c25b8bb,7,8,8,mei_final,0.875,0.25
typespec,7801,53eb737bf67997600a80b2195c9d47bb,7,8,8,mei_final,0.875,0.25
typespec,7801,ad7a275d9c9c43b0710024a33c25b8bb,7,8,8,mei_final,0.875,0.25
typespec,7801,51595c327ed3995b5e109120e363283a,7,8,8,mei_final,0.875,0.25
typespec,7801,776523d3ced5330a678381dbaceb383c,7,8,8,mei_final,0.875,0.25
typespec,7801,51595c327ed3995b5e109120e363283a,7,8,8,mei_final,0.875,0.25
typespec,7801,ad7a275d9c9c43b0710024a33c25b8bb,7,8,8,mei_final,0.875,0.25
typespec,7801,dcef90c46ad7abf1a2da2566ca0e9ed6,7,8,8,mei_final,0.875,0.25
typespec,7801,09a9cf7f1f252e107603e5d6311f9907,7,8,8,mei_final,0.875,0.25
typespec,7801,65617ea1d6b456abf0c0138b7e2ab464,7,8,8,mei_final,0.875,0.25
typespec,7801,8a5d4fb20adee7e81a06b60d55925877,7,8,8,mei_final,0.875,0.25
typespec,7801,f6f243927e2d17f79e9b4085fb423f1d,7,8,8,mei_final,0.875,0.25
typespec,7801,b0ca204203ed44da4cbbd8581ea00baf,7,8,8,mei_final,0.875,0.25
typespec,7801,8f2879388b017a27d4655b6a356c3473,7,8,8,mei_final,0.875,0.25
typespec,7801,d3e9f55bbe18acaf54da36759c3893d7,7,8,8,mei_final,0.875,0.25
typespec,7801,96f77a2d64eacb66399277649b181fea,7,8,8,mei_final,0.875,0.25
typespec,7801,0cc028e1793c87e601982e29602a9957,7,8,8,mei_final,0.875,0.25
typespec,7801,524c4910b039c35a6d8d00a56764bfb3,7,8,8,mei_final,0.875,0.25
typespec,7801,b3066f936547d96a53cce5cfcdb0fc46,7,8,8,mei_final,0.875,0.25
typespec,7801,57d1965047c171c8a213f561fd02f6e6,7,8,8,mei_final,0.875,0.25
typespec,7801,ab064c7e6f87c91026fc0b60959386bd,7,8,8,mei_final,0.875,0.25
typespec,7801,239eb3ecdb9a85dde057f8310ed83558,7,8,8,mei_final,0.875,0.25
typespec,7801,fa2c9a3715fe574df2d0104069097a2b,7,8,8,mei_final,0.875,0.25
typespec,7801,2d5ec40a83bdad87c4cc9d5d89ee252c,7,8,8,mei_final,0.875,0.25
typespec,7801,762dc8cf92651f995c5f0ab586f1dd8b,7,8,8,mei_final,0.875,0.25
typespec,7801,51595c327ed3995b5e109120e363283a,7,8,8,mei_final,0.875,0.25
typespec,7801,b0ca204203ed44da4cbbd8581ea00baf,7,8,8,mei_final,0.875,0.25
typespec,7801,67f38b7ecdcdee1b7a20dfcd1bf4afcb,7,8,8,mei_final,0.875,0.25
typespec,7801,b9f74df25077cbf69e5f4a24fe00c004,7,8,8,mei_final,0.875,0.25
typespec,7801,aec5e1d487148bfc3de4b7fff158117d,7,8,8,mei_final,0.875,0.25
typespec,7801,ad7a275d9c9c43b0710024a33c25b8bb,7,8,8,mei_final,0.875,0.25
typespec,7801,b83d6b471a80e4fb46463f35d383b1f4,7,8,8,mei_final,0.875,0.25
typespec,7801,daec1f4d52611a96fa7d4f709e60ea67,7,8,8,mei_final,0.875,0.25
typespec,7801,2356405ae240cc45f46782c7e3908baa,7,8,8,mei_final,0.875,0.25
typespec,7801,2f35c4d39c2677eb70fc10d878f68c21,7,8,8,mei_final,0.875,0.25
typespec,7801,ba291445c2d4539f5cce54c9ebf6a7fd,7,8,8,mei_final,0.875,0.25
typespec,7801,fa2c9a3715fe574df2d0104069097a2b,7,8,8,mei_final,0.875,0.25
typespec,7801,ee2533a8ead14fb56087d4616e35fe0f,7,8,8,mei_final,0.875,0.25
typespec,7801,4f4fece786ad13487b2763687f9de77a,7,8,8,mei_final,0.875,0.25
typespec,7801,daee564de4323fbbbfb525ed76fe52f6,7,8,8,mei_final,0.875,0.25
typespec,7801,d9a394ac306a306217b19d204ad98171,7,8,8,mei_final,0.875,0.25
typespec,7801,d4b02d143b46c26e479f8764132516a3,7,8,8,mei_final,0.875,0.25
typespec,7801,51595c327ed3995b5e109120e363283a,7,8,8,mei_final,0.875,0.25
typespec,7801,346bcf424cc86e197f22bb1774e6b8ab,7,8,8,mei_final,0.875,0.25
typespec,7801,7125d262c1d935a6f8b4aa68575836f8,7,8,8,mei_final,0.875,0.25
typespec,7801,ad7a275d9c9c43b0710024a33c25b8bb,7,8,8,mei_final,0.875,0.25
typespec,7801,26e232a051fe59a0ababda0258370a43,7,8,8,mei_final,0.875,0.25
typespec,7801,d81d99b2953ad9d39c315ce7d8ec239b,7,8,8,mei_final,0.875,0.25
typespec,7801,b83d6b471a80e4fb46463f35d383b1f4,7,8,8,mei_final,0.875,0.25
typespec,7801,4bb97d9eba79d581e361371c194c9b29,7,8,8,mei_final,0.875,0.25
typespec,7801,8c63a3822428b0632b6fab63c7e430d2,7,8,8,mei_final,0.875,0.25
typespec,7801,ad7a275d9c9c43b0710024a33c25b8bb,7,8,8,mei_final,0.875,0.25
typespec,7801,cd99c87188e8244a109ff66590d4f294,7,8,8,mei_final,0.875,0.25
typespec,7801,a28d393a58a07f210ff6850722dc1ff6,7,8,8,mei_final,0.875,0.25
typespec,7801,ab064c7e6f87c91026fc0b60959386bd,7,8,8,mei_final,0.875,0.25
typespec,7801,dcac2e905996a5c11a328b675f85396d,7,8,8,mei_final,0.875,0.25
typespec,7801,77d07264264b2eee765fbb629ac2f8a6,7,8,8,mei_final,0.875,0.25
typespec,7801,d100ab4d3f3eba1b28523746e4c80fc0,7,8,8,mei_final,0.875,0.25
typespec,7801,4941e2256d168badad362eb2a4c794d4,7,8,8,mei_final,0.875,0.25
typespec,7801,239eb3ecdb9a85dde057f8310ed83558,7,8,8,mei_final,0.875,0.25
typespec,7801,5fb703cbbb03e40c71cb1faea912235c,7,8,8,mei_final,0.875,0.25
typespec,7801,e4f6f5c7e33c0b23750a93243dd540ec,7,8,8,mei_final,0.875,0.25
typespec,7801,ad7a275d9c9c43b0710024a33c25b8bb,7,8,8,mei_final,0.875,0.25
typespec,7801,a647e2b655ac8324ed4410313ebcb8f6,7,8,8,mei_final,0.875,0.25
typespec,7801,ab064c7e6f87c91026fc0b60959386bd,7,8,8,mei_final,0.875,0.25
typespec,7801,62ac7b10ef24570df8224914cd220204,7,8,8,mei_final,0.875,0.25
typespec,7801,51595c327ed3995b5e109120e363283a,7,8,8,mei_final,0.875,0.25
typespec,7801,a866baacf353c6c6fa0f8d644e8b5c63,7,8,8,mei_final,0.875,0.25
typespec,7801,702e46e3b30bcf0b0f2ebc197fa4f607,7,8,8,mei_final,0.875,0.25
typespec,7801,387ea1cac167868ea7be2b2b34486fd5,7,8,8,mei_final,0.875,0.25
typespec,7801,ab064c7e6f87c91026fc0b60959386bd,7,8,8,mei_final,0.875,0.25
typespec,7801,51595c327ed3995b5e109120e363283a,7,8,8,mei_final,0.875,0.25
typespec,7801,ab064c7e6f87c91026fc0b60959386bd,7,8,8,mei_final,0.875,0.25
typespec,7801,aed26c7bfcd60659de8d65de3e022269,7,8,8,mei_final,0.875,0.25
typespec,7801,ab064c7e6f87c91026fc0b60959386bd,7,8,8,mei_final,0.875,0.25
typespec,7801,80c5ed59a7ab950cf045f48c9c13b3d7,7,8,8,mei_final,0.875,0.25
typespec,7801,31b76990bcc6066433d8d7bf6de5fdc0,7,8,8,mei_final,0.875,0.25
typespec,7801,702e46e3b30bcf0b0f2ebc197fa4f607,7,8,8,mei_final,0.875,0.25
typespec,7801,98ac2cd2fed0fbb5dd87f3d614830d99,7,8,8,mei_final,0.875,0.25
typespec,7801,856ee92f778d44fed43398e6cc6921db,7,8,8,mei_final,0.875,0.25
typespec,7801,65fc4d37c9db96b616eb26f182d0b19f,7,8,8,mei_final,0.875,0.25
typespec,7801,ab064c7e6f87c91026fc0b60959386bd,7,8,8,mei_final,0.875,0.25
typespec,7801,239eb3ecdb9a85dde057f8310ed83558,7,8,8,mei_final,0.875,0.25
typespec,7801,f3d67b5d632b4874df8f8bd1f5849cdf,7,8,8,mei_final,0.875,0.25
typespec,7801,cd03c747db4f3fd4d3d100554ae5d985,7,8,8,mei_final,0.875,0.25
typespec,7801,ad7a275d9c9c43b0710024a33c25b8bb,7,8,8,mei_final,0.875,0.25
typespec,7801,ab064c7e6f87c91026fc0b60959386bd,7,8,8,mei_final,0.875,0.25
typespec,7801,a3e0a51906d2f6668cc116232fa2b2b9,7,8,8,mei_final,0.875,0.25
typespec,7801,ab064c7e6f87c91026fc0b60959386bd,7,8,8,mei_final,0.875,0.25
typespec,7801,922c9e9243089f1a54d1f4f98d31ad46,7,8,8,mei_final,0.875,0.25
typespec,7801,22927326be66d004a43326c7de05ed1e,7,8,8,mei_final,0.875,0.25
typespec,7801,b4ff20ec614060a9a37164571c7e48bb,7,8,8,mei_final,0.875,0.25
typespec,7801,8fea4dcb5b653cb4444959f13695cdca,7,8,8,mei_final,0.875,0.25
typespec,7801,ad7a275d9c9c43b0710024a33c25b8bb,7,8,8,mei_final,0.875,0.25
typespec,7801,3b962b03513c943938646af0bc050550,7,8,8,mei_final,0.875,0.25
typespec,7801,14c8137d8aa97438ddce5abcaa39e33c,7,8,8,mei_final,0.875,0.25
typespec,7801,51595c327ed3995b5e109120e363283a,7,8,8,mei_final,0.875,0.25
typespec,7801,3b962b03513c943938646af0bc050550,7,8,8,mei_final,0.875,0.25
typespec,7801,d06de0e1da8fb7d055c83fc7b23bd8bf,7,8,8,mei_final,0.875,0.25
typespec,7801,6d96b70c564ab4d9f228b4c9effa55bb,7,8,8,mei_final,0.875,0.25
typespec,7801,51595c327ed3995b5e109120e363283a,7,8,8,mei_final,0.875,0.25
typespec,7801,0b7d86afb58575c13377767c5cc9c03c,7,8,8,mei_final,0.875,0.25
typespec,7801,ec57e31e84cbfee4bebf28e1b5cd5189,7,8,8,mei_final,0.875,0.25
typespec,7801,275dc4cb88a514b7383020b8ff8c8ed2,7,8,8,mei_final,0.875,0.25
typespec,7801,9c45d4b9d5cc1ae90f7cb1a069eab5d2,7,8,8,mei_final,0.875,0.25
typespec,7801,ad7a275d9c9c43b0710024a33c25b8bb,7,8,8,mei_final,0.875,0.25
typespec,7801,0b7d86afb58575c13377767c5cc9c03c,7,8,8,mei_final,0.875,0.25
typespec,7801,a066f44dccd05ac102e36800c03e8ffc,7,8,8,mei_final,0.875,0.25
typespec,7801,ef688300e4f600176a87b4694251d655,7,8,8,mei_final,0.875,0.25
typespec,7801,ab064c7e6f87c91026fc0b60959386bd,7,8,8,mei_final,0.875,0.25
typespec,7801,0c319c43330980fb7709e178a5469a20,7,8,8,mei_final,0.875,0.25
typespec,7801,d5b6177c5443ffd0a22bf1c5b819e016,7,8,8,mei_final,0.875,0.25
typespec,7801,ab064c7e6f87c91026fc0b60959386bd,7,8,8,mei_final,0.875,0.25
typespec,7801,daec1f4d52611a96fa7d4f709e60ea67,7,8,8,mei_final,0.875,0.25
typespec,7801,ad7a275d9c9c43b0710024a33c25b8bb,7,8,8,mei_final,0.875,0.25
typespec,7801,7ad9d35db37ef4faf14ba3295ca5c588,7,8,8,mei_final,0.875,0.25
typespec,7801,ab064c7e6f87c91026fc0b60959386bd,7,8,8,mei_final,0.875,0.25
typespec,7801,5bbb827b0c5cb78bff09ed13d2f7367f,7,8,8,mei_final,0.875,0.25
typespec,7801,ad7a275d9c9c43b0710024a33c25b8bb,7,8,8,mei_final,0.875,0.25
typespec,7801,2e6504c8498ca9b0d6ce986063146085,7,8,8,mei_final,0.875,0.25
typespec,7801,ab064c7e6f87c91026fc0b60959386bd,7,8,8,mei_final,0.875,0.25
typespec,7801,ad7a275d9c9c43b0710024a33c25b8bb,7,8,8,mei_final,0.875,0.25
typespec,7801,ab064c7e6f87c91026fc0b60959386bd,7,8,8,mei_final,0.875,0.25
typespec,7801,6d41e31076efa10c912c070a08598849,7,8,8,mei_final,0.875,0.25
typespec,7801,8ee9c80b8b65d83148a05e0103aa90ca,7,8,8,mei_final,0.875,0.25
typespec,7801,5a5faec91cdfcbe9d4567c9a203c94e6,7,8,8,mei_final,0.875,0.25
typespec,7801,6a2f4d20387465be1add97f4b374b4e8,7,8,8,mei_final,0.875,0.25
typespec,7801,ca99c8103aa96d80f4432f87db782426,7,8,8,mei_final,0.875,0.25
typespec,7801,6d0eae35494c86a0b000267e39142ebc,7,8,8,mei_final,0.875,0.25
typespec,7801,53eb737bf67997600a80b2195c9d47bb,7,8,8,mei_final,0.875,0.25
typespec,7801,776523d3ced5330a678381dbaceb383c,7,8,8,mei_final,0.875,0.25
typespec,7801,ad7a275d9c9c43b0710024a33c25b8bb,7,8,8,mei_final,0.875,0.25
typespec,7801,ed25e2c6995f5242faaa1c225bf8d1bf,7,8,8,mei_final,0.875,0.25
typespec,7801,f410659b8e4b65987baf18f1c29beb30,7,8,8,mei_final,0.875,0.25
typespec,7801,4e9347d56baba525a672a38f9ccde0a6,7,8,8,mei_final,0.875,0.25
typespec,7801,f16afd903ae66033aaa1f38e8c169595,7,8,8,mei_final,0.875,0.25
typespec,7801,35fd02453a238702f1cd9dbbefb524bb,7,8,8,mei_final,0.875,0.25
typespec,7801,e0713b3bbcf1189da207fbb28863719c,7,8,8,mei_final,0.875,0.25
typespec,7801,ee6d6a8a7003f25750ab6667f33a545f,7,8,8,mei_final,0.875,0.25
typespec,7801,ad7a275d9c9c43b0710024a33c25b8bb,7,8,8,mei_final,0.875,0.25
typespec,7801,ab064c7e6f87c91026fc0b60959386bd,7,8,8,mei_final,0.875,0.25
typespec,7801,3dfa0a2331eb7c43d96c3b1ab5c87aac,7,8,8,mei_final,0.875,0.25
typespec,7801,ab064c7e6f87c91026fc0b60959386bd,7,8,8,mei_final,0.875,0.25
typespec,7801,f16afd903ae66033aaa1f38e8c169595,7,8,8,mei_final,0.875,0.25
typespec,7801,833d2f8e1e3139e9ae4c99a4b8f9bd1b,7,8,8,mei_final,0.875,0.25
typespec,7801,f24da441cd96bee17eae86d1f2afb93c,7,8,8,mei_final,0.875,0.25
typespec,7801,ab064c7e6f87c91026fc0b60959386bd,7,8,8,mei_final,0.875,0.25
typespec,7801,24ea1d200d1b4b8c1b27b79869664100,7,8,8,mei_final,0.875,0.25
typespec,7801,ad7a275d9c9c43b0710024a33c25b8bb,7,8,8,mei_final,0.875,0.25
typespec,7801,0ac13dbc682daf2d7539c78ba6f618a1,7,8,8,mei_final,0.875,0.25
typespec,7801,0b7d86afb58575c13377767c5cc9c03c,7,8,8,mei_final,0.875,0.25
typespec,7801,4276e421f11a1dabfc422d28f9378635,7,8,8,mei_final,0.875,0.25
typespec,7801,ad7a275d9c9c43b0710024a33c25b8bb,7,8,8,mei_final,0.875,0.25
typespec,7801,ab064c7e6f87c91026fc0b60959386bd,7,8,8,mei_final,0.875,0.25
typespec,7801,0cc028e1793c87e601982e29602a9957,7,8,8,mei_final,0.875,0.25
typespec,7801,b83d6b471a80e4fb46463f35d383b1f4,7,8,8,mei_final,0.875,0.25
typespec,7801,cd03c747db4f3fd4d3d100554ae5d985,7,8,8,mei_final,0.875,0.25
typespec,7801,26e232a051fe59a0ababda0258370a43,7,8,8,mei_final,0.875,0.25
typespec,7801,51d2c46cdd56a6e5e0422119c9521cfc,7,8,8,mei_final,0.875,0.25
typespec,7801,0b7d86afb58575c13377767c5cc9c03c,7,8,8,mei_final,0.875,0.25
typespec,7801,e780a124b4e3f23ad7ccb1e6df219903,7,8,8,mei_final,0.875,0.25
typespec,7801,8a4d92d703930c61f2e811554800b6a9,7,8,8,mei_final,0.875,0.25
typespec,7801,80952a697b9ec2b8660ec606c5be7fc0,7,8,8,mei_final,0.875,0.25
typespec,7801,51595c327ed3995b5e109120e363283a,7,8,8,mei_final,0.875,0.25
typespec,7801,dcac2e905996a5c11a328b675f85396d,7,8,8,mei_final,0.875,0.25
typespec,7801,e7b7b016b7d9ede6c6a1c1acd33e12d3,7,8,8,mei_final,0.875,0.25
typespec,7801,79c70b5649efcaa309d0b52cf5b5a946,7,8,8,mei_final,0.875,0.25
typespec,7801,d100ab4d3f3eba1b28523746e4c80fc0,7,8,8,mei_final,0.875,0.25
typespec,7801,e6628ff69866abec669416ba2957a818,7,8,8,mei_final,0.875,0.25
typespec,7801,ad7a275d9c9c43b0710024a33c25b8bb,7,8,8,mei_final,0.875,0.25
typespec,7801,f8effb7bd9a11ca8db7132176b3c43bd,7,8,8,mei_final,0.875,0.25
typespec,7801,ed84c7918853fc2641ad4a40bf09245f,7,8,8,mei_final,0.875,0.25
typespec,7801,8ee9c80b8b65d83148a05e0103aa90ca,7,8,8,mei_final,0.875,0.25
typespec,7801,b474b7d7ad18d8e1eeaeaff08cf6fa37,7,8,8,mei_final,0.875,0.25
typespec,7801,abdce543a088c926ce3bc1226d21c730,7,8,8,mei_final,0.875,0.25
typespec,7801,fa2c9a3715fe574df2d0104069097a2b,7,8,8,mei_final,0.875,0.25
typespec,7801,de16b63a2cdd041ece7de8625789cc9d,7,8,8,mei_final,0.875,0.25
typespec,7801,51595c327ed3995b5e109120e363283a,7,8,8,mei_final,0.875,0.25
typespec,7801,a03133b02ee50209592aec598d17a48f,7,8,8,mei_final,0.875,0.25
typespec,7801,67f38b7ecdcdee1b7a20dfcd1bf4afcb,7,8,8,mei_final,0.875,0.25
typespec,7801,a6ec97b5186767d6222d16d8aa48a11c,7,8,8,mei_final,0.875,0.25
typespec,7801,6e76f68ba40c1077bca18fd0ca9192c5,7,8,8,mei_final,0.875,0.25
typespec,7801,ad7a275d9c9c43b0710024a33c25b8bb,7,8,8,mei_final,0.875,0.25
typespec,7801,4942221a7036a47dc3c13da638d8f9c3,7,8,8,mei_final,0.875,0.25
typespec,7801,1751d98b2eccd4e4581b90bd57f711e8,7,8,8,mei_final,0.875,0.25
typespec,7801,cc58e746e31077322159443e17edd6ad,7,8,8,mei_final,0.875,0.25
typespec,7801,d06de0e1da8fb7d055c83fc7b23bd8bf,7,8,8,mei_final,0.875,0.25
typespec,7801,79177bb0b4ca5806cf61e25420cb6c20,7,8,8,mei_final,0.875,0.25
typespec,7801,2d5ec40a83bdad87c4cc9d5d89ee252c,7,8,8,mei_final,0.875,0.25
typespec,7801,1c319f9e88ea2224ad2fef1acf8f1192,7,8,8,mei_final,0.875,0.25
typespec,7801,79c70b5649efcaa309d0b52cf5b5a946,7,8,8,mei_final,0.875,0.25
typespec,7801,4bbb6db92d9c610ad23d732ac798c944,7,8,8,mei_final,0.875,0.25
typespec,7801,0ddbe629b91147f03d5b735a8cbf1915,7,8,8,mei_final,0.875,0.25
typespec,7801,b3066f936547d96a53cce5cfcdb0fc46,7,8,8,mei_final,0.875,0.25
typespec,7801,1966139cac4db65967368104996da8e4,7,8,8,mei_final,0.875,0.25
typespec,7801,80952a697b9ec2b8660ec606c5be7fc0,7,8,8,mei_final,0.875,0.25
typespec,7801,dcef90c46ad7abf1a2da2566ca0e9ed6,7,8,8,mei_final,0.875,0.25
typespec,7801,ab064c7e6f87c91026fc0b60959386bd,7,8,8,mei_final,0.875,0.25
typespec,7801,2100f84ade72a6656507918ec6f90b84,7,8,8,mei_final,0.875,0.25
typespec,7801,51595c327ed3995b5e109120e363283a,7,8,8,mei_final,0.875,0.25
typespec,7801,7125d262c1d935a6f8b4aa68575836f8,7,8,8,mei_final,0.875,0.25
typespec,7801,0cfbd1af667757aa12144ec19710c932,7,8,8,mei_final,0.875,0.25
typespec,7801,553e928a9ff0ada6981bb9d2d5324bec,7,8,8,mei_final,0.875,0.25
typespec,7801,27d5a50638e8f7a6f2f6e25ce108c24a,7,8,8,mei_final,0.875,0.25
typespec,7801,de719dccb8c7ee9400264cc91348163e,7,8,8,mei_final,0.875,0.25
typespec,7801,e3fa34ef5f6d19aa23c0fd5c73a96148,7,8,8,mei_final,0.875,0.25
typespec,7801,0cc028e1793c87e601982e29602a9957,7,8,8,mei_final,0.875,0.25
typespec,7801,7c98d420938884c6697ee78a40cd98c0,7,8,8,mei_final,0.875,0.25
typespec,7801,a4e3549c7d7adf3ccf5f292b13679092,7,8,8,mei_final,0.875,0.25
typespec,7801,d4b02d143b46c26e479f8764132516a3,7,8,8,mei_final,0.875,0.25
typespec,7801,80c5ed59a7ab950cf045f48c9c13b3d7,7,8,8,mei_final,0.875,0.25
typespec,7801,0ec8f57013bf44e6c2e8588aa915ced3,7,8,8,mei_final,0.875,0.25
typespec,7801,069904041d65ac9737b403331bdc3aa5,7,8,8,mei_final,0.875,0.25
typespec,7801,1b5176537d07dc899d8393b458d029c5,7,8,8,mei_final,0.875,0.25
typespec,7801,57d4727c88f36ebb29d09d28ac223970,7,8,8,mei_final,0.875,0.25
typespec,7801,20bc29f92eb384dc22ed897f70eb79cc,7,8,8,mei_final,0.875,0.25
typespec,7801,e095c48e59231cf58eec2e18198ce02f,7,8,8,mei_final,0.875,0.25
typespec,7801,ab064c7e6f87c91026fc0b60959386bd,7,8,8,mei_final,0.875,0.25
typespec,7801,0ec8f57013bf44e6c2e8588aa915ced3,7,8,8,mei_final,0.875,0.25
typespec,7801,5237b3eded6713f09fbd64c577c53fd2,7,8,8,mei_final,0.875,0.25
typespec,7801,3ab3537dc6d54e1fe664d30d319a65bf,7,8,8,mei_final,0.875,0.25
typespec,7801,d06de0e1da8fb7d055c83fc7b23bd8bf,7,8,8,mei_final,0.875,0.25
typespec,7801,004526bdb9f2c6cff538eb5765f053e6,7,8,8,mei_final,0.875,0.25
typespec,7801,ad7a275d9c9c43b0710024a33c25b8bb,7,8,8,mei_final,0.875,0.25
typespec,7801,ad7a275d9c9c43b0710024a33c25b8bb,7,8,8,mei_final,0.875,0.25
typespec,7801,ab064c7e6f87c91026fc0b60959386bd,7,8,8,mei_final,0.875,0.25
typespec,7801,ad7a275d9c9c43b0710024a33c25b8bb,7,8,8,mei_final,0.875,0.25
typespec,7801,91d20f0087ea8518389853916affadae,7,8,8,mei_final,0.875,0.25
typespec,7801,0b7d86afb58575c13377767c5cc9c03c,7,8,8,mei_final,0.875,0.25
typespec,7801,ad7a275d9c9c43b0710024a33c25b8bb,7,8,8,mei_final,0.875,0.25
typespec,7801,f7a262030abb5e449192d93a5080e031,7,8,8,mei_final,0.875,0.25
typespec,7801,35fd02453a238702f1cd9dbbefb524bb,7,8,8,mei_final,0.875,0.25
typespec,7801,65617ea1d6b456abf0c0138b7e2ab464,7,8,8,mei_final,0.875,0.25
typespec,7801,d622b78bed8783af0fcf3c2f851c81ac,7,8,8,mei_final,0.875,0.25
typespec,7801,0b7d86afb58575c13377767c5cc9c03c,7,8,8,mei_final,0.875,0.25
typespec,7801,ff47fc67a03401205aa50e7670b3e014,7,8,8,mei_final,0.875,0.25
typespec,7801,323cca8046ecb8fb061e2aeb2079f170,7,8,8,mei_final,0.875,0.25
typespec,7801,4f2e823685ba5cb0cc8114e16a5e5c61,7,8,8,mei_final,0.875,0.25
typespec,7801,51595c327ed3995b5e109120e363283a,7,8,8,mei_final,0.875,0.25
typespec,7801,4ff6b2c17af4aa6096f3fbe4eb9247e5,7,8,8,mei_final,0.875,0.25
typespec,7801,d8966a45652503f3e781b7ffaee3dd99,7,8,8,mei_final,0.875,0.25
typespec,7801,018f9f10e5e3d72acd515afc889d772d,7,8,8,mei_final,0.875,0.25
typespec,7801,c186ac03aa74ce332c20ed6765bc1c2c,7,8,8,mei_final,0.875,0.25
typespec,7801,4f970338836798dec0ca965463c06141,7,8,8,mei_final,0.875,0.25
typespec,7801,58ae035d33df77b995144198ce9e8fa5,7,8,8,mei_final,0.875,0.25
typespec,7801,ad7a275d9c9c43b0710024a33c25b8bb,7,8,8,mei_final,0.875,0.25
typespec,7801,55931b4c5a14744dbefa88a4ad97959d,7,8,8,mei_final,0.875,0.25
typespec,7801,c186ac03aa74ce332c20ed6765bc1c2c,7,8,8,mei_final,0.875,0.25
typespec,7801,0ec8f57013bf44e6c2e8588aa915ced3,7,8,8,mei_final,0.875,0.25
typespec,7801,de719dccb8c7ee9400264cc91348163e,7,8,8,mei_final,0.875,0.25
typespec,7801,fa2c9a3715fe574df2d0104069097a2b,7,8,8,mei_final,0.875,0.25
typespec,7801,390369cd7195c7ed50ded200bc317adf,7,8,8,mei_final,0.875,0.25
typespec,7801,9c45d4b9d5cc1ae90f7cb1a069eab5d2,7,8,8,mei_final,0.875,0.25
typespec,7801,48d99a2dc3243519030d524e43298be7,7,8,8,mei_final,0.875,0.25
typespec,7801,7b96708fefa8579806ff19e1884eecce,7,8,8,mei_final,0.875,0.25
typespec,7801,0b7d86afb58575c13377767c5cc9c03c,7,8,8,mei_final,0.875,0.25
typespec,7801,1751d98b2eccd4e4581b90bd57f711e8,7,8,8,mei_final,0.875,0.25
typespec,7801,ab064c7e6f87c91026fc0b60959386bd,7,8,8,mei_final,0.875,0.25
typespec,7801,b9f74df25077cbf69e5f4a24fe00c004,7,8,8,mei_final,0.875,0.25
typespec,7801,ab064c7e6f87c91026fc0b60959386bd,7,8,8,mei_final,0.875,0.25
typespec,7801,922c9e9243089f1a54d1f4f98d31ad46,7,8,8,mei_final,0.875,0.25
typespec,7801,a4e3549c7d7adf3ccf5f292b13679092,7,8,8,mei_final,0.875,0.25
typespec,7801,ab064c7e6f87c91026fc0b60959386bd,7,8,8,mei_final,0.875,0.25
typespec,7801,ab064c7e6f87c91026fc0b60959386bd,7,8,8,mei_final,0.875,0.25
typespec,7801,e886a925d7cb5ecb1cdeb0ea200f10b8,7,8,8,mei_final,0.875,0.25
typespec,7801,62ac7b10ef24570df8224914cd220204,7,8,8,mei_final,0.875,0.25
typespec,7801,0db9335de782c46362b353224fbef277,7,8,8,mei_final,0.875,0.25
typespec,7801,96c8bf0b3ddc4c75fc2d23e6195f198f,7,8,8,mei_final,0.875,0.25
typespec,7801,0cc028e1793c87e601982e29602a9957,7,8,8,mei_final,0.875,0.25
typespec,7801,b9eb861245351a51e9ef4601f93a9244,7,8,8,mei_final,0.875,0.25
typespec,7801,a8f2f4e116f61c8417fa371ea96800cc,7,8,8,mei_final,0.875,0.25
typespec,7801,0ddbe629b91147f03d5b735a8cbf1915,7,8,8,mei_final,0.875,0.25
typespec,7801,975c0d95782b9b0d1a9255c959118a84,7,8,8,mei_final,0.875,0.25
typespec,7801,0b7d86afb58575c13377767c5cc9c03c,7,8,8,mei_final,0.875,0.25
typespec,7801,b4d9e3958518afb46ccd084b51e50888,7,8,8,mei_final,0.875,0.25
typespec,7801,069904041d65ac9737b403331bdc3aa5,7,8,8,mei_final,0.875,0.25
typespec,7801,0b7d86afb58575c13377767c5cc9c03c,7,8,8,mei_final,0.875,0.25
typespec,7801,4f4fece786ad13487b2763687f9de77a,7,8,8,mei_final,0.875,0.25
typespec,7801,cc58e746e31077322159443e17edd6ad,7,8,8,mei_final,0.875,0.25
typespec,7801,aec5e1d487148bfc3de4b7fff158117d,7,8,8,mei_final,0.875,0.25
typespec,7801,51595c327ed3995b5e109120e363283a,7,8,8,mei_final,0.875,0.25
typespec,7801,f6f243927e2d17f79e9b4085fb423f1d,7,8,8,mei_final,0.875,0.25
typespec,7801,3458162cf48d85a4d6fc3dfe1af4b5f7,7,8,8,mei_final,0.875,0.25
typespec,7801,5b879b6b8637841dda620ec687e47823,7,8,8,mei_final,0.875,0.25
typespec,7801,67f38b7ecdcdee1b7a20dfcd1bf4afcb,7,8,8,mei_final,0.875,0.25
typespec,7801,1751d98b2eccd4e4581b90bd57f711e8,7,8,8,mei_final,0.875,0.25
typespec,7801,f24da441cd96bee17eae86d1f2afb93c,7,8,8,mei_final,0.875,0.25
typespec,7801,239eb3ecdb9a85dde057f8310ed83558,7,8,8,mei_final,0.875,0.25
typespec,7801,1381d13cd6330efb30e00886fadb3ecf,7,8,8,mei_final,0.875,0.25
typespec,7801,1d79b7ad6c7d5a735fea79182fedfc89,7,8,8,mei_final,0.875,0.25
typespec,7801,275dc4cb88a514b7383020b8ff8c8ed2,7,8,8,mei_final,0.875,0.25
typespec,7801,42a3fffde34a57c4d19bac44ddfaa065,7,8,8,mei_final,0.875,0.25
typespec,7801,351ce2a3402b24ea58b05c77c74c953b,7,8,8,mei_final,0.875,0.25
typespec,7801,6a2f4d20387465be1add97f4b374b4e8,7,8,8,mei_final,0.875,0.25
typespec,7801,2697f603749eda1938dec3c73a22efb9,7,8,8,mei_final,0.875,0.25
typespec,7801,51d2c46cdd56a6e5e0422119c9521cfc,7,8,8,mei_final,0.875,0.25
typespec,7801,112e644e76bb4137383dae7b888e6c74,7,8,8,mei_final,0.875,0.25
typespec,7801,02ece6449f50f06401807a8dc75a2f4a,7,8,8,mei_final,0.875,0.25
typespec,7801,1751d98b2eccd4e4581b90bd57f711e8,7,8,8,mei_final,0.875,0.25
typespec,7801,fdb3ee042f948ecdc71df526328ee56c,7,8,8,mei_final,0.875,0.25
typespec,7801,ad7a275d9c9c43b0710024a33c25b8bb,7,8,8,mei_final,0.875,0.25
typespec,7801,782874adcc7dbfc110ccc0d58a9d5dfc,7,8,8,mei_final,0.875,0.25
typespec,7801,ad7a275d9c9c43b0710024a33c25b8bb,7,8,8,mei_final,0.875,0.25
typespec,7801,ca540e1ad1db3443f2bcad5226f7cfc2,7,8,8,mei_final,0.875,0.25
typespec,7801,ab064c7e6f87c91026fc0b60959386bd,7,8,8,mei_final,0.875,0.25
typespec,7801,702e46e3b30bcf0b0f2ebc197fa4f607,7,8,8,mei_final,0.875,0.25
typespec,7801,b83d6b471a80e4fb46463f35d383b1f4,7,8,8,mei_final,0.875,0.25
typespec,7801,79c70b5649efcaa309d0b52cf5b5a946,7,8,8,mei_final,0.875,0.25
typespec,7801,b474b7d7ad18d8e1eeaeaff08cf6fa37,7,8,8,mei_final,0.875,0.25
typespec,7801,a861e1260f2bb4ddd37a282c70f62dff,7,8,8,mei_final,0.875,0.25
typespec,7801,22918ed6d7fdc107bed96f9e30f9eb80,7,8,8,mei_final,0.875,0.25
typespec,7801,53eb737bf67997600a80b2195c9d47bb,7,8,8,mei_final,0.875,0.25
typespec,7801,ed25e2c6995f5242faaa1c225bf8d1bf,7,8,8,mei_final,0.875,0.25
typespec,7801,67d1035b23ba68dcef6901999335786a,7,8,8,mei_final,0.875,0.25
typespec,7801,dfedb65e3677a841543bfdfac4e29864,7,8,8,mei_final,0.875,0.25
typespec,7801,b83d6b471a80e4fb46463f35d383b1f4,7,8,8,mei_final,0.875,0.25
typespec,7801,e20e7a23ccbd2bd10712d665fcef8e8a,7,8,8,mei_final,0.875,0.25
typespec,7801,ed84c7918853fc2641ad4a40bf09245f,7,8,8,mei_final,0.875,0.25
typespec,7801,0c319c43330980fb7709e178a5469a20,7,8,8,mei_final,0.875,0.25
typespec,7801,45fb5d229d1a0180644e8adb19349fee,7,8,8,mei_final,0.875,0.25
typespec,7801,b6632fe965c053c9ce31d34b2d94db4a,7,8,8,mei_final,0.875,0.25
typespec,7801,ad7a275d9c9c43b0710024a33c25b8bb,7,8,8,mei_final,0.875,0.25
typespec,7801,a5cc082b26dbe448b847982984749662,7,8,8,mei_final,0.875,0.25
typespec,7801,ad7a275d9c9c43b0710024a33c25b8bb,7,8,8,mei_final,0.875,0.25
typespec,7801,ad7a275d9c9c43b0710024a33c25b8bb,7,8,8,mei_final,0.875,0.25
typespec,7801,79c70b5649efcaa309d0b52cf5b5a946,7,8,8,mei_final,0.875,0.25
typespec,7801,26e232a051fe59a0ababda0258370a43,7,8,8,mei_final,0.875,0.25
typespec,7801,ab064c7e6f87c91026fc0b60959386bd,7,8,8,mei_final,0.875,0.25
typespec,7801,ad7a275d9c9c43b0710024a33c25b8bb,7,8,8,mei_final,0.875,0.25
typespec,7801,53eb737bf67997600a80b2195c9d47bb,7,8,8,mei_final,0.875,0.25
typespec,7801,ff6a8fb2302fba7f75b9628455f93566,7,8,8,mei_final,0.875,0.25
typespec,7801,239eb3ecdb9a85dde057f8310ed83558,7,8,8,mei_final,0.875,0.25
typespec,7801,1ee5fa3a9306181380a863063d3d8c47,7,8,8,mei_final,0.875,0.25
typespec,7801,5fec6ccd87dff7c6d53f0248371f5362,7,8,8,mei_final,0.875,0.25
typespec,7801,0b54d63f66364bca53d2b6b8cbcd9133,7,8,8,mei_final,0.875,0.25
typespec,7801,53eb737bf67997600a80b2195c9d47bb,7,8,8,mei_final,0.875,0.25
typespec,7801,2356405ae240cc45f46782c7e3908baa,7,8,8,mei_final,0.875,0.25
typespec,7801,a4e3549c7d7adf3ccf5f292b13679092,7,8,8,mei_final,0.875,0.25
typespec,7801,ee2533a8ead14fb56087d4616e35fe0f,7,8,8,mei_final,0.875,0.25
typespec,7801,dcac2e905996a5c11a328b675f85396d,7,8,8,mei_final,0.875,0.25
typespec,7801,ad7a275d9c9c43b0710024a33c25b8bb,7,8,8,mei_final,0.875,0.25
typespec,7801,51595c327ed3995b5e109120e363283a,7,8,8,mei_final,0.875,0.25
typespec,7801,0dc1595989017144fb817678f6707676,7,8,8,mei_final,0.875,0.25
typespec,7801,ad7a275d9c9c43b0710024a33c25b8bb,7,8,8,mei_final,0.875,0.25
typespec,7801,98ac2cd2fed0fbb5dd87f3d614830d99,7,8,8,mei_final,0.875,0.25
typespec,7801,77f0a61bbce24837a243952e2d3b64fc,7,8,8,mei_final,0.875,0.25
typespec,7801,fe95d9661d1e85df1c0ad169d8f18114,7,8,8,mei_final,0.875,0.25
typespec,7801,ad7a275d9c9c43b0710024a33c25b8bb,7,8,8,mei_final,0.875,0.25
typespec,7801,34e9f4df2be59a4a758dde7649ff2ebf,7,8,8,mei_final,0.875,0.25
typespec,7801,e0e8b19bf2857cc37b479c1340fa01de,7,8,8,mei_final,0.875,0.25
typespec,7801,b83d6b471a80e4fb46463f35d383b1f4,7,8,8,mei_final,0.875,0.25
typespec,7801,e4a5e1b46dc9fdfefd8260163952058e,7,8,8,mei_final,0.875,0.25
typespec,7801,51595c327ed3995b5e109120e363283a,7,8,8,mei_final,0.875,0.25
typespec,7801,6e76f68ba40c1077bca18fd0ca9192c5,7,8,8,mei_final,0.875,0.25
typespec,7801,51595c327ed3995b5e109120e363283a,7,8,8,mei_final,0.875,0.25
typespec,7801,9973cd645a806ff032b36a33465d3f6b,7,8,8,mei_final,0.875,0.25
typespec,7801,419b979953131bc6920febbd9f2681a4,7,8,8,mei_final,0.875,0.25
typespec,7801,a4e3549c7d7adf3ccf5f292b13679092,7,8,8,mei_final,0.875,0.25
typespec,7801,66ded3c3ad5bb1ec21a18c84820ff3ff,7,8,8,mei_final,0.875,0.25
typespec,7801,ff7e569f1c87813908dfc8864707036a,7,8,8,mei_final,0.875,0.25
typespec,7801,7125d262c1d935a6f8b4aa68575836f8,7,8,8,mei_final,0.875,0.25
typespec,7801,51595c327ed3995b5e109120e363283a,7,8,8,mei_final,0.875,0.25
typespec,7801,77f0a61bbce24837a243952e2d3b64fc,7,8,8,mei_final,0.875,0.25
typespec,7801,1c319f9e88ea2224ad2fef1acf8f1192,7,8,8,mei_final,0.875,0.25
typespec,7801,fa2c9a3715fe574df2d0104069097a2b,7,8,8,mei_final,0.875,0.25
typespec,7801,ab064c7e6f87c91026fc0b60959386bd,7,8,8,mei_final,0.875,0.25
typespec,7801,f416e0cc3eb4177012a7f70597327ede,7,8,8,mei_final,0.875,0.25
typespec,7801,e5438fca2dcd32ae5a20af3356d54729,7,8,8,mei_final,0.875,0.25
typespec,7801,ddf0bc29bfa7f3b3894a8a6f3824bee2,7,8,8,mei_final,0.875,0.25
typespec,7801,0b7d86afb58575c13377767c5cc9c03c,7,8,8,mei_final,0.875,0.25
typespec,7801,0ddbe629b91147f03d5b735a8cbf1915,7,8,8,mei_final,0.875,0.25
typespec,7801,55931b4c5a14744dbefa88a4ad97959d,7,8,8,mei_final,0.875,0.25
typespec,7801,da48372ab4293447f147609a76a79082,7,8,8,mei_final,0.875,0.25
typespec,7801,62ac7b10ef24570df8224914cd220204,7,8,8,mei_final,0.875,0.25
typespec,7801,6a2f4d20387465be1add97f4b374b4e8,7,8,8,mei_final,0.875,0.25
typespec,7801,bb64b7f5d1ad29a071705d1171bf8263,7,8,8,mei_final,0.875,0.25
typespec,7801,1751d98b2eccd4e4581b90bd57f711e8,7,8,8,mei_final,0.875,0.25
typespec,7801,0cc028e1793c87e601982e29602a9957,7,8,8,mei_final,0.875,0.25
typespec,7801,0b7d86afb58575c13377767c5cc9c03c,7,8,8,mei_final,0.875,0.25
typespec,7801,652f0c468d8ff8a11ce5fbf05b4a4dc1,7,8,8,mei_final,0.875,0.25
typespec,7801,18e901bd677ef93afeaa007d7b1a8bda,7,8,8,mei_final,0.875,0.25
typespec,7801,d8966a45652503f3e781b7ffaee3dd99,7,8,8,mei_final,0.875,0.25
typespec,7801,5bb4723d2109ce400ceb2fd21db5a978,7,8,8,mei_final,0.875,0.25
typespec,7801,45d635938f873507cc348c870fac5eb1,7,8,8,mei_final,0.875,0.25
typespec,7801,80c5ed59a7ab950cf045f48c9c13b3d7,7,8,8,mei_final,0.875,0.25
typespec,7801,d3e9f55bbe18acaf54da36759c3893d7,7,8,8,mei_final,0.875,0.25
typespec,7801,ad7a275d9c9c43b0710024a33c25b8bb,7,8,8,mei_final,0.875,0.25
typespec,7801,34e9f4df2be59a4a758dde7649ff2ebf,7,8,8,mei_final,0.875,0.25
typespec,7801,e886a925d7cb5ecb1cdeb0ea200f10b8,7,8,8,mei_final,0.875,0.25
typespec,7801,ab064c7e6f87c91026fc0b60959386bd,7,8,8,mei_final,0.875,0.25
typespec,7801,ad7a275d9c9c43b0710024a33c25b8bb,7,8,8,mei_final,0.875,0.25
typespec,7801,51595c327ed3995b5e109120e363283a,7,8,8,mei_final,0.875,0.25
typespec,7801,a5cc082b26dbe448b847982984749662,7,8,8,mei_final,0.875,0.25
typespec,7801,51595c327ed3995b5e109120e363283a,7,8,8,mei_final,0.875,0.25
typespec,7801,097fdb1e9c4d89ef0f70a894d264cef0,7,8,8,mei_final,0.875,0.25
typespec,7801,e3fa34ef5f6d19aa23c0fd5c73a96148,7,8,8,mei_final,0.875,0.25
typespec,7801,d6b8a3d7f6da8eb23a7199eadee46404,7,8,8,mei_final,0.875,0.25
typespec,7801,80c5ed59a7ab950cf045f48c9c13b3d7,7,8,8,mei_final,0.875,0.25
typespec,7801,318cd6ac46b20c5af1a44555964d3202,7,8,8,mei_final,0.875,0.25
typespec,7801,344cc935d04889c9aa2416d8e6b639e8,7,8,8,mei_final,0.875,0.25
typespec,7801,0b7d86afb58575c13377767c5cc9c03c,7,8,8,mei_final,0.875,0.25
typespec,7801,cd03c747db4f3fd4d3d100554ae5d985,7,8,8,mei_final,0.875,0.25
typespec,7801,9fab890f56623ee41c3471d2a2412579,7,8,8,mei_final,0.875,0.25
typespec,7801,80c5ed59a7ab950cf045f48c9c13b3d7,7,8,8,mei_final,0.875,0.25
typespec,7801,3b1716b31723811153c5f7815388d326,7,8,8,mei_final,0.875,0.25
typespec,7801,2897466ff4ca29c37fde9412707ab1c5,7,8,8,mei_final,0.875,0.25
typespec,7801,b474b7d7ad18d8e1eeaeaff08cf6fa37,7,8,8,mei_final,0.875,0.25
typespec,7801,a96fa6a3cc45d250f75af8a32a52df7a,7,8,8,mei_final,0.875,0.25
typespec,7801,d06de0e1da8fb7d055c83fc7b23bd8bf,7,8,8,mei_final,0.875,0.25
typespec,7801,ad7a275d9c9c43b0710024a33c25b8bb,7,8,8,mei_final,0.875,0.25
typespec,7801,ca99c8103aa96d80f4432f87db782426,7,8,8,mei_final,0.875,0.25
typespec,7801,51595c327ed3995b5e109120e363283a,7,8,8,mei_final,0.875,0.25
typespec,7801,153326d2968b7feb1a3a7b460672ed8d,7,8,8,mei_final,0.875,0.25
typespec,7801,37e347fa38236deeb7f0f13b4f32a863,7,8,8,mei_final,0.875,0.25
typespec,7801,ad7a275d9c9c43b0710024a33c25b8bb,7,8,8,mei_final,0.875,0.25
typespec,7801,65fc4d37c9db96b616eb26f182d0b19f,7,8,8,mei_final,0.875,0.25
typespec,7801,ab064c7e6f87c91026fc0b60959386bd,7,8,8,mei_final,0.875,0.25
typespec,7801,d59a351564d720136390207c77c765a2,7,8,8,mei_final,0.875,0.25
typespec,7801,45d635938f873507cc348c870fac5eb1,7,8,8,mei_final,0.875,0.25
typespec,7801,737e55e8913efae2a8f3188514414b33,7,8,8,mei_final,0.875,0.25
typespec,7801,0b7d86afb58575c13377767c5cc9c03c,7,8,8,mei_final,0.875,0.25
typespec,7801,d06de0e1da8fb7d055c83fc7b23bd8bf,7,8,8,mei_final,0.875,0.25
typespec,7801,51595c327ed3995b5e109120e363283a,7,8,8,mei_final,0.875,0.25
typespec,7801,018f9f10e5e3d72acd515afc889d772d,7,8,8,mei_final,0.875,0.25
typespec,7801,082a538df9c7c49edde81c1c29a5e2ae,7,8,8,mei_final,0.875,0.25
typespec,7801,ba291445c2d4539f5cce54c9ebf6a7fd,7,8,8,mei_final,0.875,0.25
typespec,7801,4bb97d9eba79d581e361371c194c9b29,7,8,8,mei_final,0.875,0.25
typespec,7801,15c0297994979e144f873c5fbf0c142e,7,8,8,mei_final,0.875,0.25
typespec,7801,ff47fc67a03401205aa50e7670b3e014,7,8,8,mei_final,0.875,0.25
typespec,7801,b7eb86d9bdf055a7628070ce7f87394e,7,8,8,mei_final,0.875,0.25
typespec,7801,8ee9c80b8b65d83148a05e0103aa90ca,7,8,8,mei_final,0.875,0.25
typespec,7801,3dfa0a2331eb7c43d96c3b1ab5c87aac,7,8,8,mei_final,0.875,0.25
typespec,7801,b3066f936547d96a53cce5cfcdb0fc46,7,8,8,mei_final,0.875,0.25
typespec,7801,e20e7a23ccbd2bd10712d665fcef8e8a,7,8,8,mei_final,0.875,0.25
typespec,7801,52014c1f067ad3d0e1349659a4b0b166,7,8,8,mei_final,0.875,0.25
typespec,7801,b474b7d7ad18d8e1eeaeaff08cf6fa37,7,8,8,mei_final,0.875,0.25
typespec,7801,0ec8f57013bf44e6c2e8588aa915ced3,7,8,8,mei_final,0.875,0.25
typespec,7801,c91b148486c8b579a74a5fdb83281c8e,7,8,8,mei_final,0.875,0.25
typespec,7801,51398ceae7102538e3ff76100ee6e0ff,7,8,8,mei_final,0.875,0.25
typespec,7801,cd03c747db4f3fd4d3d100554ae5d985,7,8,8,mei_final,0.875,0.25
typespec,7801,ab064c7e6f87c91026fc0b60959386bd,7,8,8,mei_final,0.875,0.25
typespec,7801,34e9f4df2be59a4a758dde7649ff2ebf,7,8,8,mei_final,0.875,0.25
typespec,7801,53eb737bf67997600a80b2195c9d47bb,7,8,8,mei_final,0.875,0.25
typespec,7801,d6b7a9ba5ae608b0294cfd7464d6e290,7,8,8,mei_final,0.875,0.25
typespec,7801,5b879b6b8637841dda620ec687e47823,7,8,8,mei_final,0.875,0.25
typespec,7801,51595c327ed3995b5e109120e363283a,7,8,8,mei_final,0.875,0.25
typespec,7801,0b7d86afb58575c13377767c5cc9c03c,7,8,8,mei_final,0.875,0.25
typespec,7801,98ac2cd2fed0fbb5dd87f3d614830d99,7,8,8,mei_final,0.875,0.25
typespec,7801,776523d3ced5330a678381dbaceb383c,7,8,8,mei_final,0.875,0.25
typespec,7801,e3fa34ef5f6d19aa23c0fd5c73a96148,7,8,8,mei_final,0.875,0.25
typespec,7801,ab064c7e6f87c91026fc0b60959386bd,7,8,8,mei_final,0.875,0.25
typespec,7801,49b407ff0b634d801595eba08f1425ea,7,8,8,mei_final,0.875,0.25
typespec,7801,e20e7a23ccbd2bd10712d665fcef8e8a,7,8,8,mei_final,0.875,0.25
typespec,7801,7922de4162ca8706b016d80cafe816d5,7,8,8,mei_final,0.875,0.25
typespec,7801,0cc028e1793c87e601982e29602a9957,7,8,8,mei_final,0.875,0.25
typespec,7801,0cc028e1793c87e601982e29602a9957,7,8,8,mei_final,0.875,0.25
typespec,7801,c7b6725833a8c617764e4fc9184d9b58,7,8,8,mei_final,0.875,0.25
typespec,7801,77f0a61bbce24837a243952e2d3b64fc,7,8,8,mei_final,0.875,0.25
typespec,7801,51595c327ed3995b5e109120e363283a,7,8,8,mei_final,0.875,0.25
typespec,7801,0bd6cb63d5aebe2fa7feb857124e975c,7,8,8,mei_final,0.875,0.25
typespec,7801,0b7d86afb58575c13377767c5cc9c03c,7,8,8,mei_final,0.875,0.25
typespec,7801,fde30531ff4e82b2a858a23dea52f018,7,8,8,mei_final,0.875,0.25
typespec,7801,e0cd4a0538fd2a3ee0b4f9574cfdcbe8,7,8,8,mei_final,0.875,0.25
typespec,7801,2100f84ade72a6656507918ec6f90b84,7,8,8,mei_final,0.875,0.25
typespec,7801,0ec8f57013bf44e6c2e8588aa915ced3,7,8,8,mei_final,0.875,0.25
typespec,7801,02ece6449f50f06401807a8dc75a2f4a,7,8,8,mei_final,0.875,0.25
typespec,7801,3b1716b31723811153c5f7815388d326,7,8,8,mei_final,0.875,0.25
typespec,7801,85c3caf4254e5e3f5f5b3931603c5d0e,7,8,8,mei_final,0.875,0.25
typespec,7801,6d294a561485756a747d4434b18797bf,7,8,8,mei_final,0.875,0.25
typespec,7801,ad7a275d9c9c43b0710024a33c25b8bb,7,8,8,mei_final,0.875,0.25
typespec,7801,239eb3ecdb9a85dde057f8310ed83558,7,8,8,mei_final,0.875,0.25
typespec,7801,ab064c7e6f87c91026fc0b60959386bd,7,8,8,mei_final,0.875,0.25
typespec,7801,57d4727c88f36ebb29d09d28ac223970,7,8,8,mei_final,0.875,0.25
typespec,7801,5618d00138b28d61d69a1321dd2e6b0c,7,8,8,mei_final,0.875,0.25
typespec,7801,112e644e76bb4137383dae7b888e6c74,7,8,8,mei_final,0.875,0.25
typespec,7801,51595c327ed3995b5e109120e363283a,7,8,8,mei_final,0.875,0.25
typespec,7801,62d45a7c090375cbf68bfb3c510b12c3,7,8,8,mei_final,0.875,0.25
typespec,7801,1b418a00c5c5853dcc154288ac0f4ba3,7,8,8,mei_final,0.875,0.25
typespec,7801,3ab3537dc6d54e1fe664d30d319a65bf,7,8,8,mei_final,0.875,0.25
typespec,7801,d81d99b2953ad9d39c315ce7d8ec239b,7,8,8,mei_final,0.875,0.25
typespec,7801,ddf0bc29bfa7f3b3894a8a6f3824bee2,7,8,8,mei_final,0.875,0.25
typespec,7801,7922de4162ca8706b016d80cafe816d5,7,8,8,mei_final,0.875,0.25
typespec,7801,51595c327ed3995b5e109120e363283a,7,8,8,mei_final,0.875,0.25
typespec,7801,c199a95711ce6fc491a1f8e05e58751b,7,8,8,mei_final,0.875,0.25
typespec,7801,65fc4d37c9db96b616eb26f182d0b19f,7,8,8,mei_final,0.875,0.25
typespec,7801,51398ceae7102538e3ff76100ee6e0ff,7,8,8,mei_final,0.875,0.25
typespec,7801,01ad99699a2011dc37a358191bc544da,7,8,8,mei_final,0.875,0.25
typespec,7801,ab064c7e6f87c91026fc0b60959386bd,7,8,8,mei_final,0.875,0.25
typespec,7801,0b7d86afb58575c13377767c5cc9c03c,7,8,8,mei_final,0.875,0.25
typespec,7801,8c7deabd1f4695de86ddcae4039bb773,7,8,8,mei_final,0.875,0.25
typespec,7801,5ecd9aa09b2218928e9ee60337e0c316,7,8,8,mei_final,0.875,0.25
typespec,7801,ab064c7e6f87c91026fc0b60959386bd,7,8,8,mei_final,0.875,0.25
typespec,7801,68baea2b8c7cb2880570426917012a32,7,8,8,mei_final,0.875,0.25
typespec,7801,02ece6449f50f06401807a8dc75a2f4a,7,8,8,mei_final,0.875,0.25
typespec,7801,4942221a7036a47dc3c13da638d8f9c3,7,8,8,mei_final,0.875,0.25
typespec,7801,0b7d86afb58575c13377767c5cc9c03c,7,8,8,mei_final,0.875,0.25
typespec,7801,60853020de1b7573de2153fb294461fc,7,8,8,mei_final,0.875,0.25
typespec,7801,d6ac42724d3d7d16226273c2810d2f51,7,8,8,mei_final,0.875,0.25
typespec,7801,441e071caba4ad11de00bacd04fd3359,7,8,8,mei_final,0.875,0.25
typespec,7801,02551d0440bba0827c896cd772a62c97,7,8,8,mei_final,0.875,0.25
typespec,7801,4ff6b2c17af4aa6096f3fbe4eb9247e5,7,8,8,mei_final,0.875,0.25
typespec,7801,6d05f97f36c592f8467809e47ff755f3,7,8,8,mei_final,0.875,0.25
typespec,7801,dc535de20b14e346a34594c27b1a7f04,7,8,8,mei_final,0.875,0.25
typespec,7801,ab064c7e6f87c91026fc0b60959386bd,7,8,8,mei_final,0.875,0.25
typespec,7801,ab064c7e6f87c91026fc0b60959386bd,7,8,8,mei_final,0.875,0.25
typespec,7801,a4e3549c7d7adf3ccf5f292b13679092,7,8,8,mei_final,0.875,0.25
typespec,7801,9c13b8b38c6957b65443e6b0647f1d21,7,8,8,mei_final,0.875,0.25
typespec,7801,d6c93abe14d6c75ece9875c374cfa868,7,8,8,mei_final,0.875,0.25
typespec,7801,0b54d63f66364bca53d2b6b8cbcd9133,7,8,8,mei_final,0.875,0.25
typespec,7801,01ad99699a2011dc37a358191bc544da,7,8,8,mei_final,0.875,0.25
typespec,7801,b474b7d7ad18d8e1eeaeaff08cf6fa37,7,8,8,mei_final,0.875,0.25
typespec,7801,ad7a275d9c9c43b0710024a33c25b8bb,7,8,8,mei_final,0.875,0.25
typespec,7801,1d79b7ad6c7d5a735fea79182fedfc89,7,8,8,mei_final,0.875,0.25
typespec,7801,6d96b70c564ab4d9f228b4c9effa55bb,7,8,8,mei_final,0.875,0.25
typespec,7801,0ec8f57013bf44e6c2e8588aa915ced3,7,8,8,mei_final,0.875,0.25
typespec,7801,776523d3ced5330a678381dbaceb383c,7,8,8,mei_final,0.875,0.25
typespec,7801,ad7a275d9c9c43b0710024a33c25b8bb,7,8,8,mei_final,0.875,0.25
typespec,7801,bd830d8dbba6c457072b9f47287f4cd6,7,8,8,mei_final,0.875,0.25
typespec,7801,51595c327ed3995b5e109120e363283a,7,8,8,mei_final,0.875,0.25
typespec,7801,7125d262c1d935a6f8b4aa68575836f8,7,8,8,mei_final,0.875,0.25
typespec,7801,e3fa34ef5f6d19aa23c0fd5c73a96148,7,8,8,mei_final,0.875,0.25
typespec,7801,e6628ff69866abec669416ba2957a818,7,8,8,mei_final,0.875,0.25
typespec,7801,ad7a275d9c9c43b0710024a33c25b8bb,7,8,8,mei_final,0.875,0.25
typespec,7801,a066f44dccd05ac102e36800c03e8ffc,7,8,8,mei_final,0.875,0.25
typespec,7801,d5b6177c5443ffd0a22bf1c5b819e016,7,8,8,mei_final,0.875,0.25
typespec,7801,702e46e3b30bcf0b0f2ebc197fa4f607,7,8,8,mei_final,0.875,0.25
typespec,7801,d6ac42724d3d7d16226273c2810d2f51,7,8,8,mei_final,0.875,0.25
typespec,7801,6b91d157cc847f582941fcad66de032a,7,8,8,mei_final,0.875,0.25
typespec,7801,9f046ab98cf24b6a70e63250f446ed70,7,8,8,mei_final,0.875,0.25
typespec,7801,2aa049504fd5a729acbd1da463bb68b9,7,8,8,mei_final,0.875,0.25
typespec,7801,24ea1d200d1b4b8c1b27b79869664100,7,8,8,mei_final,0.875,0.25
typespec,7801,ad7a275d9c9c43b0710024a33c25b8bb,7,8,8,mei_final,0.875,0.25
typespec,7801,62ac7b10ef24570df8224914cd220204,7,8,8,mei_final,0.875,0.25
typespec,7801,b28f671c37cc4a3fefa7350e73c2d64e,7,8,8,mei_final,0.875,0.25
typespec,7801,a90b8871b8a74c5856dccf39e8a1b4a6,7,8,8,mei_final,0.875,0.25
typespec,7801,c55a0828ce9b16e57b3c8304633c177e,7,8,8,mei_final,0.875,0.25
typespec,7801,065c5d29eeb83ad0d8556c1c7fddfb46,7,8,8,mei_final,0.875,0.25
typespec,7801,c8d61dfbd7f6c4c7a94dc32d818ec3fb,7,8,8,mei_final,0.875,0.25
typespec,7801,dcef90c46ad7abf1a2da2566ca0e9ed6,7,8,8,mei_final,0.875,0.25
typespec,7801,d1ceffc4b5ec0f77a48aca75c82c8736,7,8,8,mei_final,0.875,0.25
typespec,7801,ff6a8fb2302fba7f75b9628455f93566,7,8,8,mei_final,0.875,0.25
typespec,7801,9c45d4b9d5cc1ae90f7cb1a069eab5d2,7,8,8,mei_final,0.875,0.25
typespec,7801,42a3fffde34a57c4d19bac44ddfaa065,7,8,8,mei_final,0.875,0.25
typespec,7801,71c108213b1be5d31f7efc040ce7e5b3,7,8,8,mei_final,0.875,0.25
typespec,7801,dfedb65e3677a841543bfdfac4e29864,7,8,8,mei_final,0.875,0.25
typespec,7801,0dc1595989017144fb817678f6707676,7,8,8,mei_final,0.875,0.25
typespec,7801,239eb3ecdb9a85dde057f8310ed83558,7,8,8,mei_final,0.875,0.25
typespec,7801,4e9347d56baba525a672a38f9ccde0a6,7,8,8,mei_final,0.875,0.25
typespec,7801,d81d99b2953ad9d39c315ce7d8ec239b,7,8,8,mei_final,0.875,0.25
typespec,7801,67f38b7ecdcdee1b7a20dfcd1bf4afcb,7,8,8,mei_final,0.875,0.25
typespec,7801,37e347fa38236deeb7f0f13b4f32a863,7,8,8,mei_final,0.875,0.25
typespec,7801,652f0c468d8ff8a11ce5fbf05b4a4dc1,7,8,8,mei_final,0.875,0.25
typespec,7801,112e644e76bb4137383dae7b888e6c74,7,8,8,mei_final,0.875,0.25
typespec,7801,ed84c7918853fc2641ad4a40bf09245f,7,8,8,mei_final,0.875,0.25
typespec,7801,c1fceb52efe7bff0280c59588475ecc5,7,8,8,mei_final,0.875,0.25
typespec,7801,f16afd903ae66033aaa1f38e8c169595,7,8,8,mei_final,0.875,0.25
typespec,7801,ad7a275d9c9c43b0710024a33c25b8bb,7,8,8,mei_final,0.875,0.25
typespec,7801,4c255fd5a8063f0a31491907adfb089b,7,8,8,mei_final,0.875,0.25
typespec,7801,68e5cd1a99251c3cbc25ec4caa2de609,7,8,8,mei_final,0.875,0.25
typespec,7801,ca1bde11fc1c9868196928aff9386da9,7,8,8,mei_final,0.875,0.25
typespec,7801,0ec8f57013bf44e6c2e8588aa915ced3,7,8,8,mei_final,0.875,0.25
typespec,7801,c1fceb52efe7bff0280c59588475ecc5,7,8,8,mei_final,0.875,0.25
typespec,7801,6d0eae35494c86a0b000267e39142ebc,7,8,8,mei_final,0.875,0.25
typespec,7801,57df95e54242863c6c00de789fa41f7d,7,8,8,mei_final,0.875,0.25
typespec,7801,15c0297994979e144f873c5fbf0c142e,7,8,8,mei_final,0.875,0.25
typespec,7801,68f1c637a25cec4b9844809b33392de7,7,8,8,mei_final,0.875,0.25
typespec,7801,36a79adad762355f84342e4bde9e34ac,7,8,8,mei_final,0.875,0.25
typespec,7801,6d41e31076efa10c912c070a08598849,7,8,8,mei_final,0.875,0.25
typespec,7801,ab064c7e6f87c91026fc0b60959386bd,7,8,8,mei_final,0.875,0.25
typespec,7801,f416e0cc3eb4177012a7f70597327ede,7,8,8,mei_final,0.875,0.25
typespec,7801,51595c327ed3995b5e109120e363283a,7,8,8,mei_final,0.875,0.25
typespec,7801,27b0f9d4e9766d0bbcfbc2a9e1c14001,7,8,8,mei_final,0.875,0.25
typespec,7801,ca99c8103aa96d80f4432f87db782426,7,8,8,mei_final,0.875,0.25
typespec,7801,0ec8f57013bf44e6c2e8588aa915ced3,7,8,8,mei_final,0.875,0.25
typespec,7801,dfedb65e3677a841543bfdfac4e29864,7,8,8,mei_final,0.875,0.25
typespec,7801,51595c327ed3995b5e109120e363283a,7,8,8,mei_final,0.875,0.25
typespec,7801,26352f80b24873b4452f3ce2e49494b4,7,8,8,mei_final,0.875,0.25
typespec,7801,26e232a051fe59a0ababda0258370a43,7,8,8,mei_final,0.875,0.25
typespec,7801,e5438fca2dcd32ae5a20af3356d54729,7,8,8,mei_final,0.875,0.25
typespec,7801,cd99c87188e8244a109ff66590d4f294,7,8,8,mei_final,0.875,0.25
typespec,7801,c55a0828ce9b16e57b3c8304633c177e,7,8,8,mei_final,0.875,0.25
typespec,7801,fdb3ee042f948ecdc71df526328ee56c,7,8,8,mei_final,0.875,0.25
typespec,7801,239eb3ecdb9a85dde057f8310ed83558,7,8,8,mei_final,0.875,0.25
typespec,7801,5b879b6b8637841dda620ec687e47823,7,8,8,mei_final,0.875,0.25
typespec,7801,ad7a275d9c9c43b0710024a33c25b8bb,7,8,8,mei_final,0.875,0.25
typespec,7801,0cc028e1793c87e601982e29602a9957,7,8,8,mei_final,0.875,0.25
typespec,7801,ad7a275d9c9c43b0710024a33c25b8bb,7,8,8,mei_final,0.875,0.25
typespec,7801,37a68ad7371dc5a063952d596939ae3f,7,8,8,mei_final,0.875,0.25
typespec,7801,35fd02453a238702f1cd9dbbefb524bb,7,8,8,mei_final,0.875,0.25
typespec,7801,8fea4dcb5b653cb4444959f13695cdca,7,8,8,mei_final,0.875,0.25
typespec,7801,f514cf96ddda2442e9a61476b9d59a91,7,8,8,mei_final,0.875,0.25
typespec,7801,86a7ae4a83242fc432d602890f15afee,7,8,8,mei_final,0.875,0.25
typespec,7801,b83d6b471a80e4fb46463f35d383b1f4,7,8,8,mei_final,0.875,0.25
typespec,7801,b83d6b471a80e4fb46463f35d383b1f4,7,8,8,mei_final,0.875,0.25
typespec,7801,51595c327ed3995b5e109120e363283a,7,8,8,mei_final,0.875,0.25
typespec,7801,b0ca204203ed44da4cbbd8581ea00baf,7,8,8,mei_final,0.875,0.25
typespec,7801,ad7a275d9c9c43b0710024a33c25b8bb,7,8,8,mei_final,0.875,0.25
typespec,7801,c222d01b9afdb2a8d7226e015bae2ccb,7,8,8,mei_final,0.875,0.25
typespec,7801,ad7a275d9c9c43b0710024a33c25b8bb,7,8,8,mei_final,0.875,0.25
typespec,7801,51595c327ed3995b5e109120e363283a,7,8,8,mei_final,0.875,0.25
typespec,7801,c186ac03aa74ce332c20ed6765bc1c2c,7,8,8,mei_final,0.875,0.25
typespec,7801,a4e3549c7d7adf3ccf5f292b13679092,7,8,8,mei_final,0.875,0.25
typespec,7801,02ece6449f50f06401807a8dc75a2f4a,7,8,8,mei_final,0.875,0.25
typespec,7801,702e46e3b30bcf0b0f2ebc197fa4f607,7,8,8,mei_final,0.875,0.25
typespec,7801,6d0eae35494c86a0b000267e39142ebc,7,8,8,mei_final,0.875,0.25
typespec,7801,d6b7a9ba5ae608b0294cfd7464d6e290,7,8,8,mei_final,0.875,0.25
typespec,7801,c86c80e1dbd486a21378f2e08938f866,7,8,8,mei_final,0.875,0.25
typespec,7801,e0e8b19bf2857cc37b479c1340fa01de,7,8,8,mei_final,0.875,0.25
typespec,7801,d716951b335ae7787f4ab4188cbeede3,7,8,8,mei_final,0.875,0.25
typespec,7801,833d2f8e1e3139e9ae4c99a4b8f9bd1b,7,8,8,mei_final,0.875,0.25
typespec,7801,ed84c7918853fc2641ad4a40bf09245f,7,8,8,mei_final,0.875,0.25
typespec,7801,e886a925d7cb5ecb1cdeb0ea200f10b8,7,8,8,mei_final,0.875,0.25
typespec,7801,ee2533a8ead14fb56087d4616e35fe0f,7,8,8,mei_final,0.875,0.25
typespec,7801,2c13f66151019fbfc0d7afb3890aac2d,7,8,8,mei_final,0.875,0.25
typespec,7801,0cc028e1793c87e601982e29602a9957,7,8,8,mei_final,0.875,0.25
typespec,7801,ad7a275d9c9c43b0710024a33c25b8bb,7,8,8,mei_final,0.875,0.25
typespec,7801,a4e3549c7d7adf3ccf5f292b13679092,7,8,8,mei_final,0.875,0.25
typespec,7801,51595c327ed3995b5e109120e363283a,7,8,8,mei_final,0.875,0.25
typespec,7801,d5b6177c5443ffd0a22bf1c5b819e016,7,8,8,mei_final,0.875,0.25
typespec,7801,d3976622cdc166201d8c4a0940385560,7,8,8,mei_final,0.875,0.25
typespec,7801,51595c327ed3995b5e109120e363283a,7,8,8,mei_final,0.875,0.25
typespec,7801,96c8bf0b3ddc4c75fc2d23e6195f198f,7,8,8,mei_final,0.875,0.25
typespec,7801,abef531aed3ae37609793dcc0b83e72f,7,8,8,mei_final,0.875,0.25
typespec,7801,ab064c7e6f87c91026fc0b60959386bd,7,8,8,mei_final,0.875,0.25
typespec,7801,0b7d86afb58575c13377767c5cc9c03c,7,8,8,mei_final,0.875,0.25
typespec,7801,5ecd9aa09b2218928e9ee60337e0c316,7,8,8,mei_final,0.875,0.25
typespec,7801,9d9b6d200f511f7ccd0ffa07541fb2cc,7,8,8,mei_final,0.875,0.25
typespec,7801,67f38b7ecdcdee1b7a20dfcd1bf4afcb,7,8,8,mei_final,0.875,0.25
typespec,7801,ab064c7e6f87c91026fc0b60959386bd,7,8,8,mei_final,0.875,0.25
typespec,7801,3207b5124297254a80971913c3d1d1b4,7,8,8,mei_final,0.875,0.25
typespec,7801,51595c327ed3995b5e109120e363283a,7,8,8,mei_final,0.875,0.25
typespec,7801,ab064c7e6f87c91026fc0b60959386bd,7,8,8,mei_final,0.875,0.25
typespec,7801,0b7d86afb58575c13377767c5cc9c03c,7,8,8,mei_final,0.875,0.25
typespec,7801,0deb79d7440ad40f1bdce2787f6350d8,7,8,8,mei_final,0.875,0.25
typespec,7801,082a538df9c7c49edde81c1c29a5e2ae,7,8,8,mei_final,0.875,0.25
typespec,7801,3b962b03513c943938646af0bc050550,7,8,8,mei_final,0.875,0.25
typespec,7801,51595c327ed3995b5e109120e363283a,7,8,8,mei_final,0.875,0.25
typespec,7801,51595c327ed3995b5e109120e363283a,7,8,8,mei_final,0.875,0.25
typespec,7801,fde30531ff4e82b2a858a23dea52f018,7,8,8,mei_final,0.875,0.25
typespec,7801,c2ec2c60395e28eceeea065895afccf9,7,8,8,mei_final,0.875,0.25
typespec,7801,a03133b02ee50209592aec598d17a48f,7,8,8,mei_final,0.875,0.25
typespec,7801,a96fa6a3cc45d250f75af8a32a52df7a,7,8,8,mei_final,0.875,0.25
typespec,7801,b83d6b471a80e4fb46463f35d383b1f4,7,8,8,mei_final,0.875,0.25
typespec,7801,ad7a275d9c9c43b0710024a33c25b8bb,7,8,8,mei_final,0.875,0.25
typespec,7801,ab064c7e6f87c91026fc0b60959386bd,7,8,8,mei_final,0.875,0.25
typespec,7801,5a87b6546e39e4a7d58f7e2a0e534ec7,7,8,8,mei_final,0.875,0.25
typespec,7801,51595c327ed3995b5e109120e363283a,7,8,8,mei_final,0.875,0.25
typespec,7801,6d05f97f36c592f8467809e47ff755f3,7,8,8,mei_final,0.875,0.25
typespec,7801,1751d98b2eccd4e4581b90bd57f711e8,7,8,8,mei_final,0.875,0.25
typespec,7801,4505cfb1cbb4fe42d672ff54b07fc4ae,7,8,8,mei_final,0.875,0.25
typespec,7801,9d622bab1320bebee661e68f791cb7f4,7,8,8,mei_final,0.875,0.25
typespec,7801,65fc4d37c9db96b616eb26f182d0b19f,7,8,8,mei_final,0.875,0.25
typespec,7801,79177bb0b4ca5806cf61e25420cb6c20,7,8,8,mei_final,0.875,0.25
typespec,7801,1966139cac4db65967368104996da8e4,7,8,8,mei_final,0.875,0.25
typespec,7801,ad7a275d9c9c43b0710024a33c25b8bb,7,8,8,mei_final,0.875,0.25
typespec,7801,3b1716b31723811153c5f7815388d326,7,8,8,mei_final,0.875,0.25
typespec,7801,51595c327ed3995b5e109120e363283a,7,8,8,mei_final,0.875,0.25
typespec,7801,48916f6bb1c8acc4232ed8681a521dce,7,8,8,mei_final,0.875,0.25
typespec,7801,74a05b8cae6909585b6fa8863e6802fa,7,8,8,mei_final,0.875,0.25
typespec,7801,48916f6bb1c8acc4232ed8681a521dce,7,8,8,mei_final,0.875,0.25
typespec,7801,51595c327ed3995b5e109120e363283a,7,8,8,mei_final,0.875,0.25
typespec,7801,51595c327ed3995b5e109120e363283a,7,8,8,mei_final,0.875,0.25
typespec,7801,a90b8871b8a74c5856dccf39e8a1b4a6,7,8,8,mei_final,0.875,0.25
typespec,7801,b6632fe965c053c9ce31d34b2d94db4a,7,8,8,mei_final,0.875,0.25
typespec,7801,26e232a051fe59a0ababda0258370a43,7,8,8,mei_final,0.875,0.25
typespec,7801,51595c327ed3995b5e109120e363283a,7,8,8,mei_final,0.875,0.25
typespec,7801,0ec8f57013bf44e6c2e8588aa915ced3,7,8,8,mei_final,0.875,0.25
typespec,7801,37b694272374ddf5f62ca85af73bbf8b,7,8,8,mei_final,0.875,0.25
typespec,7801,c8d61dfbd7f6c4c7a94dc32d818ec3fb,7,8,8,mei_final,0.875,0.25
typespec,7801,24ea1d200d1b4b8c1b27b79869664100,7,8,8,mei_final,0.875,0.25
typespec,7801,51595c327ed3995b5e109120e363283a,7,8,8,mei_final,0.875,0.25
typespec,7801,d06de0e1da8fb7d055c83fc7b23bd8bf,7,8,8,mei_final,0.875,0.25
typespec,7801,85c3caf4254e5e3f5f5b3931603c5d0e,7,8,8,mei_final,0.875,0.25
typespec,7801,ab064c7e6f87c91026fc0b60959386bd,7,8,8,mei_final,0.875,0.25
typespec,7801,63af8766e3d853c220fceb3def879531,7,8,8,mei_final,0.875,0.25
typespec,7801,ca540e1ad1db3443f2bcad5226f7cfc2,7,8,8,mei_final,0.875,0.25
typespec,7801,ad7a275d9c9c43b0710024a33c25b8bb,7,8,8,mei_final,0.875,0.25
typespec,7801,d6ac42724d3d7d16226273c2810d2f51,7,8,8,mei_final,0.875,0.25
typespec,7801,0b7d86afb58575c13377767c5cc9c03c,7,8,8,mei_final,0.875,0.25
typespec,7801,0ec8f57013bf44e6c2e8588aa915ced3,7,8,8,mei_final,0.875,0.25
typespec,7801,ad7a275d9c9c43b0710024a33c25b8bb,7,8,8,mei_final,0.875,0.25
typespec,7801,dc535de20b14e346a34594c27b1a7f04,7,8,8,mei_final,0.875,0.25
typespec,7801,ab064c7e6f87c91026fc0b60959386bd,7,8,8,mei_final,0.875,0.25
typespec,7801,7c98d420938884c6697ee78a40cd98c0,7,8,8,mei_final,0.875,0.25
typespec,7801,50c56a168090c4698ed913cc46b4a75d,7,8,8,mei_final,0.875,0.25
typespec,7801,68e5cd1a99251c3cbc25ec4caa2de609,7,8,8,mei_final,0.875,0.25
typespec,7801,7c98d420938884c6697ee78a40cd98c0,7,8,8,mei_final,0.875,0.25
typespec,7801,1ee5fa3a9306181380a863063d3d8c47,7,8,8,mei_final,0.875,0.25
typespec,7801,51595c327ed3995b5e109120e363283a,7,8,8,mei_final,0.875,0.25
typespec,7801,3797daa7ee6e8c8489cf91ee46059380,7,8,8,mei_final,0.875,0.25
typespec,7801,ad7a275d9c9c43b0710024a33c25b8bb,7,8,8,mei_final,0.875,0.25
typespec,7801,34e9f4df2be59a4a758dde7649ff2ebf,7,8,8,mei_final,0.875,0.25
typespec,7801,7c98d420938884c6697ee78a40cd98c0,7,8,8,mei_final,0.875,0.25
typespec,7801,ad7a275d9c9c43b0710024a33c25b8bb,7,8,8,mei_final,0.875,0.25
typespec,7801,3b962b03513c943938646af0bc050550,7,8,8,mei_final,0.875,0.25
typespec,7801,51595c327ed3995b5e109120e363283a,7,8,8,mei_final,0.875,0.25
typespec,7801,43f3b4c6578e13c836296eb0dfd616ea,7,8,8,mei_final,0.875,0.25
typespec,7801,9f046ab98cf24b6a70e63250f446ed70,7,8,8,mei_final,0.875,0.25
typespec,7801,9101fc0625ccd6830a38b96883a85964,7,8,8,mei_final,0.875,0.25
typespec,7801,26e232a051fe59a0ababda0258370a43,7,8,8,mei_final,0.875,0.25
typespec,7801,da48372ab4293447f147609a76a79082,7,8,8,mei_final,0.875,0.25
typespec,7801,ee6d6a8a7003f25750ab6667f33a545f,7,8,8,mei_final,0.875,0.25
typespec,7801,d622b78bed8783af0fcf3c2f851c81ac,7,8,8,mei_final,0.875,0.25
typespec,7801,cd03c747db4f3fd4d3d100554ae5d985,7,8,8,mei_final,0.875,0.25
typespec,7801,51595c327ed3995b5e109120e363283a,7,8,8,mei_final,0.875,0.25
typespec,7801,a861e1260f2bb4ddd37a282c70f62dff,7,8,8,mei_final,0.875,0.25
typespec,7801,ab064c7e6f87c91026fc0b60959386bd,7,8,8,mei_final,0.875,0.25
typespec,7801,ee6d6a8a7003f25750ab6667f33a545f,7,8,8,mei_final,0.875,0.25
typespec,7801,51595c327ed3995b5e109120e363283a,7,8,8,mei_final,0.875,0.25
typespec,7801,8f2879388b017a27d4655b6a356c3473,7,8,8,mei_final,0.875,0.25
typespec,7801,6fe778b54783c68f2eebafb6fcafd8c4,7,8,8,mei_final,0.875,0.25
typespec,7801,f95941b365f55ca25148fd4d7db2e7ac,7,8,8,mei_final,0.875,0.25
typespec,7801,0cc028e1793c87e601982e29602a9957,7,8,8,mei_final,0.875,0.25
typespec,7801,702e46e3b30bcf0b0f2ebc197fa4f607,7,8,8,mei_final,0.875,0.25
typespec,7801,2d5ec40a83bdad87c4cc9d5d89ee252c,7,8,8,mei_final,0.875,0.25
typespec,7801,c2ec2c60395e28eceeea065895afccf9,7,8,8,mei_final,0.875,0.25
typespec,7801,ab064c7e6f87c91026fc0b60959386bd,7,8,8,mei_final,0.875,0.25
typespec,7801,441e071caba4ad11de00bacd04fd3359,7,8,8,mei_final,0.875,0.25
typespec,7801,0cc028e1793c87e601982e29602a9957,7,8,8,mei_final,0.875,0.25
typespec,7801,51595c327ed3995b5e109120e363283a,7,8,8,mei_final,0.875,0.25
typespec,7801,cc58e746e31077322159443e17edd6ad,7,8,8,mei_final,0.875,0.25
typespec,7801,27d5a50638e8f7a6f2f6e25ce108c24a,7,8,8,mei_final,0.875,0.25
typespec,7801,5bb4723d2109ce400ceb2fd21db5a978,7,8,8,mei_final,0.875,0.25
typespec,7801,8f2879388b017a27d4655b6a356c3473,7,8,8,mei_final,0.875,0.25
typespec,7801,4bbb6db92d9c610ad23d732ac798c944,7,8,8,mei_final,0.875,0.25
typespec,7801,1fd2deb9be55e213b61a40793e7d9c75,7,8,8,mei_final,0.875,0.25
typespec,7801,0b7d86afb58575c13377767c5cc9c03c,7,8,8,mei_final,0.875,0.25
typespec,7801,6d0eae35494c86a0b000267e39142ebc,7,8,8,mei_final,0.875,0.25
typespec,7801,1751d98b2eccd4e4581b90bd57f711e8,7,8,8,mei_final,0.875,0.25
typespec,7801,ad7a275d9c9c43b0710024a33c25b8bb,7,8,8,mei_final,0.875,0.25
typespec,7801,db882b6e218279452c931e22002a6e6f,7,8,8,mei_final,0.875,0.25
typespec,7801,ab064c7e6f87c91026fc0b60959386bd,7,8,8,mei_final,0.875,0.25
typespec,7801,5fb703cbbb03e40c71cb1faea912235c,7,8,8,mei_final,0.875,0.25
typespec,7801,2f260d03fa666f252914d6c4fd109dae,7,8,8,mei_final,0.875,0.25
typespec,7801,53eb737bf67997600a80b2195c9d47bb,7,8,8,mei_final,0.875,0.25
typespec,7801,fa2c9a3715fe574df2d0104069097a2b,7,8,8,mei_final,0.875,0.25
typespec,7801,53eb737bf67997600a80b2195c9d47bb,7,8,8,mei_final,0.875,0.25
typespec,7801,646a9091b9db80e1eccbe028c7b59275,7,8,8,mei_final,0.875,0.25
typespec,7801,0b7d86afb58575c13377767c5cc9c03c,7,8,8,mei_final,0.875,0.25
typespec,7801,e780a124b4e3f23ad7ccb1e6df219903,7,8,8,mei_final,0.875,0.25
typespec,7801,f410659b8e4b65987baf18f1c29beb30,7,8,8,mei_final,0.875,0.25
typespec,7801,b83d6b471a80e4fb46463f35d383b1f4,7,8,8,mei_final,0.875,0.25
typespec,7801,32b1d81e3d72f7745493a32cdf4fad3e,7,8,8,mei_final,0.875,0.25
typespec,7801,79c70b5649efcaa309d0b52cf5b5a946,7,8,8,mei_final,0.875,0.25
typespec,7801,22927326be66d004a43326c7de05ed1e,7,8,8,mei_final,0.875,0.25
typespec,7801,ab064c7e6f87c91026fc0b60959386bd,7,8,8,mei_final,0.875,0.25
typespec,7801,da48372ab4293447f147609a76a79082,7,8,8,mei_final,0.875,0.25
typespec,7801,ab064c7e6f87c91026fc0b60959386bd,7,8,8,mei_final,0.875,0.25
typespec,7801,ad7a275d9c9c43b0710024a33c25b8bb,7,8,8,mei_final,0.875,0.25
typespec,7801,b83d6b471a80e4fb46463f35d383b1f4,7,8,8,mei_final,0.875,0.25
typespec,7801,51595c327ed3995b5e109120e363283a,7,8,8,mei_final,0.875,0.25
typespec,7801,f95941b365f55ca25148fd4d7db2e7ac,7,8,8,mei_final,0.875,0.25
typespec,7801,65fc4d37c9db96b616eb26f182d0b19f,7,8,8,mei_final,0.875,0.25
typespec,7801,d59a351564d720136390207c77c765a2,7,8,8,mei_final,0.875,0.25
typespec,7801,6a2f4d20387465be1add97f4b374b4e8,7,8,8,mei_final,0.875,0.25
typespec,7801,a4e3549c7d7adf3ccf5f292b13679092,7,8,8,mei_final,0.875,0.25
typespec,7801,f3d67b5d632b4874df8f8bd1f5849cdf,7,8,8,mei_final,0.875,0.25
typespec,7801,ccf5fedc0d5fc3a9c05bcc8166bd89bf,7,8,8,mei_final,0.875,0.25
typespec,7801,5bb4723d2109ce400ceb2fd21db5a978,7,8,8,mei_final,0.875,0.25
typespec,7801,776523d3ced5330a678381dbaceb383c,7,8,8,mei_final,0.875,0.25
typespec,7801,7125d262c1d935a6f8b4aa68575836f8,7,8,8,mei_final,0.875,0.25
typespec,7801,96c8bf0b3ddc4c75fc2d23e6195f198f,7,8,8,mei_final,0.875,0.25
typespec,7801,0b7d86afb58575c13377767c5cc9c03c,7,8,8,mei_final,0.875,0.25
typespec,7801,27b0f9d4e9766d0bbcfbc2a9e1c14001,7,8,8,mei_final,0.875,0.25
typespec,7801,b83d6b471a80e4fb46463f35d383b1f4,7,8,8,mei_final,0.875,0.25
typespec,7801,6fe778b54783c68f2eebafb6fcafd8c4,7,8,8,mei_final,0.875,0.25
typespec,7801,ad7a275d9c9c43b0710024a33c25b8bb,7,8,8,mei_final,0.875,0.25
typespec,7801,7a3fbfffceea5fce3dcde2be64a5a698,7,8,8,mei_final,0.875,0.25
typespec,7801,f16afd903ae66033aaa1f38e8c169595,7,8,8,mei_final,0.875,0.25
typespec,7801,02ece6449f50f06401807a8dc75a2f4a,7,8,8,mei_final,0.875,0.25
typespec,7801,b164708b1081606f79178988a8183453,7,8,8,mei_final,0.875,0.25
typespec,7801,d6ac42724d3d7d16226273c2810d2f51,7,8,8,mei_final,0.875,0.25
typespec,7801,8f2879388b017a27d4655b6a356c3473,7,8,8,mei_final,0.875,0.25
typespec,7801,5ecd9aa09b2218928e9ee60337e0c316,7,8,8,mei_final,0.875,0.25
typespec,7801,576b00da26c064d20bdcf7e3a5f6d5a6,7,8,8,mei_final,0.875,0.25
typespec,7801,8b4f8093d7f0afe29777e55934208117,7,8,8,mei_final,0.875,0.25
typespec,7801,ad7a275d9c9c43b0710024a33c25b8bb,7,8,8,mei_final,0.875,0.25
typespec,7801,975c0d95782b9b0d1a9255c959118a84,7,8,8,mei_final,0.875,0.25
typespec,7801,79c70b5649efcaa309d0b52cf5b5a946,7,8,8,mei_final,0.875,0.25
typespec,7801,ab064c7e6f87c91026fc0b60959386bd,7,8,8,mei_final,0.875,0.25
typespec,7801,ab064c7e6f87c91026fc0b60959386bd,7,8,8,mei_final,0.875,0.25
typespec,7801,0dc1595989017144fb817678f6707676,7,8,8,mei_final,0.875,0.25
typespec,7801,0ec8f57013bf44e6c2e8588aa915ced3,7,8,8,mei_final,0.875,0.25
typespec,7801,2697f603749eda1938dec3c73a22efb9,7,8,8,mei_final,0.875,0.25
typespec,7801,0cc028e1793c87e601982e29602a9957,7,8,8,mei_final,0.875,0.25
typespec,7801,ab064c7e6f87c91026fc0b60959386bd,7,8,8,mei_final,0.875,0.25
typespec,7801,e16d52572289f000962fe6aa6f8787cb,7,8,8,mei_final,0.875,0.25
typespec,7801,390369cd7195c7ed50ded200bc317adf,7,8,8,mei_final,0.875,0.25
typespec,7801,ab064c7e6f87c91026fc0b60959386bd,7,8,8,mei_final,0.875,0.25
typespec,7801,8a4d92d703930c61f2e811554800b6a9,7,8,8,mei_final,0.875,0.25
typespec,7801,0b7d86afb58575c13377767c5cc9c03c,7,8,8,mei_final,0.875,0.25
typespec,7801,da48372ab4293447f147609a76a79082,7,8,8,mei_final,0.875,0.25
typespec,7801,80952a697b9ec2b8660ec606c5be7fc0,7,8,8,mei_final,0.875,0.25
typespec,7801,239eb3ecdb9a85dde057f8310ed83558,7,8,8,mei_final,0.875,0.25
typespec,7801,702e46e3b30bcf0b0f2ebc197fa4f607,7,8,8,mei_final,0.875,0.25
typespec,7801,4bb97d9eba79d581e361371c194c9b29,7,8,8,mei_final,0.875,0.25
typespec,7801,106565d1f5d28e46f21cf690c47dbabb,7,8,8,mei_final,0.875,0.25
typespec,7801,ab064c7e6f87c91026fc0b60959386bd,7,8,8,mei_final,0.875,0.25
typespec,7801,16ce755c1c9f3009b6f71fc987c3a8f4,7,8,8,mei_final,0.875,0.25
typespec,7801,dcac2e905996a5c11a328b675f85396d,7,8,8,mei_final,0.875,0.25
typespec,7801,ab064c7e6f87c91026fc0b60959386bd,7,8,8,mei_final,0.875,0.25
typespec,7801,3207b5124297254a80971913c3d1d1b4,7,8,8,mei_final,0.875,0.25
typespec,7801,52014c1f067ad3d0e1349659a4b0b166,7,8,8,mei_final,0.875,0.25
typespec,7801,6d0eae35494c86a0b000267e39142ebc,7,8,8,mei_final,0.875,0.25
typespec,7801,42b431298817eabb34441b28b6e8907b,7,8,8,mei_final,0.875,0.25
typespec,7801,ca1bde11fc1c9868196928aff9386da9,7,8,8,mei_final,0.875,0.25
typespec,7801,ab064c7e6f87c91026fc0b60959386bd,7,8,8,mei_final,0.875,0.25
typespec,7801,75712d8205a78583fdddf2f12946bd37,7,8,8,mei_final,0.875,0.25
typespec,7801,51595c327ed3995b5e109120e363283a,7,8,8,mei_final,0.875,0.25
typespec,7801,0cc028e1793c87e601982e29602a9957,7,8,8,mei_final,0.875,0.25
typespec,7801,8f2879388b017a27d4655b6a356c3473,7,8,8,mei_final,0.875,0.25
typespec,7801,26352f80b24873b4452f3ce2e49494b4,7,8,8,mei_final,0.875,0.25
typespec,7801,0b7d86afb58575c13377767c5cc9c03c,7,8,8,mei_final,0.875,0.25
typespec,7801,a7c211b3efe3e5ca2abbe9578bc57018,7,8,8,mei_final,0.875,0.25
typespec,7801,c91b148486c8b579a74a5fdb83281c8e,7,8,8,mei_final,0.875,0.25
typespec,7801,6d96b70c564ab4d9f228b4c9effa55bb,7,8,8,mei_final,0.875,0.25
typespec,7801,62ac7b10ef24570df8224914cd220204,7,8,8,mei_final,0.875,0.25
typespec,7801,39ad812b2245beeeefca8768a4c49eea,7,8,8,mei_final,0.875,0.25
typespec,7801,e3fa34ef5f6d19aa23c0fd5c73a96148,7,8,8,mei_final,0.875,0.25
typespec,7801,b83d6b471a80e4fb46463f35d383b1f4,7,8,8,mei_final,0.875,0.25
typespec,7801,ee2533a8ead14fb56087d4616e35fe0f,7,8,8,mei_final,0.875,0.25
typespec,7801,0ec8f57013bf44e6c2e8588aa915ced3,7,8,8,mei_final,0.875,0.25
typespec,7801,7df8c6e7e7553e8215cad8d9a2040c1b,7,8,8,mei_final,0.875,0.25
typespec,7801,a52d2686c6c2050230d68f5a175b6ccd,7,8,8,mei_final,0.875,0.25
typespec,7801,cd03c747db4f3fd4d3d100554ae5d985,7,8,8,mei_final,0.875,0.25
typespec,7801,51595c327ed3995b5e109120e363283a,7,8,8,mei_final,0.875,0.25
typespec,7801,51595c327ed3995b5e109120e363283a,7,8,8,mei_final,0.875,0.25
typespec,7801,bd830d8dbba6c457072b9f47287f4cd6,7,8,8,mei_final,0.875,0.25
typespec,7801,b3066f936547d96a53cce5cfcdb0fc46,7,8,8,mei_final,0.875,0.25
typespec,7801,0b7d86afb58575c13377767c5cc9c03c,7,8,8,mei_final,0.875,0.25
typespec,7801,e248ee5d415fdc7f4ec0f84f0245654f,7,8,8,mei_final,0.875,0.25
typespec,7801,c78b01d24285f7524251750e6c746d91,7,8,8,mei_final,0.875,0.25
typespec,7801,ab064c7e6f87c91026fc0b60959386bd,7,8,8,mei_final,0.875,0.25
typespec,7801,51595c327ed3995b5e109120e363283a,7,8,8,mei_final,0.875,0.25
typespec,7801,e4f6f5c7e33c0b23750a93243dd540ec,7,8,8,mei_final,0.875,0.25
typespec,7801,5bbb827b0c5cb78bff09ed13d2f7367f,7,8,8,mei_final,0.875,0.25
typespec,7801,ef688300e4f600176a87b4694251d655,7,8,8,mei_final,0.875,0.25
typespec,7801,ac2d4d1ec778ab03f741b91cbadcddac,7,8,8,mei_final,0.875,0.25
typespec,7801,387ea1cac167868ea7be2b2b34486fd5,7,8,8,mei_final,0.875,0.25
typespec,7801,87df0e8bb853aec60d4da5b72de8fe2a,7,8,8,mei_final,0.875,0.25
typespec,7801,71c108213b1be5d31f7efc040ce7e5b3,7,8,8,mei_final,0.875,0.25
typespec,7801,0cc028e1793c87e601982e29602a9957,7,8,8,mei_final,0.875,0.25
typespec,7801,ad7a275d9c9c43b0710024a33c25b8bb,7,8,8,mei_final,0.875,0.25
typespec,7801,0b7d86afb58575c13377767c5cc9c03c,7,8,8,mei_final,0.875,0.25
typespec,7801,8c63a3822428b0632b6fab63c7e430d2,7,8,8,mei_final,0.875,0.25
typespec,7801,ab064c7e6f87c91026fc0b60959386bd,7,8,8,mei_final,0.875,0.25
typespec,7801,51595c327ed3995b5e109120e363283a,7,8,8,mei_final,0.875,0.25
typespec,7801,d5f003ab53ef8d52dd2b09ad2ed15ce6,7,8,8,mei_final,0.875,0.25
typespec,7801,22918ed6d7fdc107bed96f9e30f9eb80,7,8,8,mei_final,0.875,0.25
typespec,7801,0b7d86afb58575c13377767c5cc9c03c,7,8,8,mei_final,0.875,0.25
typespec,7801,22927326be66d004a43326c7de05ed1e,7,8,8,mei_final,0.875,0.25
typespec,7801,a8f2f4e116f61c8417fa371ea96800cc,7,8,8,mei_final,0.875,0.25
typespec,7801,5ce7b3028fc0a9f737954a93ce4589f0,7,8,8,mei_final,0.875,0.25
typespec,7801,b4d9e3958518afb46ccd084b51e50888,7,8,8,mei_final,0.875,0.25
typespec,7801,0b7d86afb58575c13377767c5cc9c03c,7,8,8,mei_final,0.875,0.25
typespec,7801,781876ef862a146f654e109913d60688,7,8,8,mei_final,0.875,0.25
typespec,7801,ab064c7e6f87c91026fc0b60959386bd,7,8,8,mei_final,0.875,0.25
typespec,7801,46d969f26a994dd323953fe6fd8040a7,7,8,8,mei_final,0.875,0.25
typespec,7801,51595c327ed3995b5e109120e363283a,7,8,8,mei_final,0.875,0.25
typespec,7801,5bbb827b0c5cb78bff09ed13d2f7367f,7,8,8,mei_final,0.875,0.25
typespec,7801,a501a0f4208e47954a721280a224df4d,7,8,8,mei_final,0.875,0.25
typespec,7801,5d3a91fc51faae0ef56b43db44fca05e,7,8,8,mei_final,0.875,0.25
typespec,7801,9a17acb9ef6cfcb65678f825ea10a29b,7,8,8,mei_final,0.875,0.25
typespec,7801,b6632fe965c053c9ce31d34b2d94db4a,7,8,8,mei_final,0.875,0.25
typespec,7801,d716951b335ae7787f4ab4188cbeede3,7,8,8,mei_final,0.875,0.25
typespec,7801,53eb737bf67997600a80b2195c9d47bb,7,8,8,mei_final,0.875,0.25
typespec,7801,ad7a275d9c9c43b0710024a33c25b8bb,7,8,8,mei_final,0.875,0.25
typespec,7801,4bb97d9eba79d581e361371c194c9b29,7,8,8,mei_final,0.875,0.25
typespec,7801,cd03c747db4f3fd4d3d100554ae5d985,7,8,8,mei_final,0.875,0.25
typespec,7801,ad7a275d9c9c43b0710024a33c25b8bb,7,8,8,mei_final,0.875,0.25
typespec,7801,e4a5e1b46dc9fdfefd8260163952058e,7,8,8,mei_final,0.875,0.25
typespec,7801,b83d6b471a80e4fb46463f35d383b1f4,7,8,8,mei_final,0.875,0.25
typespec,7801,ab064c7e6f87c91026fc0b60959386bd,7,8,8,mei_final,0.875,0.25
typespec,7801,80c5ed59a7ab950cf045f48c9c13b3d7,7,8,8,mei_final,0.875,0.25
typespec,7801,a28d393a58a07f210ff6850722dc1ff6,7,8,8,mei_final,0.875,0.25
typespec,7801,b83d6b471a80e4fb46463f35d383b1f4,7,8,8,mei_final,0.875,0.25
typespec,7801,51595c327ed3995b5e109120e363283a,7,8,8,mei_final,0.875,0.25
typespec,7801,0b7d86afb58575c13377767c5cc9c03c,7,8,8,mei_final,0.875,0.25
typespec,7801,51595c327ed3995b5e109120e363283a,7,8,8,mei_final,0.875,0.25
typespec,7801,56008272c87aa3911f64b5256c290a5b,7,8,8,mei_final,0.875,0.25
typespec,7801,0b7d86afb58575c13377767c5cc9c03c,7,8,8,mei_final,0.875,0.25
typespec,7801,4276e421f11a1dabfc422d28f9378635,7,8,8,mei_final,0.875,0.25
typespec,7801,0b7d86afb58575c13377767c5cc9c03c,7,8,8,mei_final,0.875,0.25
typespec,7801,419b979953131bc6920febbd9f2681a4,7,8,8,mei_final,0.875,0.25
typespec,7801,b0ca204203ed44da4cbbd8581ea00baf,7,8,8,mei_final,0.875,0.25
typespec,7801,0ddbe629b91147f03d5b735a8cbf1915,7,8,8,mei_final,0.875,0.25
typespec,7801,8ca66661bd8604188344b4157ca3d47c,7,8,8,mei_final,0.875,0.25
typespec,7801,f8effb7bd9a11ca8db7132176b3c43bd,7,8,8,mei_final,0.875,0.25
typespec,7801,ab064c7e6f87c91026fc0b60959386bd,7,8,8,mei_final,0.875,0.25
typespec,7801,4e5a0328c78fb8e935bb6366265ba6c9,7,8,8,mei_final,0.875,0.25
typespec,7801,b0ca204203ed44da4cbbd8581ea00baf,7,8,8,mei_final,0.875,0.25
typespec,7801,dca527270c6585ccab4f7b6bf8736d45,7,8,8,mei_final,0.875,0.25
typespec,7801,ff7e569f1c87813908dfc8864707036a,7,8,8,mei_final,0.875,0.25
typespec,7801,082a538df9c7c49edde81c1c29a5e2ae,7,8,8,mei_final,0.875,0.25
typespec,7801,0b54d63f66364bca53d2b6b8cbcd9133,7,8,8,mei_final,0.875,0.25
typespec,7801,b6632fe965c053c9ce31d34b2d94db4a,7,8,8,mei_final,0.875,0.25
typespec,7801,b9eb861245351a51e9ef4601f93a9244,8,8,8,unique_final,1.0,0.125
typespec,7801,0b7d86afb58575c13377767c5cc9c03c,8,8,8,unique_final,1.0,0.125
typespec,7801,34baa8c96d5c316fe3dd5c1ebbd7cd10,8,8,8,unique_final,1.0,0.125
typespec,7801,ab064c7e6f87c91026fc0b60959386bd,8,8,8,unique_final,1.0,0.125
typespec,7801,ab064c7e6f87c91026fc0b60959386bd,8,8,8,unique_final,1.0,0.125
typespec,7801,ad7a275d9c9c43b0710024a33c25b8bb,8,8,8,unique_final,1.0,0.125
typespec,7801,1b98484537fb2a40c99d188dbc2261b7,8,8,8,unique_final,1.0,0.125
typespec,7801,86026acb77765d5393b43cb6b3388405,8,8,8,unique_final,1.0,0.125
typespec,7801,ad7a275d9c9c43b0710024a33c25b8bb,8,8,8,unique_final,1.0,0.125
typespec,7801,34baa8c96d5c316fe3dd5c1ebbd7cd10,8,8,8,unique_final,1.0,0.125
typespec,7801,ab064c7e6f87c91026fc0b60959386bd,8,8,8,unique_final,1.0,0.125
typespec,7801,b9eb861245351a51e9ef4601f93a9244,8,8,8,unique_final,1.0,0.125
typespec,7801,ab064c7e6f87c91026fc0b60959386bd,8,8,8,unique_final,1.0,0.125
typespec,7801,dc1c99646d97e3f9bdf9189f4b54adc8,8,8,8,unique_final,1.0,0.125
typespec,7801,0072a54bdcd9714ddba176616506f8c0,8,8,8,unique_final,1.0,0.125
typespec,7801,0072a54bdcd9714ddba176616506f8c0,8,8,8,unique_final,1.0,0.125
typespec,7801,ad7a275d9c9c43b0710024a33c25b8bb,8,8,8,unique_final,1.0,0.125
typespec,7801,0373937cbfd5367c4e1860ad77f101af,8,8,8,unique_final,1.0,0.125
typespec,7801,1b98484537fb2a40c99d188dbc2261b7,8,8,8,unique_final,1.0,0.125
typespec,7801,816ac8fc160c85bb3bbd810cf8f17ab0,8,8,8,unique_final,1.0,0.125
typespec,7801,ad7a275d9c9c43b0710024a33c25b8bb,8,8,8,unique_final,1.0,0.125
typespec,7801,86026acb77765d5393b43cb6b3388405,8,8,8,unique_final,1.0,0.125
typespec,7801,c412a3520e43d2e1aaf48962e85b3f14,8,8,8,unique_final,1.0,0.125
typespec,7801,816ac8fc160c85bb3bbd810cf8f17ab0,8,8,8,unique_final,1.0,0.125
typespec,7801,0072a54bdcd9714ddba176616506f8c0,8,8,8,unique_final,1.0,0.125
typespec,7801,0072a54bdcd9714ddba176616506f8c0,8,8,8,unique_final,1.0,0.125
typespec,7927,9e6c0dbeb46171763b2d3608fdcac029,2,2,3,unique_mei,0.6667,0.3333
typespec,7927,9e6c0dbeb46171763b2d3608fdcac029,2,2,3,unique_mei,0.6667,0.3333
typespec,7927,e5bf5d4ebeef81e7c4ab20b2f7d98082,2,2,3,unique_mei,0.6667,0.3333
typespec,7927,c694d73af3ea7d5f5f1c45ad4cebdd93,2,2,3,unique_mei,0.6667,0.3333
typespec,7927,e5bf5d4ebeef81e7c4ab20b2f7d98082,2,2,3,unique_mei,0.6667,0.3333
typespec,7927,860405798602a883213d59a1912ea2c4,2,2,3,unique_mei,0.6667,0.3333
typespec,7927,ec7da0bb7a12f232a35ea148fd760c94,2,2,3,unique_mei,0.6667,0.3333
typespec,7927,e5bf5d4ebeef81e7c4ab20b2f7d98082,2,2,3,unique_mei,0.6667,0.3333
typespec,7927,e5bf5d4ebeef81e7c4ab20b2f7d98082,2,2,3,unique_mei,0.6667,0.3333
typespec,7927,c694d73af3ea7d5f5f1c45ad4cebdd93,2,2,3,unique_mei,0.6667,0.3333
typespec,7927,e5bf5d4ebeef81e7c4ab20b2f7d98082,2,2,3,unique_mei,0.6667,0.3333
typespec,7927,a25979764685d84feaba896f9562392a,2,2,3,unique_mei,0.6667,0.3333
typespec,7927,9e6c0dbeb46171763b2d3608fdcac029,2,2,3,unique_mei,0.6667,0.3333
typespec,7927,e5bf5d4ebeef81e7c4ab20b2f7d98082,2,2,3,unique_mei,0.6667,0.3333
typespec,7927,e5bf5d4ebeef81e7c4ab20b2f7d98082,2,2,3,unique_mei,0.6667,0.3333
typespec,7927,e5bf5d4ebeef81e7c4ab20b2f7d98082,2,2,3,unique_mei,0.6667,0.3333
typespec,7927,ae4cdf9d0130e7fbb6c9d1a32569fed4,2,2,3,unique_mei,0.6667,0.3333
typespec,7927,9e6c0dbeb46171763b2d3608fdcac029,2,2,3,unique_mei,0.6667,0.3333
typespec,7927,e5bf5d4ebeef81e7c4ab20b2f7d98082,2,2,3,unique_mei,0.6667,0.3333
typespec,7927,a66fadff0420e10be3c48519b0f852aa,2,2,3,unique_mei,0.6667,0.3333
typespec,7927,07432ade3598faab40d5ba22595e55d3,2,2,3,unique_mei,0.6667,0.3333
typespec,7927,7515292ed95a6d5a79d538425cf00dc8,2,2,3,unique_mei,0.6667,0.3333
typespec,7927,ae4cdf9d0130e7fbb6c9d1a32569fed4,2,2,3,unique_mei,0.6667,0.3333
typespec,7927,860405798602a883213d59a1912ea2c4,2,2,3,unique_mei,0.6667,0.3333
typespec,7927,f10e750e54ebbcc279159df66bf21c4d,2,2,3,unique_mei,0.6667,0.3333
typespec,7927,1459d93741efc7f7853f0b934d9aaf80,2,2,3,unique_mei,0.6667,0.3333
typespec,7927,a66fadff0420e10be3c48519b0f852aa,2,2,3,unique_mei,0.6667,0.3333
typespec,7927,e5bf5d4ebeef81e7c4ab20b2f7d98082,2,2,3,unique_mei,0.6667,0.3333
typespec,7927,e5bf5d4ebeef81e7c4ab20b2f7d98082,2,2,3,unique_mei,0.6667,0.3333
typespec,7927,ae4cdf9d0130e7fbb6c9d1a32569fed4,2,2,3,unique_mei,0.6667,0.3333
typespec,7927,1459d93741efc7f7853f0b934d9aaf80,2,2,3,unique_mei,0.6667,0.3333
typespec,7927,e5bf5d4ebeef81e7c4ab20b2f7d98082,2,2,3,unique_mei,0.6667,0.3333
typespec,7927,e5bf5d4ebeef81e7c4ab20b2f7d98082,2,2,3,unique_mei,0.6667,0.3333
typespec,7927,d0319311b7e489716d0fea1747aa5302,2,2,3,unique_mei,0.6667,0.3333
typespec,7927,e5bf5d4ebeef81e7c4ab20b2f7d98082,2,2,3,unique_mei,0.6667,0.3333
typespec,7927,c0b871bd829c08538c294a759b10fc24,2,2,3,unique_mei,0.6667,0.3333
typespec,7927,e5bf5d4ebeef81e7c4ab20b2f7d98082,2,2,3,unique_mei,0.6667,0.3333
typespec,7927,e379fca644b8ac2ea9d96cdc82a02d84,2,2,3,unique_mei,0.6667,0.3333
typespec,7927,4c2f6c0f3ea3df63a3763b15c9f1c56a,2,2,3,unique_mei,0.6667,0.3333
typespec,7927,ae4cdf9d0130e7fbb6c9d1a32569fed4,2,2,3,unique_mei,0.6667,0.3333
typespec,7927,bb753ea12224811d8129cdfda905c42a,2,2,3,unique_mei,0.6667,0.3333
typespec,7927,ae4cdf9d0130e7fbb6c9d1a32569fed4,2,2,3,unique_mei,0.6667,0.3333
typespec,7927,e5bf5d4ebeef81e7c4ab20b2f7d98082,2,2,3,unique_mei,0.6667,0.3333
typespec,7927,e5bf5d4ebeef81e7c4ab20b2f7d98082,2,2,3,unique_mei,0.6667,0.3333
typespec,7927,e379fca644b8ac2ea9d96cdc82a02d84,2,2,3,unique_mei,0.6667,0.3333
typespec,7927,ec7da0bb7a12f232a35ea148fd760c94,2,2,3,unique_mei,0.6667,0.3333
typespec,7927,e5bf5d4ebeef81e7c4ab20b2f7d98082,2,2,3,unique_mei,0.6667,0.3333
typespec,7927,1459d93741efc7f7853f0b934d9aaf80,2,2,3,unique_mei,0.6667,0.3333
typespec,7927,d6785db919b4e23d09640caacb1f3ca6,2,2,3,unique_mei,0.6667,0.3333
typespec,7927,e5bf5d4ebeef81e7c4ab20b2f7d98082,2,2,3,unique_mei,0.6667,0.3333
typespec,7927,3d150d9969e5183ab03219c91589e161,2,2,3,unique_mei,0.6667,0.3333
typespec,7927,e5bf5d4ebeef81e7c4ab20b2f7d98082,2,2,3,unique_mei,0.6667,0.3333
typespec,7927,c0b871bd829c08538c294a759b10fc24,2,2,3,unique_mei,0.6667,0.3333
typespec,7927,07432ade3598faab40d5ba22595e55d3,2,2,3,unique_mei,0.6667,0.3333
typespec,7927,e5bf5d4ebeef81e7c4ab20b2f7d98082,2,2,3,unique_mei,0.6667,0.3333
typespec,7927,c0b871bd829c08538c294a759b10fc24,2,2,3,unique_mei,0.6667,0.3333
typespec,7927,e5bf5d4ebeef81e7c4ab20b2f7d98082,2,2,3,unique_mei,0.6667,0.3333
typespec,7927,d0319311b7e489716d0fea1747aa5302,2,2,3,unique_mei,0.6667,0.3333
typespec,7927,803b63d9b3218cd4b674093f8af3a768,2,2,3,unique_mei,0.6667,0.3333
typespec,7927,803b63d9b3218cd4b674093f8af3a768,2,2,3,unique_mei,0.6667,0.3333
typespec,7927,e5bf5d4ebeef81e7c4ab20b2f7d98082,2,2,3,unique_mei,0.6667,0.3333
typespec,7927,e5bf5d4ebeef81e7c4ab20b2f7d98082,2,2,3,unique_mei,0.6667,0.3333
typespec,7927,1459d93741efc7f7853f0b934d9aaf80,2,2,3,unique_mei,0.6667,0.3333
typespec,7927,f10e750e54ebbcc279159df66bf21c4d,2,2,3,unique_mei,0.6667,0.3333
typespec,7927,e5bf5d4ebeef81e7c4ab20b2f7d98082,2,2,3,unique_mei,0.6667,0.3333
typespec,7927,e5bf5d4ebeef81e7c4ab20b2f7d98082,2,2,3,unique_mei,0.6667,0.3333
typespec,7927,e5bf5d4ebeef81e7c4ab20b2f7d98082,2,2,3,unique_mei,0.6667,0.3333
typespec,7927,9e6c0dbeb46171763b2d3608fdcac029,2,2,3,unique_mei,0.6667,0.3333
typespec,7927,ae4cdf9d0130e7fbb6c9d1a32569fed4,2,2,3,unique_mei,0.6667,0.3333
typespec,7927,e5bf5d4ebeef81e7c4ab20b2f7d98082,2,2,3,unique_mei,0.6667,0.3333
typespec,7927,9e6c0dbeb46171763b2d3608fdcac029,2,2,3,unique_mei,0.6667,0.3333
typespec,7927,e5bf5d4ebeef81e7c4ab20b2f7d98082,2,2,3,unique_mei,0.6667,0.3333
typespec,7927,ae4cdf9d0130e7fbb6c9d1a32569fed4,2,2,3,unique_mei,0.6667,0.3333
typespec,7927,e5bf5d4ebeef81e7c4ab20b2f7d98082,2,2,3,unique_mei,0.6667,0.3333
typespec,7927,07432ade3598faab40d5ba22595e55d3,2,2,3,unique_mei,0.6667,0.3333
typespec,7927,e5bf5d4ebeef81e7c4ab20b2f7d98082,2,2,3,unique_mei,0.6667,0.3333
typespec,7927,e5bf5d4ebeef81e7c4ab20b2f7d98082,2,2,3,unique_mei,0.6667,0.3333
typespec,7927,a66fadff0420e10be3c48519b0f852aa,2,2,3,unique_mei,0.6667,0.3333
typespec,7927,9e6c0dbeb46171763b2d3608fdcac029,2,2,3,unique_mei,0.6667,0.3333
typespec,7927,803b63d9b3218cd4b674093f8af3a768,2,2,3,unique_mei,0.6667,0.3333
typespec,7927,f5882cf68225a56699b83accff7cf341,2,2,3,unique_mei,0.6667,0.3333
typespec,7927,a25979764685d84feaba896f9562392a,2,2,3,unique_mei,0.6667,0.3333
typespec,7927,ae4cdf9d0130e7fbb6c9d1a32569fed4,2,2,3,unique_mei,0.6667,0.3333
typespec,7927,07432ade3598faab40d5ba22595e55d3,2,2,3,unique_mei,0.6667,0.3333
typespec,7927,ae4cdf9d0130e7fbb6c9d1a32569fed4,2,2,3,unique_mei,0.6667,0.3333
typespec,7927,e5bf5d4ebeef81e7c4ab20b2f7d98082,2,2,3,unique_mei,0.6667,0.3333
typespec,7927,e5bf5d4ebeef81e7c4ab20b2f7d98082,2,2,3,unique_mei,0.6667,0.3333
typespec,7927,9e6c0dbeb46171763b2d3608fdcac029,2,2,3,unique_mei,0.6667,0.3333
typespec,7927,e5bf5d4ebeef81e7c4ab20b2f7d98082,2,2,3,unique_mei,0.6667,0.3333
typespec,7927,e5bf5d4ebeef81e7c4ab20b2f7d98082,2,2,3,unique_mei,0.6667,0.3333
typespec,7927,0220a580e9623c0aff5a350e692182b3,2,2,3,unique_mei,0.6667,0.3333
typespec,7927,e5bf5d4ebeef81e7c4ab20b2f7d98082,2,2,3,unique_mei,0.6667,0.3333
typespec,7927,ac23d0f65b335ebff6a37d6c2a3abe7a,2,2,3,unique_mei,0.6667,0.3333
typespec,7927,e5bf5d4ebeef81e7c4ab20b2f7d98082,2,2,3,unique_mei,0.6667,0.3333
typespec,7927,07432ade3598faab40d5ba22595e55d3,2,2,3,unique_mei,0.6667,0.3333
typespec,7927,ae4cdf9d0130e7fbb6c9d1a32569fed4,2,2,3,unique_mei,0.6667,0.3333
typespec,7927,e5bf5d4ebeef81e7c4ab20b2f7d98082,2,2,3,unique_mei,0.6667,0.3333
typespec,7927,7515292ed95a6d5a79d538425cf00dc8,2,2,3,unique_mei,0.6667,0.3333
typespec,7927,ae4cdf9d0130e7fbb6c9d1a32569fed4,2,2,3,unique_mei,0.6667,0.3333
typespec,7927,0220a580e9623c0aff5a350e692182b3,2,2,3,unique_mei,0.6667,0.3333
typespec,7927,e5bf5d4ebeef81e7c4ab20b2f7d98082,2,2,3,unique_mei,0.6667,0.3333
typespec,7927,bb753ea12224811d8129cdfda905c42a,2,2,3,unique_mei,0.6667,0.3333
typespec,7927,e5bf5d4ebeef81e7c4ab20b2f7d98082,2,2,3,unique_mei,0.6667,0.3333
typespec,7927,07432ade3598faab40d5ba22595e55d3,2,2,3,unique_mei,0.6667,0.3333
typespec,7927,ae4cdf9d0130e7fbb6c9d1a32569fed4,2,2,3,unique_mei,0.6667,0.3333
typespec,7927,1459d93741efc7f7853f0b934d9aaf80,2,2,3,unique_mei,0.6667,0.3333
typespec,7927,e5bf5d4ebeef81e7c4ab20b2f7d98082,2,2,3,unique_mei,0.6667,0.3333
typespec,7927,0220a580e9623c0aff5a350e692182b3,2,2,3,unique_mei,0.6667,0.3333
typespec,7927,07432ade3598faab40d5ba22595e55d3,2,2,3,unique_mei,0.6667,0.3333
typespec,7927,ec7da0bb7a12f232a35ea148fd760c94,2,2,3,unique_mei,0.6667,0.3333
typespec,7927,d6785db919b4e23d09640caacb1f3ca6,2,2,3,unique_mei,0.6667,0.3333
typespec,7927,e5bf5d4ebeef81e7c4ab20b2f7d98082,2,2,3,unique_mei,0.6667,0.3333
typespec,7927,e5bf5d4ebeef81e7c4ab20b2f7d98082,2,2,3,unique_mei,0.6667,0.3333
typespec,7927,ae4cdf9d0130e7fbb6c9d1a32569fed4,2,2,3,unique_mei,0.6667,0.3333
typespec,7927,f5882cf68225a56699b83accff7cf341,2,2,3,unique_mei,0.6667,0.3333
typespec,7927,9e6c0dbeb46171763b2d3608fdcac029,2,2,3,unique_mei,0.6667,0.3333
typespec,7927,d0319311b7e489716d0fea1747aa5302,2,2,3,unique_mei,0.6667,0.3333
typespec,7927,1459d93741efc7f7853f0b934d9aaf80,2,2,3,unique_mei,0.6667,0.3333
typespec,7927,e5bf5d4ebeef81e7c4ab20b2f7d98082,2,2,3,unique_mei,0.6667,0.3333
typespec,7927,4c2f6c0f3ea3df63a3763b15c9f1c56a,2,2,3,unique_mei,0.6667,0.3333
typespec,7927,3d150d9969e5183ab03219c91589e161,2,2,3,unique_mei,0.6667,0.3333
typespec,7927,ac23d0f65b335ebff6a37d6c2a3abe7a,2,2,3,unique_mei,0.6667,0.3333
typespec,7927,ac23d0f65b335ebff6a37d6c2a3abe7a,2,2,3,unique_mei,0.6667,0.3333
typespec,7927,039f0aa524d5dd0775e90306522d00f3,2,3,3,mei_final,0.6667,0.6667
typespec,7927,8cbf7f456ed3456d431b5af3a3519103,2,3,3,mei_final,0.6667,0.6667
typespec,7927,58f67837d17c5876f3da7e3c3dcb1656,2,3,3,mei_final,0.6667,0.6667
typespec,7927,8cbf7f456ed3456d431b5af3a3519103,2,3,3,mei_final,0.6667,0.6667
typespec,7927,96ac0f9d43556d983c0d893d5a1541d0,2,3,3,mei_final,0.6667,0.6667
typespec,7927,039f0aa524d5dd0775e90306522d00f3,2,3,3,mei_final,0.6667,0.6667
typespec,7927,4d9f50936e80f893f7e39508b0285c75,2,3,3,mei_final,0.6667,0.6667
typespec,7927,7179fc46aaead958214952f4a9404047,2,3,3,mei_final,0.6667,0.6667
typespec,7927,7179fc46aaead958214952f4a9404047,2,3,3,mei_final,0.6667,0.6667
typespec,7927,94707832f17f38c26c2194b0054824e0,2,3,3,mei_final,0.6667,0.6667
typespec,7927,5be6049d7ffd6dfe651254edce2738ef,2,3,3,mei_final,0.6667,0.6667
typespec,7927,0dfe9ec1845869c3747f3d9da1f4f504,2,3,3,mei_final,0.6667,0.6667
typespec,7927,96ac0f9d43556d983c0d893d5a1541d0,2,3,3,mei_final,0.6667,0.6667
typespec,7927,94707832f17f38c26c2194b0054824e0,2,3,3,mei_final,0.6667,0.6667
typespec,7927,0dfe9ec1845869c3747f3d9da1f4f504,2,3,3,mei_final,0.6667,0.6667
typespec,7927,58f67837d17c5876f3da7e3c3dcb1656,2,3,3,mei_final,0.6667,0.6667
typespec,7927,8b240116947edf74734149cae1ce5c00,2,3,3,mei_final,0.6667,0.6667
typespec,7927,5be6049d7ffd6dfe651254edce2738ef,2,3,3,mei_final,0.6667,0.6667
typespec,7927,58f67837d17c5876f3da7e3c3dcb1656,2,3,3,mei_final,0.6667,0.6667
typespec,7927,9d8b5c6c0b590ce60dc394b75fd3087b,2,3,3,mei_final,0.6667,0.6667
typespec,7927,8b240116947edf74734149cae1ce5c00,2,3,3,mei_final,0.6667,0.6667
typespec,7927,7179fc46aaead958214952f4a9404047,2,3,3,mei_final,0.6667,0.6667
typespec,7927,9d8b5c6c0b590ce60dc394b75fd3087b,2,3,3,mei_final,0.6667,0.6667
typespec,7927,039f0aa524d5dd0775e90306522d00f3,2,3,3,mei_final,0.6667,0.6667
typespec,7927,039f0aa524d5dd0775e90306522d00f3,2,3,3,mei_final,0.6667,0.6667
typespec,7927,32aa8ecb9d2850fd3b0176c5a7179736,2,3,3,mei_final,0.6667,0.6667
typespec,7927,ae44447bad6e0d02b7fc29de9ee7588b,3,3,3,unique_final,1.0,0.3333
typespec,7927,0ec8f57013bf44e6c2e8588aa915ced3,3,3,3,unique_final,1.0,0.3333
typespec,7927,4f58ae98247032d6105836d9776090cb,3,3,3,unique_final,1.0,0.3333
typespec,7927,51595c327ed3995b5e109120e363283a,3,3,3,unique_final,1.0,0.3333
typespec,7927,0b7d86afb58575c13377767c5cc9c03c,3,3,3,unique_final,1.0,0.3333
typespec,7927,d06de0e1da8fb7d055c83fc7b23bd8bf,3,3,3,unique_final,1.0,0.3333
typespec,7927,9fab890f56623ee41c3471d2a2412579,3,3,3,unique_final,1.0,0.3333
typespec,7927,0b7d86afb58575c13377767c5cc9c03c,3,3,3,unique_final,1.0,0.3333
typespec,7927,449ee951aa59166ab14be9e5e1e9fbd1,3,3,3,unique_final,1.0,0.3333
typespec,7927,9a17acb9ef6cfcb65678f825ea10a29b,3,3,3,unique_final,1.0,0.3333
typespec,7927,d06de0e1da8fb7d055c83fc7b23bd8bf,3,3,3,unique_final,1.0,0.3333
typespec,7927,17251d70976d28ced5f5342e284bfbbd,3,3,3,unique_final,1.0,0.3333
typespec,7927,5a5faec91cdfcbe9d4567c9a203c94e6,3,3,3,unique_final,1.0,0.3333
typespec,7927,0b7d86afb58575c13377767c5cc9c03c,3,3,3,unique_final,1.0,0.3333
typespec,7927,ad7a275d9c9c43b0710024a33c25b8bb,3,3,3,unique_final,1.0,0.3333
typespec,7927,0dc1595989017144fb817678f6707676,3,3,3,unique_final,1.0,0.3333
typespec,7927,ddf0bc29bfa7f3b3894a8a6f3824bee2,3,3,3,unique_final,1.0,0.3333
typespec,7927,34e9f4df2be59a4a758dde7649ff2ebf,3,3,3,unique_final,1.0,0.3333
typespec,7927,239eb3ecdb9a85dde057f8310ed83558,3,3,3,unique_final,1.0,0.3333
typespec,7927,e3fa34ef5f6d19aa23c0fd5c73a96148,3,3,3,unique_final,1.0,0.3333
typespec,7927,390369cd7195c7ed50ded200bc317adf,3,3,3,unique_final,1.0,0.3333
typespec,7927,0c319c43330980fb7709e178a5469a20,3,3,3,unique_final,1.0,0.3333
typespec,7927,ab064c7e6f87c91026fc0b60959386bd,3,3,3,unique_final,1.0,0.3333
typespec,7927,868fb084d5a3f5870fd35c4b72a35578,3,3,3,unique_final,1.0,0.3333
typespec,7927,da48372ab4293447f147609a76a79082,3,3,3,unique_final,1.0,0.3333
typespec,7927,390369cd7195c7ed50ded200bc317adf,3,3,3,unique_final,1.0,0.3333
typespec,7927,ab064c7e6f87c91026fc0b60959386bd,3,3,3,unique_final,1.0,0.3333
typespec,7927,75712d8205a78583fdddf2f12946bd37,3,3,3,unique_final,1.0,0.3333
typespec,7927,51595c327ed3995b5e109120e363283a,3,3,3,unique_final,1.0,0.3333
typespec,7927,32b1d81e3d72f7745493a32cdf4fad3e,3,3,3,unique_final,1.0,0.3333
typespec,7927,7a3fbfffceea5fce3dcde2be64a5a698,3,3,3,unique_final,1.0,0.3333
typespec,7927,6b91d157cc847f582941fcad66de032a,3,3,3,unique_final,1.0,0.3333
typespec,7927,51595c327ed3995b5e109120e363283a,3,3,3,unique_final,1.0,0.3333
typespec,7927,0ddd41cb1dfd189950b158dc1388ec29,3,3,3,unique_final,1.0,0.3333
typespec,7927,d716951b335ae7787f4ab4188cbeede3,3,3,3,unique_final,1.0,0.3333
typespec,7927,868fb084d5a3f5870fd35c4b72a35578,3,3,3,unique_final,1.0,0.3333
typespec,7927,239eb3ecdb9a85dde057f8310ed83558,3,3,3,unique_final,1.0,0.3333
typespec,7927,51595c327ed3995b5e109120e363283a,3,3,3,unique_final,1.0,0.3333
typespec,7927,9973cd645a806ff032b36a33465d3f6b,3,3,3,unique_final,1.0,0.3333
typespec,7927,26e232a051fe59a0ababda0258370a43,3,3,3,unique_final,1.0,0.3333
typespec,7927,8fea4dcb5b653cb4444959f13695cdca,3,3,3,unique_final,1.0,0.3333
typespec,7927,a96fa6a3cc45d250f75af8a32a52df7a,3,3,3,unique_final,1.0,0.3333
typespec,7927,51595c327ed3995b5e109120e363283a,3,3,3,unique_final,1.0,0.3333
typespec,7927,53eb737bf67997600a80b2195c9d47bb,3,3,3,unique_final,1.0,0.3333
typespec,7927,ab064c7e6f87c91026fc0b60959386bd,3,3,3,unique_final,1.0,0.3333
typespec,7927,0ec8f57013bf44e6c2e8588aa915ced3,3,3,3,unique_final,1.0,0.3333
typespec,7927,35fd02453a238702f1cd9dbbefb524bb,3,3,3,unique_final,1.0,0.3333
typespec,7927,5e7245f731e3795d8452c19c0a3079c8,3,3,3,unique_final,1.0,0.3333
typespec,7927,ad7a275d9c9c43b0710024a33c25b8bb,3,3,3,unique_final,1.0,0.3333
typespec,7927,05a8bf77c1c84a3bf2656959657a0bbd,3,3,3,unique_final,1.0,0.3333
typespec,7927,1751d98b2eccd4e4581b90bd57f711e8,3,3,3,unique_final,1.0,0.3333
typespec,7927,856ee92f778d44fed43398e6cc6921db,3,3,3,unique_final,1.0,0.3333
typespec,7927,53eb737bf67997600a80b2195c9d47bb,3,3,3,unique_final,1.0,0.3333
typespec,7927,74a05b8cae6909585b6fa8863e6802fa,3,3,3,unique_final,1.0,0.3333
typespec,7927,5ce7b3028fc0a9f737954a93ce4589f0,3,3,3,unique_final,1.0,0.3333
typespec,7927,cc58e746e31077322159443e17edd6ad,3,3,3,unique_final,1.0,0.3333
typespec,7927,50e20f085b084dbba416eb0b7333a423,3,3,3,unique_final,1.0,0.3333
typespec,7927,51595c327ed3995b5e109120e363283a,3,3,3,unique_final,1.0,0.3333
typespec,7927,80c5ed59a7ab950cf045f48c9c13b3d7,3,3,3,unique_final,1.0,0.3333
typespec,7927,a96fa6a3cc45d250f75af8a32a52df7a,3,3,3,unique_final,1.0,0.3333
typespec,7927,356dcfb5ea15742505647dea70453dc2,3,3,3,unique_final,1.0,0.3333
typespec,7927,bd4f4277d36e272439f386f0b2a208b5,3,3,3,unique_final,1.0,0.3333
typespec,7927,d06de0e1da8fb7d055c83fc7b23bd8bf,3,3,3,unique_final,1.0,0.3333
typespec,7927,ab064c7e6f87c91026fc0b60959386bd,3,3,3,unique_final,1.0,0.3333
typespec,7927,27b0f9d4e9766d0bbcfbc2a9e1c14001,3,3,3,unique_final,1.0,0.3333
typespec,7927,fdc8880660f709f5f2aa810b17f3d116,3,3,3,unique_final,1.0,0.3333
typespec,7927,5bbb827b0c5cb78bff09ed13d2f7367f,3,3,3,unique_final,1.0,0.3333
typespec,7927,6d294a561485756a747d4434b18797bf,3,3,3,unique_final,1.0,0.3333
typespec,7927,9d9b6d200f511f7ccd0ffa07541fb2cc,3,3,3,unique_final,1.0,0.3333
typespec,7927,0b7d86afb58575c13377767c5cc9c03c,3,3,3,unique_final,1.0,0.3333
typespec,7927,51595c327ed3995b5e109120e363283a,3,3,3,unique_final,1.0,0.3333
typespec,7927,5fec6ccd87dff7c6d53f0248371f5362,3,3,3,unique_final,1.0,0.3333
typespec,7927,51595c327ed3995b5e109120e363283a,3,3,3,unique_final,1.0,0.3333
typespec,7927,ad7a275d9c9c43b0710024a33c25b8bb,3,3,3,unique_final,1.0,0.3333
typespec,7927,d6b8a3d7f6da8eb23a7199eadee46404,3,3,3,unique_final,1.0,0.3333
typespec,7927,ad7a275d9c9c43b0710024a33c25b8bb,3,3,3,unique_final,1.0,0.3333
typespec,7927,0cc028e1793c87e601982e29602a9957,3,3,3,unique_final,1.0,0.3333
typespec,7927,ad7a275d9c9c43b0710024a33c25b8bb,3,3,3,unique_final,1.0,0.3333
typespec,7927,004526bdb9f2c6cff538eb5765f053e6,3,3,3,unique_final,1.0,0.3333
typespec,7927,9ef48a38396329cb467c782fccffafa8,3,3,3,unique_final,1.0,0.3333
typespec,7927,b9eb861245351a51e9ef4601f93a9244,3,3,3,unique_final,1.0,0.3333
typespec,7927,8e3b9681529c10cd287c454a49a60977,3,3,3,unique_final,1.0,0.3333
typespec,7927,f514cf96ddda2442e9a61476b9d59a91,3,3,3,unique_final,1.0,0.3333
typespec,7927,77f0a61bbce24837a243952e2d3b64fc,3,3,3,unique_final,1.0,0.3333
typespec,7927,ab064c7e6f87c91026fc0b60959386bd,3,3,3,unique_final,1.0,0.3333
typespec,7927,0db9335de782c46362b353224fbef277,3,3,3,unique_final,1.0,0.3333
typespec,7927,e0713b3bbcf1189da207fbb28863719c,3,3,3,unique_final,1.0,0.3333
typespec,7927,b28f671c37cc4a3fefa7350e73c2d64e,3,3,3,unique_final,1.0,0.3333
typespec,7927,6260b338417d897f3b2e3b267ce8d059,3,3,3,unique_final,1.0,0.3333
typespec,7927,0b7d86afb58575c13377767c5cc9c03c,3,3,3,unique_final,1.0,0.3333
typespec,7927,344cc935d04889c9aa2416d8e6b639e8,3,3,3,unique_final,1.0,0.3333
typespec,7927,e4c030ebb6363f2d156de6293ae8e17c,3,3,3,unique_final,1.0,0.3333
typespec,7927,51595c327ed3995b5e109120e363283a,3,3,3,unique_final,1.0,0.3333
typespec,7927,9ef48a38396329cb467c782fccffafa8,3,3,3,unique_final,1.0,0.3333
typespec,7927,1b5176537d07dc899d8393b458d029c5,3,3,3,unique_final,1.0,0.3333
typespec,7927,c186ac03aa74ce332c20ed6765bc1c2c,3,3,3,unique_final,1.0,0.3333
typespec,7927,ad7a275d9c9c43b0710024a33c25b8bb,3,3,3,unique_final,1.0,0.3333
typespec,7927,6f8899aac440fc4ba48a59edc0c37d94,3,3,3,unique_final,1.0,0.3333
typespec,7927,0ddd41cb1dfd189950b158dc1388ec29,3,3,3,unique_final,1.0,0.3333
typespec,7927,ad7a275d9c9c43b0710024a33c25b8bb,3,3,3,unique_final,1.0,0.3333
typespec,7927,65fc4d37c9db96b616eb26f182d0b19f,3,3,3,unique_final,1.0,0.3333
typespec,7927,ad7a275d9c9c43b0710024a33c25b8bb,3,3,3,unique_final,1.0,0.3333
typespec,7927,776523d3ced5330a678381dbaceb383c,3,3,3,unique_final,1.0,0.3333
typespec,7927,ad7a275d9c9c43b0710024a33c25b8bb,3,3,3,unique_final,1.0,0.3333
typespec,7927,ad7a275d9c9c43b0710024a33c25b8bb,3,3,3,unique_final,1.0,0.3333
typespec,7927,c86c80e1dbd486a21378f2e08938f866,3,3,3,unique_final,1.0,0.3333
typespec,7927,a4e3549c7d7adf3ccf5f292b13679092,3,3,3,unique_final,1.0,0.3333
typespec,7927,0cc028e1793c87e601982e29602a9957,3,3,3,unique_final,1.0,0.3333
typespec,7927,9e1a1662f2166940f492be9df6ecdcee,3,3,3,unique_final,1.0,0.3333
typespec,7927,ab064c7e6f87c91026fc0b60959386bd,3,3,3,unique_final,1.0,0.3333
typespec,7927,b83d6b471a80e4fb46463f35d383b1f4,3,3,3,unique_final,1.0,0.3333
typespec,7927,736b4ca1cd4b304958b0226032721fc7,3,3,3,unique_final,1.0,0.3333
typespec,7927,a78b956dc7c5a7b44865dbdebd9e439c,3,3,3,unique_final,1.0,0.3333
typespec,7927,118c609a83a69faa11386ce33f0fcda4,3,3,3,unique_final,1.0,0.3333
typespec,7927,1dea57d58e1cbe5c0ad1b6bb73501a3f,3,3,3,unique_final,1.0,0.3333
typespec,7927,0b7d86afb58575c13377767c5cc9c03c,3,3,3,unique_final,1.0,0.3333
typespec,7927,68f1c637a25cec4b9844809b33392de7,3,3,3,unique_final,1.0,0.3333
typespec,7927,ac2d4d1ec778ab03f741b91cbadcddac,3,3,3,unique_final,1.0,0.3333
typespec,7927,2356405ae240cc45f46782c7e3908baa,3,3,3,unique_final,1.0,0.3333
typespec,7927,2f9ac8d4cb49a4081fff5a82608b2483,3,3,3,unique_final,1.0,0.3333
typespec,7927,0b7d86afb58575c13377767c5cc9c03c,3,3,3,unique_final,1.0,0.3333
typespec,7927,2973ed2783bf74e80612f9dfde521eb8,3,3,3,unique_final,1.0,0.3333
typespec,7927,b4ff20ec614060a9a37164571c7e48bb,3,3,3,unique_final,1.0,0.3333
typespec,7927,51d2c46cdd56a6e5e0422119c9521cfc,3,3,3,unique_final,1.0,0.3333
typespec,7927,ab064c7e6f87c91026fc0b60959386bd,3,3,3,unique_final,1.0,0.3333
typespec,7927,ab064c7e6f87c91026fc0b60959386bd,3,3,3,unique_final,1.0,0.3333
typespec,7927,776523d3ced5330a678381dbaceb383c,3,3,3,unique_final,1.0,0.3333
typespec,7927,351ce2a3402b24ea58b05c77c74c953b,3,3,3,unique_final,1.0,0.3333
typespec,7927,ab064c7e6f87c91026fc0b60959386bd,3,3,3,unique_final,1.0,0.3333
typespec,7927,0cc028e1793c87e601982e29602a9957,3,3,3,unique_final,1.0,0.3333
typespec,7927,51595c327ed3995b5e109120e363283a,3,3,3,unique_final,1.0,0.3333
typespec,7927,fcf087647b692885b37b5d48f6d3b180,3,3,3,unique_final,1.0,0.3333
typespec,7927,ab064c7e6f87c91026fc0b60959386bd,3,3,3,unique_final,1.0,0.3333
typespec,7927,8a5d4fb20adee7e81a06b60d55925877,3,3,3,unique_final,1.0,0.3333
typespec,7927,ad7a275d9c9c43b0710024a33c25b8bb,3,3,3,unique_final,1.0,0.3333
typespec,7927,51595c327ed3995b5e109120e363283a,3,3,3,unique_final,1.0,0.3333
typespec,7927,ad7a275d9c9c43b0710024a33c25b8bb,3,3,3,unique_final,1.0,0.3333
typespec,7927,524c4910b039c35a6d8d00a56764bfb3,3,3,3,unique_final,1.0,0.3333
typespec,7927,b0ca204203ed44da4cbbd8581ea00baf,3,3,3,unique_final,1.0,0.3333
typespec,7927,065c5d29eeb83ad0d8556c1c7fddfb46,3,3,3,unique_final,1.0,0.3333
typespec,7927,ca540e1ad1db3443f2bcad5226f7cfc2,3,3,3,unique_final,1.0,0.3333
typespec,7927,dc1c99646d97e3f9bdf9189f4b54adc8,3,3,3,unique_final,1.0,0.3333
typespec,7927,7b96708fefa8579806ff19e1884eecce,3,3,3,unique_final,1.0,0.3333
typespec,7927,51595c327ed3995b5e109120e363283a,3,3,3,unique_final,1.0,0.3333
typespec,7927,51595c327ed3995b5e109120e363283a,3,3,3,unique_final,1.0,0.3333
typespec,7927,b4ff20ec614060a9a37164571c7e48bb,3,3,3,unique_final,1.0,0.3333
typespec,7927,51595c327ed3995b5e109120e363283a,3,3,3,unique_final,1.0,0.3333
typespec,7927,6d0eae35494c86a0b000267e39142ebc,3,3,3,unique_final,1.0,0.3333
typespec,7927,0b7d86afb58575c13377767c5cc9c03c,3,3,3,unique_final,1.0,0.3333
typespec,7927,390369cd7195c7ed50ded200bc317adf,3,3,3,unique_final,1.0,0.3333
typespec,7927,0b54d63f66364bca53d2b6b8cbcd9133,3,3,3,unique_final,1.0,0.3333
typespec,7927,ed84c7918853fc2641ad4a40bf09245f,3,3,3,unique_final,1.0,0.3333
typespec,7927,ad7a275d9c9c43b0710024a33c25b8bb,3,3,3,unique_final,1.0,0.3333
typespec,7927,1751d98b2eccd4e4581b90bd57f711e8,3,3,3,unique_final,1.0,0.3333
typespec,7927,b474b7d7ad18d8e1eeaeaff08cf6fa37,3,3,3,unique_final,1.0,0.3333
typespec,7927,0cc028e1793c87e601982e29602a9957,3,3,3,unique_final,1.0,0.3333
typespec,7927,0b7d86afb58575c13377767c5cc9c03c,3,3,3,unique_final,1.0,0.3333
typespec,7927,0b7d86afb58575c13377767c5cc9c03c,3,3,3,unique_final,1.0,0.3333
typespec,7927,79c70b5649efcaa309d0b52cf5b5a946,3,3,3,unique_final,1.0,0.3333
typespec,7927,34411365654923a99536ba59de4f5884,3,3,3,unique_final,1.0,0.3333
typespec,7927,67f38b7ecdcdee1b7a20dfcd1bf4afcb,3,3,3,unique_final,1.0,0.3333
typespec,7927,5ecd9aa09b2218928e9ee60337e0c316,3,3,3,unique_final,1.0,0.3333
typespec,7927,702e46e3b30bcf0b0f2ebc197fa4f607,3,3,3,unique_final,1.0,0.3333
typespec,7927,5d3a91fc51faae0ef56b43db44fca05e,3,3,3,unique_final,1.0,0.3333
typespec,7927,74a05b8cae6909585b6fa8863e6802fa,3,3,3,unique_final,1.0,0.3333
typespec,7927,51595c327ed3995b5e109120e363283a,3,3,3,unique_final,1.0,0.3333
typespec,7927,5bb4723d2109ce400ceb2fd21db5a978,3,3,3,unique_final,1.0,0.3333
typespec,7927,32b1d81e3d72f7745493a32cdf4fad3e,3,3,3,unique_final,1.0,0.3333
typespec,7927,5ecd9aa09b2218928e9ee60337e0c316,3,3,3,unique_final,1.0,0.3333
typespec,7927,66ded3c3ad5bb1ec21a18c84820ff3ff,3,3,3,unique_final,1.0,0.3333
typespec,7927,922c9e9243089f1a54d1f4f98d31ad46,3,3,3,unique_final,1.0,0.3333
typespec,7927,3207b5124297254a80971913c3d1d1b4,3,3,3,unique_final,1.0,0.3333
typespec,7927,b6632fe965c053c9ce31d34b2d94db4a,3,3,3,unique_final,1.0,0.3333
typespec,7927,702e46e3b30bcf0b0f2ebc197fa4f607,3,3,3,unique_final,1.0,0.3333
typespec,7927,0ec8f57013bf44e6c2e8588aa915ced3,3,3,3,unique_final,1.0,0.3333
typespec,7927,0b7d86afb58575c13377767c5cc9c03c,3,3,3,unique_final,1.0,0.3333
typespec,7927,6d0eae35494c86a0b000267e39142ebc,3,3,3,unique_final,1.0,0.3333
typespec,7927,e0cc22de1351e9725e558984f73344d8,3,3,3,unique_final,1.0,0.3333
typespec,7927,0cc028e1793c87e601982e29602a9957,3,3,3,unique_final,1.0,0.3333
typespec,7927,d865d6f6c3ec79dbc54a15a335598a77,3,3,3,unique_final,1.0,0.3333
typespec,7927,2c13f66151019fbfc0d7afb3890aac2d,3,3,3,unique_final,1.0,0.3333
typespec,7927,ad7a275d9c9c43b0710024a33c25b8bb,3,3,3,unique_final,1.0,0.3333
typespec,7927,ed84c7918853fc2641ad4a40bf09245f,3,3,3,unique_final,1.0,0.3333
typespec,7927,ad7a275d9c9c43b0710024a33c25b8bb,3,3,3,unique_final,1.0,0.3333
typespec,7927,65fc4d37c9db96b616eb26f182d0b19f,3,3,3,unique_final,1.0,0.3333
typespec,7927,05a8bf77c1c84a3bf2656959657a0bbd,3,3,3,unique_final,1.0,0.3333
typespec,7927,553e928a9ff0ada6981bb9d2d5324bec,3,3,3,unique_final,1.0,0.3333
typespec,7927,ab064c7e6f87c91026fc0b60959386bd,3,3,3,unique_final,1.0,0.3333
typespec,7927,736b4ca1cd4b304958b0226032721fc7,3,3,3,unique_final,1.0,0.3333
typespec,7927,97858098342a44c2400195ad526c1662,3,3,3,unique_final,1.0,0.3333
typespec,7927,e5438fca2dcd32ae5a20af3356d54729,3,3,3,unique_final,1.0,0.3333
typespec,7927,5ecd9aa09b2218928e9ee60337e0c316,3,3,3,unique_final,1.0,0.3333
typespec,7927,34e9f4df2be59a4a758dde7649ff2ebf,3,3,3,unique_final,1.0,0.3333
typespec,7927,19c23d54c655393cb9c1afd9a05e30b5,3,3,3,unique_final,1.0,0.3333
typespec,7927,b83d6b471a80e4fb46463f35d383b1f4,3,3,3,unique_final,1.0,0.3333
typespec,7927,9d622bab1320bebee661e68f791cb7f4,3,3,3,unique_final,1.0,0.3333
typespec,7927,1bf657025f6617a2d20807a2029ded7d,3,3,3,unique_final,1.0,0.3333
typespec,7927,776523d3ced5330a678381dbaceb383c,3,3,3,unique_final,1.0,0.3333
typespec,7927,ee2533a8ead14fb56087d4616e35fe0f,3,3,3,unique_final,1.0,0.3333
typespec,7927,2356405ae240cc45f46782c7e3908baa,3,3,3,unique_final,1.0,0.3333
typespec,7927,a513d34c0e1c22be212e1601955b7fa9,3,3,3,unique_final,1.0,0.3333
typespec,7927,6f8899aac440fc4ba48a59edc0c37d94,3,3,3,unique_final,1.0,0.3333
typespec,7927,7792c9dc0ef5687c126a4834e2bf7237,3,3,3,unique_final,1.0,0.3333
typespec,7927,b83d6b471a80e4fb46463f35d383b1f4,3,3,3,unique_final,1.0,0.3333
typespec,7927,5b879b6b8637841dda620ec687e47823,3,3,3,unique_final,1.0,0.3333
typespec,7927,0ec8f57013bf44e6c2e8588aa915ced3,3,3,3,unique_final,1.0,0.3333
typespec,7927,c832da3528c0efb3c5864dc2fff42509,3,3,3,unique_final,1.0,0.3333
typespec,7927,ee94a87314222938735df7a0298d78b4,3,3,3,unique_final,1.0,0.3333
typespec,7927,94dd114d5f4a2d9405eba8f3a7cb07b9,3,3,3,unique_final,1.0,0.3333
typespec,7927,390369cd7195c7ed50ded200bc317adf,3,3,3,unique_final,1.0,0.3333
typespec,7927,51595c327ed3995b5e109120e363283a,3,3,3,unique_final,1.0,0.3333
typespec,7927,12dcaee45558a309480904b072d84a29,3,3,3,unique_final,1.0,0.3333
typespec,7927,d6c93abe14d6c75ece9875c374cfa868,3,3,3,unique_final,1.0,0.3333
typespec,7927,ad7a275d9c9c43b0710024a33c25b8bb,3,3,3,unique_final,1.0,0.3333
typespec,7927,390369cd7195c7ed50ded200bc317adf,3,3,3,unique_final,1.0,0.3333
typespec,7927,67f38b7ecdcdee1b7a20dfcd1bf4afcb,3,3,3,unique_final,1.0,0.3333
typespec,7927,0b7d86afb58575c13377767c5cc9c03c,3,3,3,unique_final,1.0,0.3333
typespec,7927,34f3331441ab36512205fcd728aa0644,3,3,3,unique_final,1.0,0.3333
typespec,7927,3ab3537dc6d54e1fe664d30d319a65bf,3,3,3,unique_final,1.0,0.3333
typespec,7927,51595c327ed3995b5e109120e363283a,3,3,3,unique_final,1.0,0.3333
typespec,7927,ad7a275d9c9c43b0710024a33c25b8bb,3,3,3,unique_final,1.0,0.3333
typespec,7927,b83d6b471a80e4fb46463f35d383b1f4,3,3,3,unique_final,1.0,0.3333
typespec,7927,e7b7b016b7d9ede6c6a1c1acd33e12d3,3,3,3,unique_final,1.0,0.3333
typespec,7927,ab064c7e6f87c91026fc0b60959386bd,3,3,3,unique_final,1.0,0.3333
typespec,7927,ab064c7e6f87c91026fc0b60959386bd,3,3,3,unique_final,1.0,0.3333
typespec,7927,02ece6449f50f06401807a8dc75a2f4a,3,3,3,unique_final,1.0,0.3333
typespec,7927,ab064c7e6f87c91026fc0b60959386bd,3,3,3,unique_final,1.0,0.3333
typespec,7927,d06de0e1da8fb7d055c83fc7b23bd8bf,3,3,3,unique_final,1.0,0.3333
typespec,7927,5f6d3f00fbe695e0c5c819b072d57ac6,3,3,3,unique_final,1.0,0.3333
typespec,7927,cd99c87188e8244a109ff66590d4f294,3,3,3,unique_final,1.0,0.3333
typespec,7927,74a05b8cae6909585b6fa8863e6802fa,3,3,3,unique_final,1.0,0.3333
typespec,7927,1751d98b2eccd4e4581b90bd57f711e8,3,3,3,unique_final,1.0,0.3333
typespec,7927,c7b6725833a8c617764e4fc9184d9b58,3,3,3,unique_final,1.0,0.3333
typespec,7927,5237b3eded6713f09fbd64c577c53fd2,3,3,3,unique_final,1.0,0.3333
typespec,7927,239eb3ecdb9a85dde057f8310ed83558,3,3,3,unique_final,1.0,0.3333
typespec,7927,62ac7b10ef24570df8224914cd220204,3,3,3,unique_final,1.0,0.3333
typespec,7927,8ee9c80b8b65d83148a05e0103aa90ca,3,3,3,unique_final,1.0,0.3333
typespec,7927,31b76990bcc6066433d8d7bf6de5fdc0,3,3,3,unique_final,1.0,0.3333
typespec,7927,3458162cf48d85a4d6fc3dfe1af4b5f7,3,3,3,unique_final,1.0,0.3333
typespec,7927,ab064c7e6f87c91026fc0b60959386bd,3,3,3,unique_final,1.0,0.3333
typespec,7927,fcf087647b692885b37b5d48f6d3b180,3,3,3,unique_final,1.0,0.3333
typespec,7927,24ea1d200d1b4b8c1b27b79869664100,3,3,3,unique_final,1.0,0.3333
typespec,7927,6fe778b54783c68f2eebafb6fcafd8c4,3,3,3,unique_final,1.0,0.3333
typespec,7927,e0cd4a0538fd2a3ee0b4f9574cfdcbe8,3,3,3,unique_final,1.0,0.3333
typespec,7927,51595c327ed3995b5e109120e363283a,3,3,3,unique_final,1.0,0.3333
typespec,7927,ad7a275d9c9c43b0710024a33c25b8bb,3,3,3,unique_final,1.0,0.3333
typespec,7927,a0fa8032d5496a5c8fa4a9a820f61943,3,3,3,unique_final,1.0,0.3333
typespec,7927,70a3a7b5de0f4b20aa5a18e9ef99250c,3,3,3,unique_final,1.0,0.3333
typespec,7927,bd4f4277d36e272439f386f0b2a208b5,3,3,3,unique_final,1.0,0.3333
typespec,7927,34e9f4df2be59a4a758dde7649ff2ebf,3,3,3,unique_final,1.0,0.3333
typespec,7927,de16b63a2cdd041ece7de8625789cc9d,3,3,3,unique_final,1.0,0.3333
typespec,7927,239eb3ecdb9a85dde057f8310ed83558,3,3,3,unique_final,1.0,0.3333
typespec,7927,ad7a275d9c9c43b0710024a33c25b8bb,3,3,3,unique_final,1.0,0.3333
typespec,7927,67f38b7ecdcdee1b7a20dfcd1bf4afcb,3,3,3,unique_final,1.0,0.3333
typespec,7927,0b7d86afb58575c13377767c5cc9c03c,3,3,3,unique_final,1.0,0.3333
typespec,7927,51398ceae7102538e3ff76100ee6e0ff,3,3,3,unique_final,1.0,0.3333
typespec,7927,51595c327ed3995b5e109120e363283a,3,3,3,unique_final,1.0,0.3333
typespec,7927,0ec8f57013bf44e6c2e8588aa915ced3,3,3,3,unique_final,1.0,0.3333
typespec,7927,8ee9c80b8b65d83148a05e0103aa90ca,3,3,3,unique_final,1.0,0.3333
typespec,7927,ab064c7e6f87c91026fc0b60959386bd,3,3,3,unique_final,1.0,0.3333
typespec,7927,1261c1cbab70867c19c33d2b0c4d3303,3,3,3,unique_final,1.0,0.3333
typespec,7927,ad7a275d9c9c43b0710024a33c25b8bb,3,3,3,unique_final,1.0,0.3333
typespec,7927,91d20f0087ea8518389853916affadae,3,3,3,unique_final,1.0,0.3333
typespec,7927,9e1a1662f2166940f492be9df6ecdcee,3,3,3,unique_final,1.0,0.3333
typespec,7927,b83d6b471a80e4fb46463f35d383b1f4,3,3,3,unique_final,1.0,0.3333
typespec,7927,ad7a275d9c9c43b0710024a33c25b8bb,3,3,3,unique_final,1.0,0.3333
typespec,7927,87df0e8bb853aec60d4da5b72de8fe2a,3,3,3,unique_final,1.0,0.3333
typespec,7927,8ca66661bd8604188344b4157ca3d47c,3,3,3,unique_final,1.0,0.3333
typespec,7927,5f6d3f00fbe695e0c5c819b072d57ac6,3,3,3,unique_final,1.0,0.3333
typespec,7927,859132e663ac22ab871c8888c5f3abb7,3,3,3,unique_final,1.0,0.3333
typespec,7927,b629d62711dd438b1821aed3933542ce,3,3,3,unique_final,1.0,0.3333
typespec,7927,ab064c7e6f87c91026fc0b60959386bd,3,3,3,unique_final,1.0,0.3333
typespec,7927,51595c327ed3995b5e109120e363283a,3,3,3,unique_final,1.0,0.3333
typespec,7927,d716951b335ae7787f4ab4188cbeede3,3,3,3,unique_final,1.0,0.3333
typespec,7927,0b7d86afb58575c13377767c5cc9c03c,3,3,3,unique_final,1.0,0.3333
typespec,7927,54b85ff56a84bf3e2bc8ad8d256c7833,3,3,3,unique_final,1.0,0.3333
typespec,7927,390369cd7195c7ed50ded200bc317adf,3,3,3,unique_final,1.0,0.3333
typespec,7927,390369cd7195c7ed50ded200bc317adf,3,3,3,unique_final,1.0,0.3333
typespec,7927,5f6d3f00fbe695e0c5c819b072d57ac6,3,3,3,unique_final,1.0,0.3333
typespec,7927,62ac7b10ef24570df8224914cd220204,3,3,3,unique_final,1.0,0.3333
typespec,7927,7df8c6e7e7553e8215cad8d9a2040c1b,3,3,3,unique_final,1.0,0.3333
typespec,7927,ad7a275d9c9c43b0710024a33c25b8bb,3,3,3,unique_final,1.0,0.3333
typespec,7927,ccf5fedc0d5fc3a9c05bcc8166bd89bf,3,3,3,unique_final,1.0,0.3333
typespec,7927,796c82d9175be40aeb64b2fc356b3496,3,3,3,unique_final,1.0,0.3333
typespec,7927,27b0f9d4e9766d0bbcfbc2a9e1c14001,3,3,3,unique_final,1.0,0.3333
typespec,7927,e3fa34ef5f6d19aa23c0fd5c73a96148,3,3,3,unique_final,1.0,0.3333
typespec,7927,ad7a275d9c9c43b0710024a33c25b8bb,3,3,3,unique_final,1.0,0.3333
typespec,7927,0b54d63f66364bca53d2b6b8cbcd9133,3,3,3,unique_final,1.0,0.3333
typespec,7927,62d45a7c090375cbf68bfb3c510b12c3,3,3,3,unique_final,1.0,0.3333
typespec,7927,51595c327ed3995b5e109120e363283a,3,3,3,unique_final,1.0,0.3333
typespec,7927,66ded3c3ad5bb1ec21a18c84820ff3ff,3,3,3,unique_final,1.0,0.3333
typespec,7927,7125d262c1d935a6f8b4aa68575836f8,3,3,3,unique_final,1.0,0.3333
typespec,7927,0cc028e1793c87e601982e29602a9957,3,3,3,unique_final,1.0,0.3333
typespec,7927,2aa049504fd5a729acbd1da463bb68b9,3,3,3,unique_final,1.0,0.3333
typespec,7927,a6ec97b5186767d6222d16d8aa48a11c,3,3,3,unique_final,1.0,0.3333
typespec,7927,ab064c7e6f87c91026fc0b60959386bd,3,3,3,unique_final,1.0,0.3333
typespec,7927,bfd244818526dd32d16569975383d931,3,3,3,unique_final,1.0,0.3333
typespec,7927,51595c327ed3995b5e109120e363283a,3,3,3,unique_final,1.0,0.3333
typespec,7927,22927326be66d004a43326c7de05ed1e,3,3,3,unique_final,1.0,0.3333
typespec,7927,dca527270c6585ccab4f7b6bf8736d45,3,3,3,unique_final,1.0,0.3333
typespec,7927,5b879b6b8637841dda620ec687e47823,3,3,3,unique_final,1.0,0.3333
typespec,7927,7f666b703ffc25378b03be5ef0957f2f,3,3,3,unique_final,1.0,0.3333
typespec,7927,5ecd9aa09b2218928e9ee60337e0c316,3,3,3,unique_final,1.0,0.3333
typespec,7927,2f9ac8d4cb49a4081fff5a82608b2483,3,3,3,unique_final,1.0,0.3333
typespec,7927,782874adcc7dbfc110ccc0d58a9d5dfc,3,3,3,unique_final,1.0,0.3333
typespec,7927,ab064c7e6f87c91026fc0b60959386bd,3,3,3,unique_final,1.0,0.3333
typespec,7927,e0e8b19bf2857cc37b479c1340fa01de,3,3,3,unique_final,1.0,0.3333
typespec,7927,1fd2deb9be55e213b61a40793e7d9c75,3,3,3,unique_final,1.0,0.3333
typespec,7927,0ec8f57013bf44e6c2e8588aa915ced3,3,3,3,unique_final,1.0,0.3333
typespec,7927,50e20f085b084dbba416eb0b7333a423,3,3,3,unique_final,1.0,0.3333
typespec,7927,ad7a275d9c9c43b0710024a33c25b8bb,3,3,3,unique_final,1.0,0.3333
typespec,7927,96f77a2d64eacb66399277649b181fea,3,3,3,unique_final,1.0,0.3333
typespec,7927,79177bb0b4ca5806cf61e25420cb6c20,3,3,3,unique_final,1.0,0.3333
typespec,7927,51595c327ed3995b5e109120e363283a,3,3,3,unique_final,1.0,0.3333
typespec,7927,ab064c7e6f87c91026fc0b60959386bd,3,3,3,unique_final,1.0,0.3333
typespec,7927,c86c80e1dbd486a21378f2e08938f866,3,3,3,unique_final,1.0,0.3333
typespec,7927,344cc935d04889c9aa2416d8e6b639e8,3,3,3,unique_final,1.0,0.3333
typespec,7927,e0cc22de1351e9725e558984f73344d8,3,3,3,unique_final,1.0,0.3333
typespec,7927,5bbb827b0c5cb78bff09ed13d2f7367f,3,3,3,unique_final,1.0,0.3333
typespec,7927,51595c327ed3995b5e109120e363283a,3,3,3,unique_final,1.0,0.3333
typespec,7927,0b7d86afb58575c13377767c5cc9c03c,3,3,3,unique_final,1.0,0.3333
typespec,7927,ad7a275d9c9c43b0710024a33c25b8bb,3,3,3,unique_final,1.0,0.3333
typespec,7927,02ece6449f50f06401807a8dc75a2f4a,3,3,3,unique_final,1.0,0.3333
typespec,7927,5d3a91fc51faae0ef56b43db44fca05e,3,3,3,unique_final,1.0,0.3333
typespec,7927,ad7a275d9c9c43b0710024a33c25b8bb,3,3,3,unique_final,1.0,0.3333
typespec,7927,b9f74df25077cbf69e5f4a24fe00c004,3,3,3,unique_final,1.0,0.3333
typespec,7927,34f3331441ab36512205fcd728aa0644,3,3,3,unique_final,1.0,0.3333
typespec,7927,b164708b1081606f79178988a8183453,3,3,3,unique_final,1.0,0.3333
typespec,7927,239eb3ecdb9a85dde057f8310ed83558,3,3,3,unique_final,1.0,0.3333
typespec,7927,d5b6177c5443ffd0a22bf1c5b819e016,3,3,3,unique_final,1.0,0.3333
typespec,7927,ac2d4d1ec778ab03f741b91cbadcddac,3,3,3,unique_final,1.0,0.3333
typespec,7927,48d9025a4e62cb3d6ffd23f8d0a66897,3,3,3,unique_final,1.0,0.3333
typespec,7927,ab064c7e6f87c91026fc0b60959386bd,3,3,3,unique_final,1.0,0.3333
typespec,7927,a78b956dc7c5a7b44865dbdebd9e439c,3,3,3,unique_final,1.0,0.3333
typespec,7927,b7eb86d9bdf055a7628070ce7f87394e,3,3,3,unique_final,1.0,0.3333
typespec,7927,dcac2e905996a5c11a328b675f85396d,3,3,3,unique_final,1.0,0.3333
typespec,7927,b629d62711dd438b1821aed3933542ce,3,3,3,unique_final,1.0,0.3333
typespec,7927,796c82d9175be40aeb64b2fc356b3496,3,3,3,unique_final,1.0,0.3333
typespec,7927,b4ff20ec614060a9a37164571c7e48bb,3,3,3,unique_final,1.0,0.3333
typespec,7927,5bb4723d2109ce400ceb2fd21db5a978,3,3,3,unique_final,1.0,0.3333
typespec,7927,ad7a275d9c9c43b0710024a33c25b8bb,3,3,3,unique_final,1.0,0.3333
typespec,7927,51595c327ed3995b5e109120e363283a,3,3,3,unique_final,1.0,0.3333
typespec,7927,b0ca204203ed44da4cbbd8581ea00baf,3,3,3,unique_final,1.0,0.3333
typespec,7927,65fc4d37c9db96b616eb26f182d0b19f,3,3,3,unique_final,1.0,0.3333
typespec,7927,ab064c7e6f87c91026fc0b60959386bd,3,3,3,unique_final,1.0,0.3333
typespec,7927,344cc935d04889c9aa2416d8e6b639e8,3,3,3,unique_final,1.0,0.3333
typespec,7927,a52d2686c6c2050230d68f5a175b6ccd,3,3,3,unique_final,1.0,0.3333
typespec,7927,da48372ab4293447f147609a76a79082,3,3,3,unique_final,1.0,0.3333
typespec,7927,67f38b7ecdcdee1b7a20dfcd1bf4afcb,3,3,3,unique_final,1.0,0.3333
typespec,7927,26e232a051fe59a0ababda0258370a43,3,3,3,unique_final,1.0,0.3333
typespec,7927,dcef90c46ad7abf1a2da2566ca0e9ed6,3,3,3,unique_final,1.0,0.3333
typespec,7927,441e071caba4ad11de00bacd04fd3359,3,3,3,unique_final,1.0,0.3333
typespec,7927,ad7a275d9c9c43b0710024a33c25b8bb,3,3,3,unique_final,1.0,0.3333
typespec,7927,62ac7b10ef24570df8224914cd220204,3,3,3,unique_final,1.0,0.3333
typespec,7927,d06de0e1da8fb7d055c83fc7b23bd8bf,3,3,3,unique_final,1.0,0.3333
typespec,7927,ab064c7e6f87c91026fc0b60959386bd,3,3,3,unique_final,1.0,0.3333
typespec,7927,da48372ab4293447f147609a76a79082,3,3,3,unique_final,1.0,0.3333
typespec,7927,ab064c7e6f87c91026fc0b60959386bd,3,3,3,unique_final,1.0,0.3333
typespec,7927,0cc028e1793c87e601982e29602a9957,3,3,3,unique_final,1.0,0.3333
typespec,7927,0ac13dbc682daf2d7539c78ba6f618a1,3,3,3,unique_final,1.0,0.3333
typespec,7927,859132e663ac22ab871c8888c5f3abb7,3,3,3,unique_final,1.0,0.3333
typespec,7927,ab064c7e6f87c91026fc0b60959386bd,3,3,3,unique_final,1.0,0.3333
typespec,7927,a96fa6a3cc45d250f75af8a32a52df7a,3,3,3,unique_final,1.0,0.3333
typespec,7927,e1943f443d38f75ea0f81468f4126df8,3,3,3,unique_final,1.0,0.3333
typespec,7927,702e46e3b30bcf0b0f2ebc197fa4f607,3,3,3,unique_final,1.0,0.3333
typespec,7927,14d63df9d4d81b0c0f10210239b7aa66,3,3,3,unique_final,1.0,0.3333
typespec,7927,0cfbd1af667757aa12144ec19710c932,3,3,3,unique_final,1.0,0.3333
typespec,7927,0deb79d7440ad40f1bdce2787f6350d8,3,3,3,unique_final,1.0,0.3333
typespec,7927,bc38534991a635d621df14b9b35c731e,3,3,3,unique_final,1.0,0.3333
typespec,7927,51595c327ed3995b5e109120e363283a,3,3,3,unique_final,1.0,0.3333
typespec,7927,239eb3ecdb9a85dde057f8310ed83558,3,3,3,unique_final,1.0,0.3333
typespec,7927,32b1d81e3d72f7745493a32cdf4fad3e,3,3,3,unique_final,1.0,0.3333
typespec,7927,45fb5d229d1a0180644e8adb19349fee,3,3,3,unique_final,1.0,0.3333
typespec,7927,0cc028e1793c87e601982e29602a9957,3,3,3,unique_final,1.0,0.3333
typespec,7927,0b54d63f66364bca53d2b6b8cbcd9133,3,3,3,unique_final,1.0,0.3333
typespec,7927,0b7d86afb58575c13377767c5cc9c03c,3,3,3,unique_final,1.0,0.3333
typespec,7927,118c609a83a69faa11386ce33f0fcda4,3,3,3,unique_final,1.0,0.3333
typespec,7927,a7c211b3efe3e5ca2abbe9578bc57018,3,3,3,unique_final,1.0,0.3333
typespec,7927,a6e65e49aac0bccef614539881302704,3,3,3,unique_final,1.0,0.3333
typespec,7927,12dcaee45558a309480904b072d84a29,3,3,3,unique_final,1.0,0.3333
typespec,7927,52014c1f067ad3d0e1349659a4b0b166,3,3,3,unique_final,1.0,0.3333
typespec,7927,0b7d86afb58575c13377767c5cc9c03c,3,3,3,unique_final,1.0,0.3333
typespec,7927,51595c327ed3995b5e109120e363283a,3,3,3,unique_final,1.0,0.3333
typespec,7927,361dde33a459b2b8a82518cc13f71949,3,3,3,unique_final,1.0,0.3333
typespec,7927,51595c327ed3995b5e109120e363283a,3,3,3,unique_final,1.0,0.3333
typespec,7927,ab064c7e6f87c91026fc0b60959386bd,3,3,3,unique_final,1.0,0.3333
typespec,7927,abef531aed3ae37609793dcc0b83e72f,3,3,3,unique_final,1.0,0.3333
typespec,7927,2897466ff4ca29c37fde9412707ab1c5,3,3,3,unique_final,1.0,0.3333
typespec,7927,6f8899aac440fc4ba48a59edc0c37d94,3,3,3,unique_final,1.0,0.3333
typespec,7927,1b98484537fb2a40c99d188dbc2261b7,3,3,3,unique_final,1.0,0.3333
typespec,7927,0cc028e1793c87e601982e29602a9957,3,3,3,unique_final,1.0,0.3333
typespec,7927,db206de186d40404894d65bef3cd5094,3,3,3,unique_final,1.0,0.3333
typespec,7927,112e644e76bb4137383dae7b888e6c74,3,3,3,unique_final,1.0,0.3333
typespec,7927,e886a925d7cb5ecb1cdeb0ea200f10b8,3,3,3,unique_final,1.0,0.3333
typespec,7927,48e0147e67a828ebd63d317aa6b2e2d7,3,3,3,unique_final,1.0,0.3333
typespec,7927,57c7ca93c91074ae346cee129bad49f0,3,3,3,unique_final,1.0,0.3333
typespec,7927,d06de0e1da8fb7d055c83fc7b23bd8bf,3,3,3,unique_final,1.0,0.3333
typespec,7927,b83d6b471a80e4fb46463f35d383b1f4,3,3,3,unique_final,1.0,0.3333
typespec,7927,ca71cd951cc42bb0566bc815023e72a1,3,3,3,unique_final,1.0,0.3333
typespec,7927,323cca8046ecb8fb061e2aeb2079f170,3,3,3,unique_final,1.0,0.3333
typespec,7927,ee94a87314222938735df7a0298d78b4,3,3,3,unique_final,1.0,0.3333
typespec,7927,9c45d4b9d5cc1ae90f7cb1a069eab5d2,3,3,3,unique_final,1.0,0.3333
typespec,7927,a501a0f4208e47954a721280a224df4d,3,3,3,unique_final,1.0,0.3333
typespec,7927,8b4f8093d7f0afe29777e55934208117,3,3,3,unique_final,1.0,0.3333
typespec,7927,0a011cc7ab7fbf1f912455d61f9cbb1f,3,3,3,unique_final,1.0,0.3333
typespec,7927,702e46e3b30bcf0b0f2ebc197fa4f607,3,3,3,unique_final,1.0,0.3333
typespec,7927,239eb3ecdb9a85dde057f8310ed83558,3,3,3,unique_final,1.0,0.3333
typespec,7927,3458162cf48d85a4d6fc3dfe1af4b5f7,3,3,3,unique_final,1.0,0.3333
typespec,7927,fa2c9a3715fe574df2d0104069097a2b,3,3,3,unique_final,1.0,0.3333
typespec,7927,e3fa34ef5f6d19aa23c0fd5c73a96148,3,3,3,unique_final,1.0,0.3333
typespec,7927,781876ef862a146f654e109913d60688,3,3,3,unique_final,1.0,0.3333
typespec,7927,6d0eae35494c86a0b000267e39142ebc,3,3,3,unique_final,1.0,0.3333
typespec,7927,239eb3ecdb9a85dde057f8310ed83558,3,3,3,unique_final,1.0,0.3333
typespec,7927,b9eb861245351a51e9ef4601f93a9244,3,3,3,unique_final,1.0,0.3333
typespec,7927,ad7a275d9c9c43b0710024a33c25b8bb,3,3,3,unique_final,1.0,0.3333
typespec,7927,ad7a275d9c9c43b0710024a33c25b8bb,3,3,3,unique_final,1.0,0.3333
typespec,7927,ad7a275d9c9c43b0710024a33c25b8bb,3,3,3,unique_final,1.0,0.3333
typespec,7927,ad7a275d9c9c43b0710024a33c25b8bb,3,3,3,unique_final,1.0,0.3333
typespec,7927,51595c327ed3995b5e109120e363283a,3,3,3,unique_final,1.0,0.3333
typespec,7927,e0e8b19bf2857cc37b479c1340fa01de,3,3,3,unique_final,1.0,0.3333
typespec,7927,a4e3549c7d7adf3ccf5f292b13679092,3,3,3,unique_final,1.0,0.3333
typespec,7927,ab064c7e6f87c91026fc0b60959386bd,3,3,3,unique_final,1.0,0.3333
typespec,7927,51595c327ed3995b5e109120e363283a,3,3,3,unique_final,1.0,0.3333
typespec,7927,67f38b7ecdcdee1b7a20dfcd1bf4afcb,3,3,3,unique_final,1.0,0.3333
typespec,7927,bc38534991a635d621df14b9b35c731e,3,3,3,unique_final,1.0,0.3333
typespec,7927,37b694272374ddf5f62ca85af73bbf8b,3,3,3,unique_final,1.0,0.3333
typespec,7927,57df95e54242863c6c00de789fa41f7d,3,3,3,unique_final,1.0,0.3333
typespec,7927,43f3b4c6578e13c836296eb0dfd616ea,3,3,3,unique_final,1.0,0.3333
typespec,7927,c6a04e22558409e57ee2968da17681b7,3,3,3,unique_final,1.0,0.3333
typespec,7927,51595c327ed3995b5e109120e363283a,3,3,3,unique_final,1.0,0.3333
typespec,7927,776523d3ced5330a678381dbaceb383c,3,3,3,unique_final,1.0,0.3333
typespec,7927,42b431298817eabb34441b28b6e8907b,3,3,3,unique_final,1.0,0.3333
typespec,7927,b83d6b471a80e4fb46463f35d383b1f4,3,3,3,unique_final,1.0,0.3333
typespec,7927,0dc1595989017144fb817678f6707676,3,3,3,unique_final,1.0,0.3333
typespec,7927,ab064c7e6f87c91026fc0b60959386bd,3,3,3,unique_final,1.0,0.3333
typespec,7927,c412a3520e43d2e1aaf48962e85b3f14,3,3,3,unique_final,1.0,0.3333
typespec,7927,ab064c7e6f87c91026fc0b60959386bd,3,3,3,unique_final,1.0,0.3333
typespec,7927,67d1035b23ba68dcef6901999335786a,3,3,3,unique_final,1.0,0.3333
typespec,7927,0ec8f57013bf44e6c2e8588aa915ced3,3,3,3,unique_final,1.0,0.3333
typespec,7927,c199a95711ce6fc491a1f8e05e58751b,3,3,3,unique_final,1.0,0.3333
typespec,7927,ad7a275d9c9c43b0710024a33c25b8bb,3,3,3,unique_final,1.0,0.3333
typespec,7927,d06de0e1da8fb7d055c83fc7b23bd8bf,3,3,3,unique_final,1.0,0.3333
typespec,7927,c412a3520e43d2e1aaf48962e85b3f14,3,3,3,unique_final,1.0,0.3333
typespec,7927,fa2c9a3715fe574df2d0104069097a2b,3,3,3,unique_final,1.0,0.3333
typespec,7927,51595c327ed3995b5e109120e363283a,3,3,3,unique_final,1.0,0.3333
typespec,7927,d06de0e1da8fb7d055c83fc7b23bd8bf,3,3,3,unique_final,1.0,0.3333
typespec,7927,b6632fe965c053c9ce31d34b2d94db4a,3,3,3,unique_final,1.0,0.3333
typespec,7927,ab064c7e6f87c91026fc0b60959386bd,3,3,3,unique_final,1.0,0.3333
typespec,7927,79c70b5649efcaa309d0b52cf5b5a946,3,3,3,unique_final,1.0,0.3333
typespec,7927,239eb3ecdb9a85dde057f8310ed83558,3,3,3,unique_final,1.0,0.3333
typespec,7927,390369cd7195c7ed50ded200bc317adf,3,3,3,unique_final,1.0,0.3333
typespec,7927,e0e8b19bf2857cc37b479c1340fa01de,3,3,3,unique_final,1.0,0.3333
typespec,7927,702e46e3b30bcf0b0f2ebc197fa4f607,3,3,3,unique_final,1.0,0.3333
typespec,7927,5b879b6b8637841dda620ec687e47823,3,3,3,unique_final,1.0,0.3333
typespec,7927,ab064c7e6f87c91026fc0b60959386bd,3,3,3,unique_final,1.0,0.3333
typespec,7927,0cfbd1af667757aa12144ec19710c932,3,3,3,unique_final,1.0,0.3333
typespec,7927,51595c327ed3995b5e109120e363283a,3,3,3,unique_final,1.0,0.3333
typespec,7927,de16b63a2cdd041ece7de8625789cc9d,3,3,3,unique_final,1.0,0.3333
typespec,7927,22918ed6d7fdc107bed96f9e30f9eb80,3,3,3,unique_final,1.0,0.3333
typespec,7927,20bc29f92eb384dc22ed897f70eb79cc,3,3,3,unique_final,1.0,0.3333
typespec,7927,e248ee5d415fdc7f4ec0f84f0245654f,3,3,3,unique_final,1.0,0.3333
typespec,7927,3207b5124297254a80971913c3d1d1b4,3,3,3,unique_final,1.0,0.3333
typespec,7927,e20e7a23ccbd2bd10712d665fcef8e8a,3,3,3,unique_final,1.0,0.3333
typespec,7927,b0ca204203ed44da4cbbd8581ea00baf,3,3,3,unique_final,1.0,0.3333
typespec,7927,a647e2b655ac8324ed4410313ebcb8f6,3,3,3,unique_final,1.0,0.3333
typespec,7927,c4ed0b0f5e9c984283769140264b7ac5,3,3,3,unique_final,1.0,0.3333
typespec,7927,dcef90c46ad7abf1a2da2566ca0e9ed6,3,3,3,unique_final,1.0,0.3333
typespec,7927,097fb2b34980311b458355d76bd38194,3,3,3,unique_final,1.0,0.3333
typespec,7927,b4ff20ec614060a9a37164571c7e48bb,3,3,3,unique_final,1.0,0.3333
typespec,7927,ad7a275d9c9c43b0710024a33c25b8bb,3,3,3,unique_final,1.0,0.3333
typespec,7927,d06de0e1da8fb7d055c83fc7b23bd8bf,3,3,3,unique_final,1.0,0.3333
typespec,7927,51595c327ed3995b5e109120e363283a,3,3,3,unique_final,1.0,0.3333
typespec,7927,48d99a2dc3243519030d524e43298be7,3,3,3,unique_final,1.0,0.3333
typespec,7927,239eb3ecdb9a85dde057f8310ed83558,3,3,3,unique_final,1.0,0.3333
typespec,7927,0b7d86afb58575c13377767c5cc9c03c,3,3,3,unique_final,1.0,0.3333
typespec,7927,ab064c7e6f87c91026fc0b60959386bd,3,3,3,unique_final,1.0,0.3333
typespec,7927,ab064c7e6f87c91026fc0b60959386bd,3,3,3,unique_final,1.0,0.3333
typespec,7927,db206de186d40404894d65bef3cd5094,3,3,3,unique_final,1.0,0.3333
typespec,7927,51595c327ed3995b5e109120e363283a,3,3,3,unique_final,1.0,0.3333
typespec,7927,ed84c7918853fc2641ad4a40bf09245f,3,3,3,unique_final,1.0,0.3333
typespec,7927,1751d98b2eccd4e4581b90bd57f711e8,3,3,3,unique_final,1.0,0.3333
typespec,7927,65fc4d37c9db96b616eb26f182d0b19f,3,3,3,unique_final,1.0,0.3333
typespec,7927,7125d262c1d935a6f8b4aa68575836f8,3,3,3,unique_final,1.0,0.3333
typespec,7927,ee6d6a8a7003f25750ab6667f33a545f,3,3,3,unique_final,1.0,0.3333
typespec,7927,933afdc0a9cf35047878f5a63c4f2494,3,3,3,unique_final,1.0,0.3333
typespec,7927,efc13cbd499af34aa2387fae6a048a94,3,3,3,unique_final,1.0,0.3333
typespec,7927,417c430512379ee419bdfb4f942e106f,3,3,3,unique_final,1.0,0.3333
typespec,7927,e20e7a23ccbd2bd10712d665fcef8e8a,3,3,3,unique_final,1.0,0.3333
typespec,7927,c186ac03aa74ce332c20ed6765bc1c2c,3,3,3,unique_final,1.0,0.3333
typespec,7927,6260b338417d897f3b2e3b267ce8d059,3,3,3,unique_final,1.0,0.3333
typespec,7927,0cc028e1793c87e601982e29602a9957,3,3,3,unique_final,1.0,0.3333
typespec,7927,0b54d63f66364bca53d2b6b8cbcd9133,3,3,3,unique_final,1.0,0.3333
typespec,7927,2e6504c8498ca9b0d6ce986063146085,3,3,3,unique_final,1.0,0.3333
typespec,7927,f16afd903ae66033aaa1f38e8c169595,3,3,3,unique_final,1.0,0.3333
typespec,7927,0ec8f57013bf44e6c2e8588aa915ced3,3,3,3,unique_final,1.0,0.3333
typespec,7927,51595c327ed3995b5e109120e363283a,3,3,3,unique_final,1.0,0.3333
typespec,7927,ad7a275d9c9c43b0710024a33c25b8bb,3,3,3,unique_final,1.0,0.3333
typespec,7927,67f38b7ecdcdee1b7a20dfcd1bf4afcb,3,3,3,unique_final,1.0,0.3333
typespec,7927,16ce755c1c9f3009b6f71fc987c3a8f4,3,3,3,unique_final,1.0,0.3333
typespec,7927,e0e8b19bf2857cc37b479c1340fa01de,3,3,3,unique_final,1.0,0.3333
typespec,7927,65fc4d37c9db96b616eb26f182d0b19f,3,3,3,unique_final,1.0,0.3333
typespec,7927,09c1f99a8c4b5cdaa8b44b4e24e5f420,3,3,3,unique_final,1.0,0.3333
typespec,7927,c6a04e22558409e57ee2968da17681b7,3,3,3,unique_final,1.0,0.3333
typespec,7927,0cc028e1793c87e601982e29602a9957,3,3,3,unique_final,1.0,0.3333
typespec,7927,ca1bde11fc1c9868196928aff9386da9,3,3,3,unique_final,1.0,0.3333
typespec,7927,85739b1f71e3c88f5ceb61bcc341cd46,3,3,3,unique_final,1.0,0.3333
typespec,7927,51595c327ed3995b5e109120e363283a,3,3,3,unique_final,1.0,0.3333
typespec,7927,fdc8880660f709f5f2aa810b17f3d116,3,3,3,unique_final,1.0,0.3333
typespec,7927,ab064c7e6f87c91026fc0b60959386bd,3,3,3,unique_final,1.0,0.3333
typespec,7927,0bd6cb63d5aebe2fa7feb857124e975c,3,3,3,unique_final,1.0,0.3333
typespec,7927,de16b63a2cdd041ece7de8625789cc9d,3,3,3,unique_final,1.0,0.3333
typespec,7927,51595c327ed3995b5e109120e363283a,3,3,3,unique_final,1.0,0.3333
typespec,7927,0b7d86afb58575c13377767c5cc9c03c,3,3,3,unique_final,1.0,0.3333
typespec,7927,0b7d86afb58575c13377767c5cc9c03c,3,3,3,unique_final,1.0,0.3333
typespec,7927,0ec8f57013bf44e6c2e8588aa915ced3,3,3,3,unique_final,1.0,0.3333
typespec,7927,51595c327ed3995b5e109120e363283a,3,3,3,unique_final,1.0,0.3333
typespec,7927,51595c327ed3995b5e109120e363283a,3,3,3,unique_final,1.0,0.3333
typespec,7927,67f38b7ecdcdee1b7a20dfcd1bf4afcb,3,3,3,unique_final,1.0,0.3333
typespec,7927,ee2533a8ead14fb56087d4616e35fe0f,3,3,3,unique_final,1.0,0.3333
typespec,7927,ad7a275d9c9c43b0710024a33c25b8bb,3,3,3,unique_final,1.0,0.3333
typespec,7927,fcf087647b692885b37b5d48f6d3b180,3,3,3,unique_final,1.0,0.3333
typespec,7927,ac2d4d1ec778ab03f741b91cbadcddac,3,3,3,unique_final,1.0,0.3333
typespec,7927,48e0147e67a828ebd63d317aa6b2e2d7,3,3,3,unique_final,1.0,0.3333
typespec,7927,5b879b6b8637841dda620ec687e47823,3,3,3,unique_final,1.0,0.3333
typespec,7927,ab064c7e6f87c91026fc0b60959386bd,3,3,3,unique_final,1.0,0.3333
typespec,7927,d865d6f6c3ec79dbc54a15a335598a77,3,3,3,unique_final,1.0,0.3333
typespec,7927,5b879b6b8637841dda620ec687e47823,3,3,3,unique_final,1.0,0.3333
typespec,7927,34e9f4df2be59a4a758dde7649ff2ebf,3,3,3,unique_final,1.0,0.3333
typespec,7927,49b407ff0b634d801595eba08f1425ea,3,3,3,unique_final,1.0,0.3333
typespec,7927,441e071caba4ad11de00bacd04fd3359,3,3,3,unique_final,1.0,0.3333
typespec,7927,4f970338836798dec0ca965463c06141,3,3,3,unique_final,1.0,0.3333
typespec,7927,762dc8cf92651f995c5f0ab586f1dd8b,3,3,3,unique_final,1.0,0.3333
typespec,7927,1751d98b2eccd4e4581b90bd57f711e8,3,3,3,unique_final,1.0,0.3333
typespec,7927,36a79adad762355f84342e4bde9e34ac,3,3,3,unique_final,1.0,0.3333
typespec,7927,646a9091b9db80e1eccbe028c7b59275,3,3,3,unique_final,1.0,0.3333
typespec,7927,da48372ab4293447f147609a76a79082,3,3,3,unique_final,1.0,0.3333
typespec,7927,d5f003ab53ef8d52dd2b09ad2ed15ce6,3,3,3,unique_final,1.0,0.3333
typespec,7927,fe4c79032df8f95fa0cdef45d20a67f4,3,3,3,unique_final,1.0,0.3333
typespec,7927,153326d2968b7feb1a3a7b460672ed8d,3,3,3,unique_final,1.0,0.3333
typespec,7927,ad7a275d9c9c43b0710024a33c25b8bb,3,3,3,unique_final,1.0,0.3333
typespec,7927,cca75e75e39cff5f3bc01699e823eac7,3,3,3,unique_final,1.0,0.3333
typespec,7927,daee564de4323fbbbfb525ed76fe52f6,3,3,3,unique_final,1.0,0.3333
typespec,7927,ab064c7e6f87c91026fc0b60959386bd,3,3,3,unique_final,1.0,0.3333
typespec,7927,239eb3ecdb9a85dde057f8310ed83558,3,3,3,unique_final,1.0,0.3333
typespec,7927,7792c9dc0ef5687c126a4834e2bf7237,3,3,3,unique_final,1.0,0.3333
typespec,7927,c832da3528c0efb3c5864dc2fff42509,3,3,3,unique_final,1.0,0.3333
typespec,7927,67f38b7ecdcdee1b7a20dfcd1bf4afcb,3,3,3,unique_final,1.0,0.3333
typespec,7927,646a9091b9db80e1eccbe028c7b59275,3,3,3,unique_final,1.0,0.3333
typespec,7927,0b54d63f66364bca53d2b6b8cbcd9133,3,3,3,unique_final,1.0,0.3333
typespec,7927,a96fa6a3cc45d250f75af8a32a52df7a,3,3,3,unique_final,1.0,0.3333
typespec,7927,2f35c4d39c2677eb70fc10d878f68c21,3,3,3,unique_final,1.0,0.3333
typespec,7927,d6b8a3d7f6da8eb23a7199eadee46404,3,3,3,unique_final,1.0,0.3333
typespec,7927,cd99c87188e8244a109ff66590d4f294,3,3,3,unique_final,1.0,0.3333
typespec,7927,4f58ae98247032d6105836d9776090cb,3,3,3,unique_final,1.0,0.3333
typespec,7927,0b7d86afb58575c13377767c5cc9c03c,3,3,3,unique_final,1.0,0.3333
typespec,7927,68baea2b8c7cb2880570426917012a32,3,3,3,unique_final,1.0,0.3333
typespec,7927,ad7a275d9c9c43b0710024a33c25b8bb,3,3,3,unique_final,1.0,0.3333
typespec,7927,27b0f9d4e9766d0bbcfbc2a9e1c14001,3,3,3,unique_final,1.0,0.3333
typespec,7927,53eb737bf67997600a80b2195c9d47bb,3,3,3,unique_final,1.0,0.3333
typespec,7927,ab064c7e6f87c91026fc0b60959386bd,3,3,3,unique_final,1.0,0.3333
typespec,7927,ad7a275d9c9c43b0710024a33c25b8bb,3,3,3,unique_final,1.0,0.3333
typespec,7927,ab064c7e6f87c91026fc0b60959386bd,3,3,3,unique_final,1.0,0.3333
typespec,7927,a4e3549c7d7adf3ccf5f292b13679092,3,3,3,unique_final,1.0,0.3333
typespec,7927,22918ed6d7fdc107bed96f9e30f9eb80,3,3,3,unique_final,1.0,0.3333
typespec,7927,b83d6b471a80e4fb46463f35d383b1f4,3,3,3,unique_final,1.0,0.3333
typespec,7927,b474b7d7ad18d8e1eeaeaff08cf6fa37,3,3,3,unique_final,1.0,0.3333
typespec,7927,318cd6ac46b20c5af1a44555964d3202,3,3,3,unique_final,1.0,0.3333
typespec,7927,e248ee5d415fdc7f4ec0f84f0245654f,3,3,3,unique_final,1.0,0.3333
typespec,7927,0dc1595989017144fb817678f6707676,3,3,3,unique_final,1.0,0.3333
typespec,7927,1261c1cbab70867c19c33d2b0c4d3303,3,3,3,unique_final,1.0,0.3333
typespec,7927,a866baacf353c6c6fa0f8d644e8b5c63,3,3,3,unique_final,1.0,0.3333
typespec,7927,4b3930979e6c26662e5310db43e8ed06,3,3,3,unique_final,1.0,0.3333
typespec,7927,b83d6b471a80e4fb46463f35d383b1f4,3,3,3,unique_final,1.0,0.3333
typespec,7927,02ece6449f50f06401807a8dc75a2f4a,3,3,3,unique_final,1.0,0.3333
typespec,7927,e881324ff9cca30487ef0965b724b23b,3,3,3,unique_final,1.0,0.3333
typespec,7927,3458162cf48d85a4d6fc3dfe1af4b5f7,3,3,3,unique_final,1.0,0.3333
typespec,7927,cd99c87188e8244a109ff66590d4f294,3,3,3,unique_final,1.0,0.3333
typespec,7927,0373937cbfd5367c4e1860ad77f101af,3,3,3,unique_final,1.0,0.3333
typespec,7927,d3976622cdc166201d8c4a0940385560,3,3,3,unique_final,1.0,0.3333
typespec,7927,1751d98b2eccd4e4581b90bd57f711e8,3,3,3,unique_final,1.0,0.3333
typespec,7927,8e3b9681529c10cd287c454a49a60977,3,3,3,unique_final,1.0,0.3333
typespec,7927,eac01804468c5d82d16c2a5f9478f85f,3,3,3,unique_final,1.0,0.3333
typespec,7927,de16b63a2cdd041ece7de8625789cc9d,3,3,3,unique_final,1.0,0.3333
typespec,7927,dcac2e905996a5c11a328b675f85396d,3,3,3,unique_final,1.0,0.3333
typespec,7927,1751d98b2eccd4e4581b90bd57f711e8,3,3,3,unique_final,1.0,0.3333
typespec,7927,79c70b5649efcaa309d0b52cf5b5a946,3,3,3,unique_final,1.0,0.3333
typespec,7927,35fd02453a238702f1cd9dbbefb524bb,3,3,3,unique_final,1.0,0.3333
typespec,7927,ca99c8103aa96d80f4432f87db782426,3,3,3,unique_final,1.0,0.3333
typespec,7927,34baa8c96d5c316fe3dd5c1ebbd7cd10,3,3,3,unique_final,1.0,0.3333
typespec,7927,356dcfb5ea15742505647dea70453dc2,3,3,3,unique_final,1.0,0.3333
typespec,7927,dcac2e905996a5c11a328b675f85396d,3,3,3,unique_final,1.0,0.3333
typespec,7927,26e232a051fe59a0ababda0258370a43,3,3,3,unique_final,1.0,0.3333
typespec,7927,d06de0e1da8fb7d055c83fc7b23bd8bf,3,3,3,unique_final,1.0,0.3333
typespec,7927,4505cfb1cbb4fe42d672ff54b07fc4ae,3,3,3,unique_final,1.0,0.3333
typespec,7927,b83d6b471a80e4fb46463f35d383b1f4,3,3,3,unique_final,1.0,0.3333
typespec,7927,18e901bd677ef93afeaa007d7b1a8bda,3,3,3,unique_final,1.0,0.3333
typespec,7927,6fe778b54783c68f2eebafb6fcafd8c4,3,3,3,unique_final,1.0,0.3333
typespec,7927,0ddd41cb1dfd189950b158dc1388ec29,3,3,3,unique_final,1.0,0.3333
typespec,7927,b83d6b471a80e4fb46463f35d383b1f4,3,3,3,unique_final,1.0,0.3333
typespec,7927,ad7a275d9c9c43b0710024a33c25b8bb,3,3,3,unique_final,1.0,0.3333
typespec,7927,ab064c7e6f87c91026fc0b60959386bd,3,3,3,unique_final,1.0,0.3333
typespec,7927,0deb79d7440ad40f1bdce2787f6350d8,3,3,3,unique_final,1.0,0.3333
typespec,7927,57c7ca93c91074ae346cee129bad49f0,3,3,3,unique_final,1.0,0.3333
typespec,7927,02ece6449f50f06401807a8dc75a2f4a,3,3,3,unique_final,1.0,0.3333
typespec,7927,576b00da26c064d20bdcf7e3a5f6d5a6,3,3,3,unique_final,1.0,0.3333
typespec,7927,a3e0a51906d2f6668cc116232fa2b2b9,3,3,3,unique_final,1.0,0.3333
typespec,7927,6f8899aac440fc4ba48a59edc0c37d94,3,3,3,unique_final,1.0,0.3333
typespec,7927,8e3b9681529c10cd287c454a49a60977,3,3,3,unique_final,1.0,0.3333
typespec,7927,5ecd9aa09b2218928e9ee60337e0c316,3,3,3,unique_final,1.0,0.3333
typespec,7927,66ded3c3ad5bb1ec21a18c84820ff3ff,3,3,3,unique_final,1.0,0.3333
typespec,7927,3b1716b31723811153c5f7815388d326,3,3,3,unique_final,1.0,0.3333
typespec,7927,3797daa7ee6e8c8489cf91ee46059380,3,3,3,unique_final,1.0,0.3333
typespec,7927,1bf657025f6617a2d20807a2029ded7d,3,3,3,unique_final,1.0,0.3333
typespec,7927,9c13b8b38c6957b65443e6b0647f1d21,3,3,3,unique_final,1.0,0.3333
typespec,7927,0ec8f57013bf44e6c2e8588aa915ced3,3,3,3,unique_final,1.0,0.3333
typespec,7927,ad7a275d9c9c43b0710024a33c25b8bb,3,3,3,unique_final,1.0,0.3333
typespec,7927,51595c327ed3995b5e109120e363283a,3,3,3,unique_final,1.0,0.3333
typespec,7927,ad7a275d9c9c43b0710024a33c25b8bb,3,3,3,unique_final,1.0,0.3333
typespec,7927,118c609a83a69faa11386ce33f0fcda4,3,3,3,unique_final,1.0,0.3333
typespec,7927,48d9025a4e62cb3d6ffd23f8d0a66897,3,3,3,unique_final,1.0,0.3333
typespec,7927,8fea4dcb5b653cb4444959f13695cdca,3,3,3,unique_final,1.0,0.3333
typespec,7927,24ea1d200d1b4b8c1b27b79869664100,3,3,3,unique_final,1.0,0.3333
typespec,7927,5b879b6b8637841dda620ec687e47823,3,3,3,unique_final,1.0,0.3333
typespec,7927,51595c327ed3995b5e109120e363283a,3,3,3,unique_final,1.0,0.3333
typespec,7927,d87992674398c3173691886afcb8cd8b,3,3,3,unique_final,1.0,0.3333
typespec,7927,51595c327ed3995b5e109120e363283a,3,3,3,unique_final,1.0,0.3333
typespec,7927,e248ee5d415fdc7f4ec0f84f0245654f,3,3,3,unique_final,1.0,0.3333
typespec,7927,70a3a7b5de0f4b20aa5a18e9ef99250c,3,3,3,unique_final,1.0,0.3333
typespec,7927,308cbf528a262da36ed384202bea4d29,3,3,3,unique_final,1.0,0.3333
typespec,7927,8f2879388b017a27d4655b6a356c3473,3,3,3,unique_final,1.0,0.3333
typespec,7927,16ce755c1c9f3009b6f71fc987c3a8f4,3,3,3,unique_final,1.0,0.3333
typespec,7927,5bb4723d2109ce400ceb2fd21db5a978,3,3,3,unique_final,1.0,0.3333
typespec,7927,52014c1f067ad3d0e1349659a4b0b166,3,3,3,unique_final,1.0,0.3333
typespec,7927,86a7ae4a83242fc432d602890f15afee,3,3,3,unique_final,1.0,0.3333
typespec,7927,cca75e75e39cff5f3bc01699e823eac7,3,3,3,unique_final,1.0,0.3333
typespec,7927,ad7a275d9c9c43b0710024a33c25b8bb,3,3,3,unique_final,1.0,0.3333
typespec,7927,b83d6b471a80e4fb46463f35d383b1f4,3,3,3,unique_final,1.0,0.3333
typespec,7927,3b1716b31723811153c5f7815388d326,3,3,3,unique_final,1.0,0.3333
typespec,7927,097fb2b34980311b458355d76bd38194,3,3,3,unique_final,1.0,0.3333
typespec,7927,4f2e823685ba5cb0cc8114e16a5e5c61,3,3,3,unique_final,1.0,0.3333
typespec,7927,0ec8f57013bf44e6c2e8588aa915ced3,3,3,3,unique_final,1.0,0.3333
typespec,7927,0ddd41cb1dfd189950b158dc1388ec29,3,3,3,unique_final,1.0,0.3333
typespec,7927,e095c48e59231cf58eec2e18198ce02f,3,3,3,unique_final,1.0,0.3333
typespec,7927,22918ed6d7fdc107bed96f9e30f9eb80,3,3,3,unique_final,1.0,0.3333
typespec,7927,02551d0440bba0827c896cd772a62c97,3,3,3,unique_final,1.0,0.3333
typespec,7927,54b85ff56a84bf3e2bc8ad8d256c7833,3,3,3,unique_final,1.0,0.3333
typespec,7927,0b7d86afb58575c13377767c5cc9c03c,3,3,3,unique_final,1.0,0.3333
typespec,7927,db882b6e218279452c931e22002a6e6f,3,3,3,unique_final,1.0,0.3333
typespec,7927,097fdb1e9c4d89ef0f70a894d264cef0,3,3,3,unique_final,1.0,0.3333
typespec,7927,1b418a00c5c5853dcc154288ac0f4ba3,3,3,3,unique_final,1.0,0.3333
typespec,7927,0b7d86afb58575c13377767c5cc9c03c,3,3,3,unique_final,1.0,0.3333
typespec,7927,ab064c7e6f87c91026fc0b60959386bd,3,3,3,unique_final,1.0,0.3333
typespec,7927,51595c327ed3995b5e109120e363283a,3,3,3,unique_final,1.0,0.3333
typespec,7927,d5b6177c5443ffd0a22bf1c5b819e016,3,3,3,unique_final,1.0,0.3333
typespec,7927,66ded3c3ad5bb1ec21a18c84820ff3ff,3,3,3,unique_final,1.0,0.3333
typespec,7927,e881324ff9cca30487ef0965b724b23b,3,3,3,unique_final,1.0,0.3333
typespec,7927,39ad812b2245beeeefca8768a4c49eea,3,3,3,unique_final,1.0,0.3333
typespec,7927,55931b4c5a14744dbefa88a4ad97959d,3,3,3,unique_final,1.0,0.3333
typespec,7927,ab064c7e6f87c91026fc0b60959386bd,3,3,3,unique_final,1.0,0.3333
typespec,7927,4c255fd5a8063f0a31491907adfb089b,3,3,3,unique_final,1.0,0.3333
typespec,7927,fa2c9a3715fe574df2d0104069097a2b,3,3,3,unique_final,1.0,0.3333
typespec,7927,80952a697b9ec2b8660ec606c5be7fc0,3,3,3,unique_final,1.0,0.3333
typespec,7927,ab064c7e6f87c91026fc0b60959386bd,3,3,3,unique_final,1.0,0.3333
typespec,7927,17251d70976d28ced5f5342e284bfbbd,3,3,3,unique_final,1.0,0.3333
typespec,7927,67f38b7ecdcdee1b7a20dfcd1bf4afcb,3,3,3,unique_final,1.0,0.3333
typespec,7927,0a011cc7ab7fbf1f912455d61f9cbb1f,3,3,3,unique_final,1.0,0.3333
typespec,7927,1751d98b2eccd4e4581b90bd57f711e8,3,3,3,unique_final,1.0,0.3333
typespec,7927,26e232a051fe59a0ababda0258370a43,3,3,3,unique_final,1.0,0.3333
typespec,7927,02ece6449f50f06401807a8dc75a2f4a,3,3,3,unique_final,1.0,0.3333
typespec,7927,50c56a168090c4698ed913cc46b4a75d,3,3,3,unique_final,1.0,0.3333
typespec,7927,646a9091b9db80e1eccbe028c7b59275,3,3,3,unique_final,1.0,0.3333
typespec,7927,5bbb827b0c5cb78bff09ed13d2f7367f,3,3,3,unique_final,1.0,0.3333
typespec,7927,9c45d4b9d5cc1ae90f7cb1a069eab5d2,3,3,3,unique_final,1.0,0.3333
typespec,7927,a7c211b3efe3e5ca2abbe9578bc57018,3,3,3,unique_final,1.0,0.3333
typespec,7927,ab064c7e6f87c91026fc0b60959386bd,3,3,3,unique_final,1.0,0.3333
typespec,7927,ab064c7e6f87c91026fc0b60959386bd,3,3,3,unique_final,1.0,0.3333
typespec,7927,51595c327ed3995b5e109120e363283a,3,3,3,unique_final,1.0,0.3333
typespec,7927,24ea1d200d1b4b8c1b27b79869664100,3,3,3,unique_final,1.0,0.3333
typespec,7927,51595c327ed3995b5e109120e363283a,3,3,3,unique_final,1.0,0.3333
typespec,7927,bfd244818526dd32d16569975383d931,3,3,3,unique_final,1.0,0.3333
typespec,7927,14d63df9d4d81b0c0f10210239b7aa66,3,3,3,unique_final,1.0,0.3333
typespec,7927,79c70b5649efcaa309d0b52cf5b5a946,3,3,3,unique_final,1.0,0.3333
typespec,7927,2bdc88d80c971b587fe7ba0068c6a9a7,3,3,3,unique_final,1.0,0.3333
typespec,7927,b474b7d7ad18d8e1eeaeaff08cf6fa37,3,3,3,unique_final,1.0,0.3333
typespec,7927,cd99c87188e8244a109ff66590d4f294,3,3,3,unique_final,1.0,0.3333
typespec,7927,1dea57d58e1cbe5c0ad1b6bb73501a3f,3,3,3,unique_final,1.0,0.3333
typespec,7927,4b3930979e6c26662e5310db43e8ed06,3,3,3,unique_final,1.0,0.3333
typespec,7927,b12446b64e147dffb95541791d9179aa,3,3,3,unique_final,1.0,0.3333
typespec,7927,b83d6b471a80e4fb46463f35d383b1f4,3,3,3,unique_final,1.0,0.3333
typespec,7927,5ecd9aa09b2218928e9ee60337e0c316,3,3,3,unique_final,1.0,0.3333
typespec,7927,60853020de1b7573de2153fb294461fc,3,3,3,unique_final,1.0,0.3333
typespec,7927,09c1f99a8c4b5cdaa8b44b4e24e5f420,3,3,3,unique_final,1.0,0.3333
typespec,7927,aed26c7bfcd60659de8d65de3e022269,3,3,3,unique_final,1.0,0.3333
typespec,7927,275dc4cb88a514b7383020b8ff8c8ed2,3,3,3,unique_final,1.0,0.3333
typespec,7927,d87992674398c3173691886afcb8cd8b,3,3,3,unique_final,1.0,0.3333
typespec,7927,6fe778b54783c68f2eebafb6fcafd8c4,3,3,3,unique_final,1.0,0.3333
typespec,7927,449ee951aa59166ab14be9e5e1e9fbd1,3,3,3,unique_final,1.0,0.3333
typespec,7927,b83d6b471a80e4fb46463f35d383b1f4,3,3,3,unique_final,1.0,0.3333
typespec,7927,3458162cf48d85a4d6fc3dfe1af4b5f7,3,3,3,unique_final,1.0,0.3333
typespec,7927,361dde33a459b2b8a82518cc13f71949,3,3,3,unique_final,1.0,0.3333
typespec,7927,7792c9dc0ef5687c126a4834e2bf7237,3,3,3,unique_final,1.0,0.3333
typespec,7927,2f260d03fa666f252914d6c4fd109dae,3,3,3,unique_final,1.0,0.3333
typespec,7927,816ac8fc160c85bb3bbd810cf8f17ab0,3,3,3,unique_final,1.0,0.3333
typespec,7927,c55a0828ce9b16e57b3c8304633c177e,3,3,3,unique_final,1.0,0.3333
typespec,7927,ad7a275d9c9c43b0710024a33c25b8bb,3,3,3,unique_final,1.0,0.3333
typespec,7927,4e5a0328c78fb8e935bb6366265ba6c9,3,3,3,unique_final,1.0,0.3333
typespec,7927,ab064c7e6f87c91026fc0b60959386bd,3,3,3,unique_final,1.0,0.3333
typespec,7927,5237b3eded6713f09fbd64c577c53fd2,3,3,3,unique_final,1.0,0.3333
typespec,7927,ab064c7e6f87c91026fc0b60959386bd,3,3,3,unique_final,1.0,0.3333
typespec,7927,b12446b64e147dffb95541791d9179aa,3,3,3,unique_final,1.0,0.3333
typespec,7927,e881324ff9cca30487ef0965b724b23b,3,3,3,unique_final,1.0,0.3333
typespec,7927,51595c327ed3995b5e109120e363283a,3,3,3,unique_final,1.0,0.3333
typespec,7927,42c95fc3741eb3ba3f3a0437f955141a,3,3,3,unique_final,1.0,0.3333
typespec,7927,d4b02d143b46c26e479f8764132516a3,3,3,3,unique_final,1.0,0.3333
typespec,7927,62ac7b10ef24570df8224914cd220204,3,3,3,unique_final,1.0,0.3333
typespec,7927,65fc4d37c9db96b616eb26f182d0b19f,3,3,3,unique_final,1.0,0.3333
typespec,7927,8c7deabd1f4695de86ddcae4039bb773,3,3,3,unique_final,1.0,0.3333
typespec,7927,e16d52572289f000962fe6aa6f8787cb,3,3,3,unique_final,1.0,0.3333
typespec,7927,51595c327ed3995b5e109120e363283a,3,3,3,unique_final,1.0,0.3333
typespec,7927,65fc4d37c9db96b616eb26f182d0b19f,3,3,3,unique_final,1.0,0.3333
typespec,7927,ad7a275d9c9c43b0710024a33c25b8bb,3,3,3,unique_final,1.0,0.3333
typespec,7927,51595c327ed3995b5e109120e363283a,3,3,3,unique_final,1.0,0.3333
typespec,7927,0b7d86afb58575c13377767c5cc9c03c,3,3,3,unique_final,1.0,0.3333
typespec,7927,5618d00138b28d61d69a1321dd2e6b0c,3,3,3,unique_final,1.0,0.3333
typespec,7927,4c878c973db641ad2c0e3ae3b3f3e85f,3,3,3,unique_final,1.0,0.3333
typespec,7927,51595c327ed3995b5e109120e363283a,3,3,3,unique_final,1.0,0.3333
typespec,7927,c4ed0b0f5e9c984283769140264b7ac5,3,3,3,unique_final,1.0,0.3333
typespec,7927,d4b02d143b46c26e479f8764132516a3,3,3,3,unique_final,1.0,0.3333
typespec,7927,833d2f8e1e3139e9ae4c99a4b8f9bd1b,3,3,3,unique_final,1.0,0.3333
typespec,7927,ab064c7e6f87c91026fc0b60959386bd,3,3,3,unique_final,1.0,0.3333
typespec,7927,67f38b7ecdcdee1b7a20dfcd1bf4afcb,3,3,3,unique_final,1.0,0.3333
typespec,7927,f16afd903ae66033aaa1f38e8c169595,3,3,3,unique_final,1.0,0.3333
typespec,7927,79177bb0b4ca5806cf61e25420cb6c20,3,3,3,unique_final,1.0,0.3333
typespec,7927,a6e65e49aac0bccef614539881302704,3,3,3,unique_final,1.0,0.3333
typespec,7927,ad7a275d9c9c43b0710024a33c25b8bb,3,3,3,unique_final,1.0,0.3333
typespec,7927,ad7a275d9c9c43b0710024a33c25b8bb,3,3,3,unique_final,1.0,0.3333
typespec,7927,ad7a275d9c9c43b0710024a33c25b8bb,3,3,3,unique_final,1.0,0.3333
typespec,7927,112e644e76bb4137383dae7b888e6c74,3,3,3,unique_final,1.0,0.3333
typespec,7927,349c37be21068e1023f565f5df9d5ffc,3,3,3,unique_final,1.0,0.3333
typespec,7927,ad7a275d9c9c43b0710024a33c25b8bb,3,3,3,unique_final,1.0,0.3333
typespec,7927,c78b01d24285f7524251750e6c746d91,3,3,3,unique_final,1.0,0.3333
typespec,7927,b4ff20ec614060a9a37164571c7e48bb,3,3,3,unique_final,1.0,0.3333
typespec,7927,ec57e31e84cbfee4bebf28e1b5cd5189,3,3,3,unique_final,1.0,0.3333
typespec,7927,86026acb77765d5393b43cb6b3388405,3,3,3,unique_final,1.0,0.3333
typespec,7927,0b7d86afb58575c13377767c5cc9c03c,3,3,3,unique_final,1.0,0.3333
typespec,7927,ad7a275d9c9c43b0710024a33c25b8bb,3,3,3,unique_final,1.0,0.3333
typespec,7927,0ec8f57013bf44e6c2e8588aa915ced3,3,3,3,unique_final,1.0,0.3333
typespec,7927,d9a394ac306a306217b19d204ad98171,3,3,3,unique_final,1.0,0.3333
typespec,7927,5a87b6546e39e4a7d58f7e2a0e534ec7,3,3,3,unique_final,1.0,0.3333
typespec,7927,0cc028e1793c87e601982e29602a9957,3,3,3,unique_final,1.0,0.3333
typespec,7927,0b7d86afb58575c13377767c5cc9c03c,3,3,3,unique_final,1.0,0.3333
typespec,7927,6a2f4d20387465be1add97f4b374b4e8,3,3,3,unique_final,1.0,0.3333
typespec,7927,ddf0bc29bfa7f3b3894a8a6f3824bee2,3,3,3,unique_final,1.0,0.3333
typespec,7927,16ce755c1c9f3009b6f71fc987c3a8f4,3,3,3,unique_final,1.0,0.3333
typespec,7927,ad7a275d9c9c43b0710024a33c25b8bb,3,3,3,unique_final,1.0,0.3333
typespec,7927,ab064c7e6f87c91026fc0b60959386bd,3,3,3,unique_final,1.0,0.3333
typespec,7927,cc58e746e31077322159443e17edd6ad,3,3,3,unique_final,1.0,0.3333
typespec,7927,51595c327ed3995b5e109120e363283a,3,3,3,unique_final,1.0,0.3333
typespec,7927,ef7330b687c32647f68567411fa375c1,3,3,3,unique_final,1.0,0.3333
typespec,7927,79c70b5649efcaa309d0b52cf5b5a946,3,3,3,unique_final,1.0,0.3333
typespec,7927,ad7a275d9c9c43b0710024a33c25b8bb,3,3,3,unique_final,1.0,0.3333
typespec,7927,18e901bd677ef93afeaa007d7b1a8bda,3,3,3,unique_final,1.0,0.3333
typespec,7927,d81d99b2953ad9d39c315ce7d8ec239b,3,3,3,unique_final,1.0,0.3333
typespec,7927,56008272c87aa3911f64b5256c290a5b,3,3,3,unique_final,1.0,0.3333
typespec,7927,0b7d86afb58575c13377767c5cc9c03c,3,3,3,unique_final,1.0,0.3333
typespec,7927,0b7d86afb58575c13377767c5cc9c03c,3,3,3,unique_final,1.0,0.3333
typespec,7927,5e7245f731e3795d8452c19c0a3079c8,3,3,3,unique_final,1.0,0.3333
typespec,7927,ad7a275d9c9c43b0710024a33c25b8bb,3,3,3,unique_final,1.0,0.3333
typespec,7927,833d2f8e1e3139e9ae4c99a4b8f9bd1b,3,3,3,unique_final,1.0,0.3333
typespec,7927,ab064c7e6f87c91026fc0b60959386bd,3,3,3,unique_final,1.0,0.3333
typespec,7927,441e071caba4ad11de00bacd04fd3359,3,3,3,unique_final,1.0,0.3333
typespec,7927,4941e2256d168badad362eb2a4c794d4,3,3,3,unique_final,1.0,0.3333
typespec,7927,762dc8cf92651f995c5f0ab586f1dd8b,3,3,3,unique_final,1.0,0.3333
typespec,7927,dfedb65e3677a841543bfdfac4e29864,3,3,3,unique_final,1.0,0.3333
typespec,7927,fdb3ee042f948ecdc71df526328ee56c,3,3,3,unique_final,1.0,0.3333
typespec,7927,239eb3ecdb9a85dde057f8310ed83558,3,3,3,unique_final,1.0,0.3333
typespec,7927,a96fa6a3cc45d250f75af8a32a52df7a,3,3,3,unique_final,1.0,0.3333
typespec,7927,58ae035d33df77b995144198ce9e8fa5,3,3,3,unique_final,1.0,0.3333
typespec,7927,118c609a83a69faa11386ce33f0fcda4,3,3,3,unique_final,1.0,0.3333
typespec,7927,b4ff20ec614060a9a37164571c7e48bb,3,3,3,unique_final,1.0,0.3333
typespec,7927,ab064c7e6f87c91026fc0b60959386bd,3,3,3,unique_final,1.0,0.3333
typespec,7927,112e644e76bb4137383dae7b888e6c74,3,3,3,unique_final,1.0,0.3333
typespec,7927,ad7a275d9c9c43b0710024a33c25b8bb,3,3,3,unique_final,1.0,0.3333
typespec,7927,ad7a275d9c9c43b0710024a33c25b8bb,3,3,3,unique_final,1.0,0.3333
typespec,7927,7f666b703ffc25378b03be5ef0957f2f,3,3,3,unique_final,1.0,0.3333
typespec,7927,ab064c7e6f87c91026fc0b60959386bd,3,3,3,unique_final,1.0,0.3333
typespec,7927,b6632fe965c053c9ce31d34b2d94db4a,3,3,3,unique_final,1.0,0.3333
typespec,7927,7ad9d35db37ef4faf14ba3295ca5c588,3,3,3,unique_final,1.0,0.3333
typespec,7927,ab064c7e6f87c91026fc0b60959386bd,3,3,3,unique_final,1.0,0.3333
typespec,7927,cd99c87188e8244a109ff66590d4f294,3,3,3,unique_final,1.0,0.3333
typespec,7927,ab064c7e6f87c91026fc0b60959386bd,3,3,3,unique_final,1.0,0.3333
typespec,7927,51595c327ed3995b5e109120e363283a,3,3,3,unique_final,1.0,0.3333
typespec,7927,94dd114d5f4a2d9405eba8f3a7cb07b9,3,3,3,unique_final,1.0,0.3333
typespec,7927,1751d98b2eccd4e4581b90bd57f711e8,3,3,3,unique_final,1.0,0.3333
typespec,7927,fe4c79032df8f95fa0cdef45d20a67f4,3,3,3,unique_final,1.0,0.3333
typespec,7927,2bdc88d80c971b587fe7ba0068c6a9a7,3,3,3,unique_final,1.0,0.3333
typespec,7927,51595c327ed3995b5e109120e363283a,3,3,3,unique_final,1.0,0.3333
typespec,7927,2973ed2783bf74e80612f9dfde521eb8,3,3,3,unique_final,1.0,0.3333
typespec,7927,0cc028e1793c87e601982e29602a9957,3,3,3,unique_final,1.0,0.3333
typespec,7927,67f38b7ecdcdee1b7a20dfcd1bf4afcb,3,3,3,unique_final,1.0,0.3333
typespec,7927,c412a3520e43d2e1aaf48962e85b3f14,3,3,3,unique_final,1.0,0.3333
typespec,7927,14c8137d8aa97438ddce5abcaa39e33c,3,3,3,unique_final,1.0,0.3333
typespec,7927,52014c1f067ad3d0e1349659a4b0b166,3,3,3,unique_final,1.0,0.3333
typespec,7927,dcef90c46ad7abf1a2da2566ca0e9ed6,3,3,3,unique_final,1.0,0.3333
typespec,7927,ab064c7e6f87c91026fc0b60959386bd,3,3,3,unique_final,1.0,0.3333
typespec,7927,cc58e746e31077322159443e17edd6ad,3,3,3,unique_final,1.0,0.3333
typespec,7927,67f38b7ecdcdee1b7a20dfcd1bf4afcb,3,3,3,unique_final,1.0,0.3333
typespec,7927,ab064c7e6f87c91026fc0b60959386bd,3,3,3,unique_final,1.0,0.3333
typespec,7927,0b7d86afb58575c13377767c5cc9c03c,3,3,3,unique_final,1.0,0.3333
typespec,7927,e5438fca2dcd32ae5a20af3356d54729,3,3,3,unique_final,1.0,0.3333
typespec,7927,51595c327ed3995b5e109120e363283a,3,3,3,unique_final,1.0,0.3333
typespec,7927,19c23d54c655393cb9c1afd9a05e30b5,3,3,3,unique_final,1.0,0.3333
typespec,7927,0373937cbfd5367c4e1860ad77f101af,3,3,3,unique_final,1.0,0.3333
typespec,7927,4c878c973db641ad2c0e3ae3b3f3e85f,3,3,3,unique_final,1.0,0.3333
typespec,7927,51595c327ed3995b5e109120e363283a,3,3,3,unique_final,1.0,0.3333
typespec,7927,ab064c7e6f87c91026fc0b60959386bd,3,3,3,unique_final,1.0,0.3333
typespec,7927,ad7a275d9c9c43b0710024a33c25b8bb,3,3,3,unique_final,1.0,0.3333
typespec,7927,0cc028e1793c87e601982e29602a9957,3,3,3,unique_final,1.0,0.3333
typespec,7927,a7c211b3efe3e5ca2abbe9578bc57018,3,3,3,unique_final,1.0,0.3333
typespec,7927,cd03c747db4f3fd4d3d100554ae5d985,3,3,3,unique_final,1.0,0.3333
typespec,7927,66ded3c3ad5bb1ec21a18c84820ff3ff,3,3,3,unique_final,1.0,0.3333
typespec,7927,fe95d9661d1e85df1c0ad169d8f18114,3,3,3,unique_final,1.0,0.3333
typespec,7927,46d969f26a994dd323953fe6fd8040a7,3,3,3,unique_final,1.0,0.3333
typespec,7927,ab064c7e6f87c91026fc0b60959386bd,3,3,3,unique_final,1.0,0.3333
typespec,7927,de16b63a2cdd041ece7de8625789cc9d,3,3,3,unique_final,1.0,0.3333
typespec,7927,abdce543a088c926ce3bc1226d21c730,3,3,3,unique_final,1.0,0.3333
typespec,7927,b9f74df25077cbf69e5f4a24fe00c004,3,3,3,unique_final,1.0,0.3333
typespec,7927,dcac2e905996a5c11a328b675f85396d,3,3,3,unique_final,1.0,0.3333
typespec,7927,ca71cd951cc42bb0566bc815023e72a1,3,3,3,unique_final,1.0,0.3333
typespec,7927,34411365654923a99536ba59de4f5884,3,3,3,unique_final,1.0,0.3333
typespec,7927,66ded3c3ad5bb1ec21a18c84820ff3ff,3,3,3,unique_final,1.0,0.3333
typespec,7927,ad7a275d9c9c43b0710024a33c25b8bb,3,3,3,unique_final,1.0,0.3333
typespec,7927,933afdc0a9cf35047878f5a63c4f2494,3,3,3,unique_final,1.0,0.3333
typespec,7927,737e55e8913efae2a8f3188514414b33,3,3,3,unique_final,1.0,0.3333
typespec,7927,ef7330b687c32647f68567411fa375c1,3,3,3,unique_final,1.0,0.3333
typespec,7927,ae44447bad6e0d02b7fc29de9ee7588b,3,3,3,unique_final,1.0,0.3333
typespec,7927,eac01804468c5d82d16c2a5f9478f85f,3,3,3,unique_final,1.0,0.3333
typespec,7927,6d0eae35494c86a0b000267e39142ebc,3,3,3,unique_final,1.0,0.3333
typespec,7927,0b7d86afb58575c13377767c5cc9c03c,3,3,3,unique_final,1.0,0.3333
typespec,7927,24ea1d200d1b4b8c1b27b79869664100,3,3,3,unique_final,1.0,0.3333
typespec,7927,ed84c7918853fc2641ad4a40bf09245f,3,3,3,unique_final,1.0,0.3333
typespec,7927,0b7d86afb58575c13377767c5cc9c03c,3,3,3,unique_final,1.0,0.3333
typespec,7927,c91b148486c8b579a74a5fdb83281c8e,3,3,3,unique_final,1.0,0.3333
typespec,7927,ab064c7e6f87c91026fc0b60959386bd,3,3,3,unique_final,1.0,0.3333
typespec,7927,6e76f68ba40c1077bca18fd0ca9192c5,3,3,3,unique_final,1.0,0.3333
typespec,7927,239eb3ecdb9a85dde057f8310ed83558,3,3,3,unique_final,1.0,0.3333
typespec,7927,239eb3ecdb9a85dde057f8310ed83558,3,3,3,unique_final,1.0,0.3333
typespec,7927,96c8bf0b3ddc4c75fc2d23e6195f198f,3,3,3,unique_final,1.0,0.3333
typespec,7927,239eb3ecdb9a85dde057f8310ed83558,3,3,3,unique_final,1.0,0.3333
typespec,7927,e1943f443d38f75ea0f81468f4126df8,3,3,3,unique_final,1.0,0.3333
typespec,7927,63af8766e3d853c220fceb3def879531,3,3,3,unique_final,1.0,0.3333
typespec,7927,57d1965047c171c8a213f561fd02f6e6,3,3,3,unique_final,1.0,0.3333
typespec,7927,ab064c7e6f87c91026fc0b60959386bd,3,3,3,unique_final,1.0,0.3333
typespec,7927,37e347fa38236deeb7f0f13b4f32a863,3,3,3,unique_final,1.0,0.3333
typespec,7927,42c95fc3741eb3ba3f3a0437f955141a,3,3,3,unique_final,1.0,0.3333
typespec,7927,ad7a275d9c9c43b0710024a33c25b8bb,3,3,3,unique_final,1.0,0.3333
typespec,7927,ab064c7e6f87c91026fc0b60959386bd,3,3,3,unique_final,1.0,0.3333
typespec,7927,d1ceffc4b5ec0f77a48aca75c82c8736,3,3,3,unique_final,1.0,0.3333
typespec,7927,cc58e746e31077322159443e17edd6ad,3,3,3,unique_final,1.0,0.3333
typespec,7927,79c70b5649efcaa309d0b52cf5b5a946,3,3,3,unique_final,1.0,0.3333
typespec,7927,9101fc0625ccd6830a38b96883a85964,3,3,3,unique_final,1.0,0.3333
typespec,7927,97858098342a44c2400195ad526c1662,3,3,3,unique_final,1.0,0.3333
typespec,7927,51595c327ed3995b5e109120e363283a,3,3,3,unique_final,1.0,0.3333
typespec,7927,cd03c747db4f3fd4d3d100554ae5d985,3,3,3,unique_final,1.0,0.3333
typespec,7927,c2ec2c60395e28eceeea065895afccf9,3,3,3,unique_final,1.0,0.3333
typespec,7927,ab064c7e6f87c91026fc0b60959386bd,3,3,3,unique_final,1.0,0.3333
typespec,7927,85739b1f71e3c88f5ceb61bcc341cd46,3,3,3,unique_final,1.0,0.3333
typespec,7927,51595c327ed3995b5e109120e363283a,3,3,3,unique_final,1.0,0.3333
typespec,7927,7792c9dc0ef5687c126a4834e2bf7237,3,3,3,unique_final,1.0,0.3333
typespec,7927,349c37be21068e1023f565f5df9d5ffc,3,3,3,unique_final,1.0,0.3333
typespec,7927,275dc4cb88a514b7383020b8ff8c8ed2,3,3,3,unique_final,1.0,0.3333
typespec,7927,a513d34c0e1c22be212e1601955b7fa9,3,3,3,unique_final,1.0,0.3333
typespec,7927,346bcf424cc86e197f22bb1774e6b8ab,3,3,3,unique_final,1.0,0.3333
typespec,7927,79c70b5649efcaa309d0b52cf5b5a946,3,3,3,unique_final,1.0,0.3333
typespec,7927,ad7a275d9c9c43b0710024a33c25b8bb,3,3,3,unique_final,1.0,0.3333
typespec,7927,51595c327ed3995b5e109120e363283a,3,3,3,unique_final,1.0,0.3333
typespec,7927,112e644e76bb4137383dae7b888e6c74,3,3,3,unique_final,1.0,0.3333
typespec,7927,ad7a275d9c9c43b0710024a33c25b8bb,3,3,3,unique_final,1.0,0.3333
typespec,7927,c222d01b9afdb2a8d7226e015bae2ccb,3,3,3,unique_final,1.0,0.3333
typespec,7927,ad7a275d9c9c43b0710024a33c25b8bb,3,3,3,unique_final,1.0,0.3333
typespec,7927,0db9335de782c46362b353224fbef277,3,3,3,unique_final,1.0,0.3333
typespec,7927,ab064c7e6f87c91026fc0b60959386bd,3,3,3,unique_final,1.0,0.3333
typespec,7927,417c430512379ee419bdfb4f942e106f,3,3,3,unique_final,1.0,0.3333
typespec,7927,c81b487ac5c24e3f969bf8b843eb584f,3,3,3,unique_final,1.0,0.3333
typespec,7927,09a9cf7f1f252e107603e5d6311f9907,3,3,3,unique_final,1.0,0.3333
typespec,7927,0b7d86afb58575c13377767c5cc9c03c,3,3,3,unique_final,1.0,0.3333
typespec,7927,e4c030ebb6363f2d156de6293ae8e17c,3,3,3,unique_final,1.0,0.3333
typespec,7927,bb64b7f5d1ad29a071705d1171bf8263,3,3,3,unique_final,1.0,0.3333
typespec,7927,ad7a275d9c9c43b0710024a33c25b8bb,3,3,3,unique_final,1.0,0.3333
typespec,7927,53eb737bf67997600a80b2195c9d47bb,3,3,3,unique_final,1.0,0.3333
typespec,7927,ad7a275d9c9c43b0710024a33c25b8bb,3,3,3,unique_final,1.0,0.3333
typespec,7927,51595c327ed3995b5e109120e363283a,3,3,3,unique_final,1.0,0.3333
typespec,7927,776523d3ced5330a678381dbaceb383c,3,3,3,unique_final,1.0,0.3333
typespec,7927,ad7a275d9c9c43b0710024a33c25b8bb,3,3,3,unique_final,1.0,0.3333
typespec,7927,51595c327ed3995b5e109120e363283a,3,3,3,unique_final,1.0,0.3333
typespec,7927,ad7a275d9c9c43b0710024a33c25b8bb,3,3,3,unique_final,1.0,0.3333
typespec,7927,dcef90c46ad7abf1a2da2566ca0e9ed6,3,3,3,unique_final,1.0,0.3333
typespec,7927,09a9cf7f1f252e107603e5d6311f9907,3,3,3,unique_final,1.0,0.3333
typespec,7927,65617ea1d6b456abf0c0138b7e2ab464,3,3,3,unique_final,1.0,0.3333
typespec,7927,8a5d4fb20adee7e81a06b60d55925877,3,3,3,unique_final,1.0,0.3333
typespec,7927,f6f243927e2d17f79e9b4085fb423f1d,3,3,3,unique_final,1.0,0.3333
typespec,7927,b0ca204203ed44da4cbbd8581ea00baf,3,3,3,unique_final,1.0,0.3333
typespec,7927,8f2879388b017a27d4655b6a356c3473,3,3,3,unique_final,1.0,0.3333
typespec,7927,ddf0bc29bfa7f3b3894a8a6f3824bee2,3,3,3,unique_final,1.0,0.3333
typespec,7927,d3e9f55bbe18acaf54da36759c3893d7,3,3,3,unique_final,1.0,0.3333
typespec,7927,96f77a2d64eacb66399277649b181fea,3,3,3,unique_final,1.0,0.3333
typespec,7927,0cc028e1793c87e601982e29602a9957,3,3,3,unique_final,1.0,0.3333
typespec,7927,524c4910b039c35a6d8d00a56764bfb3,3,3,3,unique_final,1.0,0.3333
typespec,7927,b3066f936547d96a53cce5cfcdb0fc46,3,3,3,unique_final,1.0,0.3333
typespec,7927,57d1965047c171c8a213f561fd02f6e6,3,3,3,unique_final,1.0,0.3333
typespec,7927,ab064c7e6f87c91026fc0b60959386bd,3,3,3,unique_final,1.0,0.3333
typespec,7927,239eb3ecdb9a85dde057f8310ed83558,3,3,3,unique_final,1.0,0.3333
typespec,7927,fa2c9a3715fe574df2d0104069097a2b,3,3,3,unique_final,1.0,0.3333
typespec,7927,2d5ec40a83bdad87c4cc9d5d89ee252c,3,3,3,unique_final,1.0,0.3333
typespec,7927,816ac8fc160c85bb3bbd810cf8f17ab0,3,3,3,unique_final,1.0,0.3333
typespec,7927,51595c327ed3995b5e109120e363283a,3,3,3,unique_final,1.0,0.3333
typespec,7927,b0ca204203ed44da4cbbd8581ea00baf,3,3,3,unique_final,1.0,0.3333
typespec,7927,67f38b7ecdcdee1b7a20dfcd1bf4afcb,3,3,3,unique_final,1.0,0.3333
typespec,7927,b9f74df25077cbf69e5f4a24fe00c004,3,3,3,unique_final,1.0,0.3333
typespec,7927,aec5e1d487148bfc3de4b7fff158117d,3,3,3,unique_final,1.0,0.3333
typespec,7927,ad7a275d9c9c43b0710024a33c25b8bb,3,3,3,unique_final,1.0,0.3333
typespec,7927,b83d6b471a80e4fb46463f35d383b1f4,3,3,3,unique_final,1.0,0.3333
typespec,7927,daec1f4d52611a96fa7d4f709e60ea67,3,3,3,unique_final,1.0,0.3333
typespec,7927,2356405ae240cc45f46782c7e3908baa,3,3,3,unique_final,1.0,0.3333
typespec,7927,2f35c4d39c2677eb70fc10d878f68c21,3,3,3,unique_final,1.0,0.3333
typespec,7927,ba291445c2d4539f5cce54c9ebf6a7fd,3,3,3,unique_final,1.0,0.3333
typespec,7927,fa2c9a3715fe574df2d0104069097a2b,3,3,3,unique_final,1.0,0.3333
typespec,7927,ee2533a8ead14fb56087d4616e35fe0f,3,3,3,unique_final,1.0,0.3333
typespec,7927,4f4fece786ad13487b2763687f9de77a,3,3,3,unique_final,1.0,0.3333
typespec,7927,daee564de4323fbbbfb525ed76fe52f6,3,3,3,unique_final,1.0,0.3333
typespec,7927,d9a394ac306a306217b19d204ad98171,3,3,3,unique_final,1.0,0.3333
typespec,7927,d4b02d143b46c26e479f8764132516a3,3,3,3,unique_final,1.0,0.3333
typespec,7927,51595c327ed3995b5e109120e363283a,3,3,3,unique_final,1.0,0.3333
typespec,7927,346bcf424cc86e197f22bb1774e6b8ab,3,3,3,unique_final,1.0,0.3333
typespec,7927,b9eb861245351a51e9ef4601f93a9244,3,3,3,unique_final,1.0,0.3333
typespec,7927,7125d262c1d935a6f8b4aa68575836f8,3,3,3,unique_final,1.0,0.3333
typespec,7927,ad7a275d9c9c43b0710024a33c25b8bb,3,3,3,unique_final,1.0,0.3333
typespec,7927,26e232a051fe59a0ababda0258370a43,3,3,3,unique_final,1.0,0.3333
typespec,7927,d81d99b2953ad9d39c315ce7d8ec239b,3,3,3,unique_final,1.0,0.3333
typespec,7927,b83d6b471a80e4fb46463f35d383b1f4,3,3,3,unique_final,1.0,0.3333
typespec,7927,4bb97d9eba79d581e361371c194c9b29,3,3,3,unique_final,1.0,0.3333
typespec,7927,8c63a3822428b0632b6fab63c7e430d2,3,3,3,unique_final,1.0,0.3333
typespec,7927,ad7a275d9c9c43b0710024a33c25b8bb,3,3,3,unique_final,1.0,0.3333
typespec,7927,cd99c87188e8244a109ff66590d4f294,3,3,3,unique_final,1.0,0.3333
typespec,7927,a28d393a58a07f210ff6850722dc1ff6,3,3,3,unique_final,1.0,0.3333
typespec,7927,ab064c7e6f87c91026fc0b60959386bd,3,3,3,unique_final,1.0,0.3333
typespec,7927,dcac2e905996a5c11a328b675f85396d,3,3,3,unique_final,1.0,0.3333
typespec,7927,d100ab4d3f3eba1b28523746e4c80fc0,3,3,3,unique_final,1.0,0.3333
typespec,7927,4941e2256d168badad362eb2a4c794d4,3,3,3,unique_final,1.0,0.3333
typespec,7927,239eb3ecdb9a85dde057f8310ed83558,3,3,3,unique_final,1.0,0.3333
typespec,7927,5fb703cbbb03e40c71cb1faea912235c,3,3,3,unique_final,1.0,0.3333
typespec,7927,e4f6f5c7e33c0b23750a93243dd540ec,3,3,3,unique_final,1.0,0.3333
typespec,7927,ad7a275d9c9c43b0710024a33c25b8bb,3,3,3,unique_final,1.0,0.3333
typespec,7927,a647e2b655ac8324ed4410313ebcb8f6,3,3,3,unique_final,1.0,0.3333
typespec,7927,ab064c7e6f87c91026fc0b60959386bd,3,3,3,unique_final,1.0,0.3333
typespec,7927,62ac7b10ef24570df8224914cd220204,3,3,3,unique_final,1.0,0.3333
typespec,7927,51595c327ed3995b5e109120e363283a,3,3,3,unique_final,1.0,0.3333
typespec,7927,a866baacf353c6c6fa0f8d644e8b5c63,3,3,3,unique_final,1.0,0.3333
typespec,7927,702e46e3b30bcf0b0f2ebc197fa4f607,3,3,3,unique_final,1.0,0.3333
typespec,7927,387ea1cac167868ea7be2b2b34486fd5,3,3,3,unique_final,1.0,0.3333
typespec,7927,ab064c7e6f87c91026fc0b60959386bd,3,3,3,unique_final,1.0,0.3333
typespec,7927,51595c327ed3995b5e109120e363283a,3,3,3,unique_final,1.0,0.3333
typespec,7927,ab064c7e6f87c91026fc0b60959386bd,3,3,3,unique_final,1.0,0.3333
typespec,7927,aed26c7bfcd60659de8d65de3e022269,3,3,3,unique_final,1.0,0.3333
typespec,7927,ab064c7e6f87c91026fc0b60959386bd,3,3,3,unique_final,1.0,0.3333
typespec,7927,80c5ed59a7ab950cf045f48c9c13b3d7,3,3,3,unique_final,1.0,0.3333
typespec,7927,31b76990bcc6066433d8d7bf6de5fdc0,3,3,3,unique_final,1.0,0.3333
typespec,7927,702e46e3b30bcf0b0f2ebc197fa4f607,3,3,3,unique_final,1.0,0.3333
typespec,7927,98ac2cd2fed0fbb5dd87f3d614830d99,3,3,3,unique_final,1.0,0.3333
typespec,7927,856ee92f778d44fed43398e6cc6921db,3,3,3,unique_final,1.0,0.3333
typespec,7927,65fc4d37c9db96b616eb26f182d0b19f,3,3,3,unique_final,1.0,0.3333
typespec,7927,ab064c7e6f87c91026fc0b60959386bd,3,3,3,unique_final,1.0,0.3333
typespec,7927,239eb3ecdb9a85dde057f8310ed83558,3,3,3,unique_final,1.0,0.3333
typespec,7927,f3d67b5d632b4874df8f8bd1f5849cdf,3,3,3,unique_final,1.0,0.3333
typespec,7927,cd03c747db4f3fd4d3d100554ae5d985,3,3,3,unique_final,1.0,0.3333
typespec,7927,ad7a275d9c9c43b0710024a33c25b8bb,3,3,3,unique_final,1.0,0.3333
typespec,7927,ab064c7e6f87c91026fc0b60959386bd,3,3,3,unique_final,1.0,0.3333
typespec,7927,a3e0a51906d2f6668cc116232fa2b2b9,3,3,3,unique_final,1.0,0.3333
typespec,7927,ab064c7e6f87c91026fc0b60959386bd,3,3,3,unique_final,1.0,0.3333
typespec,7927,922c9e9243089f1a54d1f4f98d31ad46,3,3,3,unique_final,1.0,0.3333
typespec,7927,22927326be66d004a43326c7de05ed1e,3,3,3,unique_final,1.0,0.3333
typespec,7927,b4ff20ec614060a9a37164571c7e48bb,3,3,3,unique_final,1.0,0.3333
typespec,7927,8fea4dcb5b653cb4444959f13695cdca,3,3,3,unique_final,1.0,0.3333
typespec,7927,ad7a275d9c9c43b0710024a33c25b8bb,3,3,3,unique_final,1.0,0.3333
typespec,7927,3b962b03513c943938646af0bc050550,3,3,3,unique_final,1.0,0.3333
typespec,7927,14c8137d8aa97438ddce5abcaa39e33c,3,3,3,unique_final,1.0,0.3333
typespec,7927,51595c327ed3995b5e109120e363283a,3,3,3,unique_final,1.0,0.3333
typespec,7927,3b962b03513c943938646af0bc050550,3,3,3,unique_final,1.0,0.3333
typespec,7927,d06de0e1da8fb7d055c83fc7b23bd8bf,3,3,3,unique_final,1.0,0.3333
typespec,7927,6d96b70c564ab4d9f228b4c9effa55bb,3,3,3,unique_final,1.0,0.3333
typespec,7927,51595c327ed3995b5e109120e363283a,3,3,3,unique_final,1.0,0.3333
typespec,7927,0b7d86afb58575c13377767c5cc9c03c,3,3,3,unique_final,1.0,0.3333
typespec,7927,ec57e31e84cbfee4bebf28e1b5cd5189,3,3,3,unique_final,1.0,0.3333
typespec,7927,275dc4cb88a514b7383020b8ff8c8ed2,3,3,3,unique_final,1.0,0.3333
typespec,7927,9c45d4b9d5cc1ae90f7cb1a069eab5d2,3,3,3,unique_final,1.0,0.3333
typespec,7927,ad7a275d9c9c43b0710024a33c25b8bb,3,3,3,unique_final,1.0,0.3333
typespec,7927,0b7d86afb58575c13377767c5cc9c03c,3,3,3,unique_final,1.0,0.3333
typespec,7927,a066f44dccd05ac102e36800c03e8ffc,3,3,3,unique_final,1.0,0.3333
typespec,7927,4e9347d56baba525a672a38f9ccde0a6,3,3,3,unique_final,1.0,0.3333
typespec,7927,ef688300e4f600176a87b4694251d655,3,3,3,unique_final,1.0,0.3333
typespec,7927,ab064c7e6f87c91026fc0b60959386bd,3,3,3,unique_final,1.0,0.3333
typespec,7927,0c319c43330980fb7709e178a5469a20,3,3,3,unique_final,1.0,0.3333
typespec,7927,d5b6177c5443ffd0a22bf1c5b819e016,3,3,3,unique_final,1.0,0.3333
typespec,7927,ab064c7e6f87c91026fc0b60959386bd,3,3,3,unique_final,1.0,0.3333
typespec,7927,daec1f4d52611a96fa7d4f709e60ea67,3,3,3,unique_final,1.0,0.3333
typespec,7927,ad7a275d9c9c43b0710024a33c25b8bb,3,3,3,unique_final,1.0,0.3333
typespec,7927,7ad9d35db37ef4faf14ba3295ca5c588,3,3,3,unique_final,1.0,0.3333
typespec,7927,ab064c7e6f87c91026fc0b60959386bd,3,3,3,unique_final,1.0,0.3333
typespec,7927,5bbb827b0c5cb78bff09ed13d2f7367f,3,3,3,unique_final,1.0,0.3333
typespec,7927,ad7a275d9c9c43b0710024a33c25b8bb,3,3,3,unique_final,1.0,0.3333
typespec,7927,2e6504c8498ca9b0d6ce986063146085,3,3,3,unique_final,1.0,0.3333
typespec,7927,ab064c7e6f87c91026fc0b60959386bd,3,3,3,unique_final,1.0,0.3333
typespec,7927,ad7a275d9c9c43b0710024a33c25b8bb,3,3,3,unique_final,1.0,0.3333
typespec,7927,ab064c7e6f87c91026fc0b60959386bd,3,3,3,unique_final,1.0,0.3333
typespec,7927,6d41e31076efa10c912c070a08598849,3,3,3,unique_final,1.0,0.3333
typespec,7927,8ee9c80b8b65d83148a05e0103aa90ca,3,3,3,unique_final,1.0,0.3333
typespec,7927,6a2f4d20387465be1add97f4b374b4e8,3,3,3,unique_final,1.0,0.3333
typespec,7927,ca99c8103aa96d80f4432f87db782426,3,3,3,unique_final,1.0,0.3333
typespec,7927,6d0eae35494c86a0b000267e39142ebc,3,3,3,unique_final,1.0,0.3333
typespec,7927,53eb737bf67997600a80b2195c9d47bb,3,3,3,unique_final,1.0,0.3333
typespec,7927,776523d3ced5330a678381dbaceb383c,3,3,3,unique_final,1.0,0.3333
typespec,7927,ad7a275d9c9c43b0710024a33c25b8bb,3,3,3,unique_final,1.0,0.3333
typespec,7927,f410659b8e4b65987baf18f1c29beb30,3,3,3,unique_final,1.0,0.3333
typespec,7927,f16afd903ae66033aaa1f38e8c169595,3,3,3,unique_final,1.0,0.3333
typespec,7927,35fd02453a238702f1cd9dbbefb524bb,3,3,3,unique_final,1.0,0.3333
typespec,7927,e0713b3bbcf1189da207fbb28863719c,3,3,3,unique_final,1.0,0.3333
typespec,7927,ad7a275d9c9c43b0710024a33c25b8bb,3,3,3,unique_final,1.0,0.3333
typespec,7927,ab064c7e6f87c91026fc0b60959386bd,3,3,3,unique_final,1.0,0.3333
typespec,7927,3dfa0a2331eb7c43d96c3b1ab5c87aac,3,3,3,unique_final,1.0,0.3333
typespec,7927,ab064c7e6f87c91026fc0b60959386bd,3,3,3,unique_final,1.0,0.3333
typespec,7927,f16afd903ae66033aaa1f38e8c169595,3,3,3,unique_final,1.0,0.3333
typespec,7927,833d2f8e1e3139e9ae4c99a4b8f9bd1b,3,3,3,unique_final,1.0,0.3333
typespec,7927,f24da441cd96bee17eae86d1f2afb93c,3,3,3,unique_final,1.0,0.3333
typespec,7927,ab064c7e6f87c91026fc0b60959386bd,3,3,3,unique_final,1.0,0.3333
typespec,7927,24ea1d200d1b4b8c1b27b79869664100,3,3,3,unique_final,1.0,0.3333
typespec,7927,ad7a275d9c9c43b0710024a33c25b8bb,3,3,3,unique_final,1.0,0.3333
typespec,7927,0ac13dbc682daf2d7539c78ba6f618a1,3,3,3,unique_final,1.0,0.3333
typespec,7927,0b7d86afb58575c13377767c5cc9c03c,3,3,3,unique_final,1.0,0.3333
typespec,7927,4276e421f11a1dabfc422d28f9378635,3,3,3,unique_final,1.0,0.3333
typespec,7927,ad7a275d9c9c43b0710024a33c25b8bb,3,3,3,unique_final,1.0,0.3333
typespec,7927,ab064c7e6f87c91026fc0b60959386bd,3,3,3,unique_final,1.0,0.3333
typespec,7927,0cc028e1793c87e601982e29602a9957,3,3,3,unique_final,1.0,0.3333
typespec,7927,b83d6b471a80e4fb46463f35d383b1f4,3,3,3,unique_final,1.0,0.3333
typespec,7927,cd03c747db4f3fd4d3d100554ae5d985,3,3,3,unique_final,1.0,0.3333
typespec,7927,26e232a051fe59a0ababda0258370a43,3,3,3,unique_final,1.0,0.3333
typespec,7927,51d2c46cdd56a6e5e0422119c9521cfc,3,3,3,unique_final,1.0,0.3333
typespec,7927,0b7d86afb58575c13377767c5cc9c03c,3,3,3,unique_final,1.0,0.3333
typespec,7927,e780a124b4e3f23ad7ccb1e6df219903,3,3,3,unique_final,1.0,0.3333
typespec,7927,8a4d92d703930c61f2e811554800b6a9,3,3,3,unique_final,1.0,0.3333
typespec,7927,80952a697b9ec2b8660ec606c5be7fc0,3,3,3,unique_final,1.0,0.3333
typespec,7927,51595c327ed3995b5e109120e363283a,3,3,3,unique_final,1.0,0.3333
typespec,7927,dcac2e905996a5c11a328b675f85396d,3,3,3,unique_final,1.0,0.3333
typespec,7927,e7b7b016b7d9ede6c6a1c1acd33e12d3,3,3,3,unique_final,1.0,0.3333
typespec,7927,79c70b5649efcaa309d0b52cf5b5a946,3,3,3,unique_final,1.0,0.3333
typespec,7927,d100ab4d3f3eba1b28523746e4c80fc0,3,3,3,unique_final,1.0,0.3333
typespec,7927,e6628ff69866abec669416ba2957a818,3,3,3,unique_final,1.0,0.3333
typespec,7927,ad7a275d9c9c43b0710024a33c25b8bb,3,3,3,unique_final,1.0,0.3333
typespec,7927,f8effb7bd9a11ca8db7132176b3c43bd,3,3,3,unique_final,1.0,0.3333
typespec,7927,ed84c7918853fc2641ad4a40bf09245f,3,3,3,unique_final,1.0,0.3333
typespec,7927,8ee9c80b8b65d83148a05e0103aa90ca,3,3,3,unique_final,1.0,0.3333
typespec,7927,b474b7d7ad18d8e1eeaeaff08cf6fa37,3,3,3,unique_final,1.0,0.3333
typespec,7927,abdce543a088c926ce3bc1226d21c730,3,3,3,unique_final,1.0,0.3333
typespec,7927,fa2c9a3715fe574df2d0104069097a2b,3,3,3,unique_final,1.0,0.3333
typespec,7927,de16b63a2cdd041ece7de8625789cc9d,3,3,3,unique_final,1.0,0.3333
typespec,7927,51595c327ed3995b5e109120e363283a,3,3,3,unique_final,1.0,0.3333
typespec,7927,a03133b02ee50209592aec598d17a48f,3,3,3,unique_final,1.0,0.3333
typespec,7927,67f38b7ecdcdee1b7a20dfcd1bf4afcb,3,3,3,unique_final,1.0,0.3333
typespec,7927,a6ec97b5186767d6222d16d8aa48a11c,3,3,3,unique_final,1.0,0.3333
typespec,7927,6e76f68ba40c1077bca18fd0ca9192c5,3,3,3,unique_final,1.0,0.3333
typespec,7927,ad7a275d9c9c43b0710024a33c25b8bb,3,3,3,unique_final,1.0,0.3333
typespec,7927,4942221a7036a47dc3c13da638d8f9c3,3,3,3,unique_final,1.0,0.3333
typespec,7927,1751d98b2eccd4e4581b90bd57f711e8,3,3,3,unique_final,1.0,0.3333
typespec,7927,cc58e746e31077322159443e17edd6ad,3,3,3,unique_final,1.0,0.3333
typespec,7927,d06de0e1da8fb7d055c83fc7b23bd8bf,3,3,3,unique_final,1.0,0.3333
typespec,7927,79177bb0b4ca5806cf61e25420cb6c20,3,3,3,unique_final,1.0,0.3333
typespec,7927,2d5ec40a83bdad87c4cc9d5d89ee252c,3,3,3,unique_final,1.0,0.3333
typespec,7927,1c319f9e88ea2224ad2fef1acf8f1192,3,3,3,unique_final,1.0,0.3333
typespec,7927,79c70b5649efcaa309d0b52cf5b5a946,3,3,3,unique_final,1.0,0.3333
typespec,7927,4bbb6db92d9c610ad23d732ac798c944,3,3,3,unique_final,1.0,0.3333
typespec,7927,0ddbe629b91147f03d5b735a8cbf1915,3,3,3,unique_final,1.0,0.3333
typespec,7927,b3066f936547d96a53cce5cfcdb0fc46,3,3,3,unique_final,1.0,0.3333
typespec,7927,1966139cac4db65967368104996da8e4,3,3,3,unique_final,1.0,0.3333
typespec,7927,80952a697b9ec2b8660ec606c5be7fc0,3,3,3,unique_final,1.0,0.3333
typespec,7927,536fb9561b5b8658b7443e8006392fba,3,3,3,unique_final,1.0,0.3333
typespec,7927,dcef90c46ad7abf1a2da2566ca0e9ed6,3,3,3,unique_final,1.0,0.3333
typespec,7927,ab064c7e6f87c91026fc0b60959386bd,3,3,3,unique_final,1.0,0.3333
typespec,7927,2100f84ade72a6656507918ec6f90b84,3,3,3,unique_final,1.0,0.3333
typespec,7927,51595c327ed3995b5e109120e363283a,3,3,3,unique_final,1.0,0.3333
typespec,7927,7125d262c1d935a6f8b4aa68575836f8,3,3,3,unique_final,1.0,0.3333
typespec,7927,0cfbd1af667757aa12144ec19710c932,3,3,3,unique_final,1.0,0.3333
typespec,7927,553e928a9ff0ada6981bb9d2d5324bec,3,3,3,unique_final,1.0,0.3333
typespec,7927,27d5a50638e8f7a6f2f6e25ce108c24a,3,3,3,unique_final,1.0,0.3333
typespec,7927,de719dccb8c7ee9400264cc91348163e,3,3,3,unique_final,1.0,0.3333
typespec,7927,e3fa34ef5f6d19aa23c0fd5c73a96148,3,3,3,unique_final,1.0,0.3333
typespec,7927,0cc028e1793c87e601982e29602a9957,3,3,3,unique_final,1.0,0.3333
typespec,7927,7c98d420938884c6697ee78a40cd98c0,3,3,3,unique_final,1.0,0.3333
typespec,7927,a4e3549c7d7adf3ccf5f292b13679092,3,3,3,unique_final,1.0,0.3333
typespec,7927,d4b02d143b46c26e479f8764132516a3,3,3,3,unique_final,1.0,0.3333
typespec,7927,34baa8c96d5c316fe3dd5c1ebbd7cd10,3,3,3,unique_final,1.0,0.3333
typespec,7927,80c5ed59a7ab950cf045f48c9c13b3d7,3,3,3,unique_final,1.0,0.3333
typespec,7927,0ec8f57013bf44e6c2e8588aa915ced3,3,3,3,unique_final,1.0,0.3333
typespec,7927,069904041d65ac9737b403331bdc3aa5,3,3,3,unique_final,1.0,0.3333
typespec,7927,1b5176537d07dc899d8393b458d029c5,3,3,3,unique_final,1.0,0.3333
typespec,7927,57d4727c88f36ebb29d09d28ac223970,3,3,3,unique_final,1.0,0.3333
typespec,7927,20bc29f92eb384dc22ed897f70eb79cc,3,3,3,unique_final,1.0,0.3333
typespec,7927,e095c48e59231cf58eec2e18198ce02f,3,3,3,unique_final,1.0,0.3333
typespec,7927,ab064c7e6f87c91026fc0b60959386bd,3,3,3,unique_final,1.0,0.3333
typespec,7927,0ec8f57013bf44e6c2e8588aa915ced3,3,3,3,unique_final,1.0,0.3333
typespec,7927,3ab3537dc6d54e1fe664d30d319a65bf,3,3,3,unique_final,1.0,0.3333
typespec,7927,d06de0e1da8fb7d055c83fc7b23bd8bf,3,3,3,unique_final,1.0,0.3333
typespec,7927,004526bdb9f2c6cff538eb5765f053e6,3,3,3,unique_final,1.0,0.3333
typespec,7927,ad7a275d9c9c43b0710024a33c25b8bb,3,3,3,unique_final,1.0,0.3333
typespec,7927,ad7a275d9c9c43b0710024a33c25b8bb,3,3,3,unique_final,1.0,0.3333
typespec,7927,ab064c7e6f87c91026fc0b60959386bd,3,3,3,unique_final,1.0,0.3333
typespec,7927,ad7a275d9c9c43b0710024a33c25b8bb,3,3,3,unique_final,1.0,0.3333
typespec,7927,91d20f0087ea8518389853916affadae,3,3,3,unique_final,1.0,0.3333
typespec,7927,0b7d86afb58575c13377767c5cc9c03c,3,3,3,unique_final,1.0,0.3333
typespec,7927,ad7a275d9c9c43b0710024a33c25b8bb,3,3,3,unique_final,1.0,0.3333
typespec,7927,35fd02453a238702f1cd9dbbefb524bb,3,3,3,unique_final,1.0,0.3333
typespec,7927,65617ea1d6b456abf0c0138b7e2ab464,3,3,3,unique_final,1.0,0.3333
typespec,7927,d622b78bed8783af0fcf3c2f851c81ac,3,3,3,unique_final,1.0,0.3333
typespec,7927,0b7d86afb58575c13377767c5cc9c03c,3,3,3,unique_final,1.0,0.3333
typespec,7927,ff47fc67a03401205aa50e7670b3e014,3,3,3,unique_final,1.0,0.3333
typespec,7927,323cca8046ecb8fb061e2aeb2079f170,3,3,3,unique_final,1.0,0.3333
typespec,7927,4f2e823685ba5cb0cc8114e16a5e5c61,3,3,3,unique_final,1.0,0.3333
typespec,7927,51595c327ed3995b5e109120e363283a,3,3,3,unique_final,1.0,0.3333
typespec,7927,4ff6b2c17af4aa6096f3fbe4eb9247e5,3,3,3,unique_final,1.0,0.3333
typespec,7927,d8966a45652503f3e781b7ffaee3dd99,3,3,3,unique_final,1.0,0.3333
typespec,7927,018f9f10e5e3d72acd515afc889d772d,3,3,3,unique_final,1.0,0.3333
typespec,7927,c186ac03aa74ce332c20ed6765bc1c2c,3,3,3,unique_final,1.0,0.3333
typespec,7927,4f970338836798dec0ca965463c06141,3,3,3,unique_final,1.0,0.3333
typespec,7927,58ae035d33df77b995144198ce9e8fa5,3,3,3,unique_final,1.0,0.3333
typespec,7927,ad7a275d9c9c43b0710024a33c25b8bb,3,3,3,unique_final,1.0,0.3333
typespec,7927,55931b4c5a14744dbefa88a4ad97959d,3,3,3,unique_final,1.0,0.3333
typespec,7927,c186ac03aa74ce332c20ed6765bc1c2c,3,3,3,unique_final,1.0,0.3333
typespec,7927,0ec8f57013bf44e6c2e8588aa915ced3,3,3,3,unique_final,1.0,0.3333
typespec,7927,de719dccb8c7ee9400264cc91348163e,3,3,3,unique_final,1.0,0.3333
typespec,7927,fa2c9a3715fe574df2d0104069097a2b,3,3,3,unique_final,1.0,0.3333
typespec,7927,390369cd7195c7ed50ded200bc317adf,3,3,3,unique_final,1.0,0.3333
typespec,7927,9c45d4b9d5cc1ae90f7cb1a069eab5d2,3,3,3,unique_final,1.0,0.3333
typespec,7927,48d99a2dc3243519030d524e43298be7,3,3,3,unique_final,1.0,0.3333
typespec,7927,7b96708fefa8579806ff19e1884eecce,3,3,3,unique_final,1.0,0.3333
typespec,7927,0b7d86afb58575c13377767c5cc9c03c,3,3,3,unique_final,1.0,0.3333
typespec,7927,1751d98b2eccd4e4581b90bd57f711e8,3,3,3,unique_final,1.0,0.3333
typespec,7927,ab064c7e6f87c91026fc0b60959386bd,3,3,3,unique_final,1.0,0.3333
typespec,7927,b9f74df25077cbf69e5f4a24fe00c004,3,3,3,unique_final,1.0,0.3333
typespec,7927,ab064c7e6f87c91026fc0b60959386bd,3,3,3,unique_final,1.0,0.3333
typespec,7927,922c9e9243089f1a54d1f4f98d31ad46,3,3,3,unique_final,1.0,0.3333
typespec,7927,a4e3549c7d7adf3ccf5f292b13679092,3,3,3,unique_final,1.0,0.3333
typespec,7927,ab064c7e6f87c91026fc0b60959386bd,3,3,3,unique_final,1.0,0.3333
typespec,7927,ab064c7e6f87c91026fc0b60959386bd,3,3,3,unique_final,1.0,0.3333
typespec,7927,e886a925d7cb5ecb1cdeb0ea200f10b8,3,3,3,unique_final,1.0,0.3333
typespec,7927,62ac7b10ef24570df8224914cd220204,3,3,3,unique_final,1.0,0.3333
typespec,7927,ddf0bc29bfa7f3b3894a8a6f3824bee2,3,3,3,unique_final,1.0,0.3333
typespec,7927,0db9335de782c46362b353224fbef277,3,3,3,unique_final,1.0,0.3333
typespec,7927,96c8bf0b3ddc4c75fc2d23e6195f198f,3,3,3,unique_final,1.0,0.3333
typespec,7927,0cc028e1793c87e601982e29602a9957,3,3,3,unique_final,1.0,0.3333
typespec,7927,b9eb861245351a51e9ef4601f93a9244,3,3,3,unique_final,1.0,0.3333
typespec,7927,a8f2f4e116f61c8417fa371ea96800cc,3,3,3,unique_final,1.0,0.3333
typespec,7927,0ddbe629b91147f03d5b735a8cbf1915,3,3,3,unique_final,1.0,0.3333
typespec,7927,975c0d95782b9b0d1a9255c959118a84,3,3,3,unique_final,1.0,0.3333
typespec,7927,0b7d86afb58575c13377767c5cc9c03c,3,3,3,unique_final,1.0,0.3333
typespec,7927,b4d9e3958518afb46ccd084b51e50888,3,3,3,unique_final,1.0,0.3333
typespec,7927,069904041d65ac9737b403331bdc3aa5,3,3,3,unique_final,1.0,0.3333
typespec,7927,0b7d86afb58575c13377767c5cc9c03c,3,3,3,unique_final,1.0,0.3333
typespec,7927,4f4fece786ad13487b2763687f9de77a,3,3,3,unique_final,1.0,0.3333
typespec,7927,cc58e746e31077322159443e17edd6ad,3,3,3,unique_final,1.0,0.3333
typespec,7927,aec5e1d487148bfc3de4b7fff158117d,3,3,3,unique_final,1.0,0.3333
typespec,7927,51595c327ed3995b5e109120e363283a,3,3,3,unique_final,1.0,0.3333
typespec,7927,f6f243927e2d17f79e9b4085fb423f1d,3,3,3,unique_final,1.0,0.3333
typespec,7927,3458162cf48d85a4d6fc3dfe1af4b5f7,3,3,3,unique_final,1.0,0.3333
typespec,7927,5b879b6b8637841dda620ec687e47823,3,3,3,unique_final,1.0,0.3333
typespec,7927,67f38b7ecdcdee1b7a20dfcd1bf4afcb,3,3,3,unique_final,1.0,0.3333
typespec,7927,1751d98b2eccd4e4581b90bd57f711e8,3,3,3,unique_final,1.0,0.3333
typespec,7927,f24da441cd96bee17eae86d1f2afb93c,3,3,3,unique_final,1.0,0.3333
typespec,7927,239eb3ecdb9a85dde057f8310ed83558,3,3,3,unique_final,1.0,0.3333
typespec,7927,1d79b7ad6c7d5a735fea79182fedfc89,3,3,3,unique_final,1.0,0.3333
typespec,7927,275dc4cb88a514b7383020b8ff8c8ed2,3,3,3,unique_final,1.0,0.3333
typespec,7927,42a3fffde34a57c4d19bac44ddfaa065,3,3,3,unique_final,1.0,0.3333
typespec,7927,351ce2a3402b24ea58b05c77c74c953b,3,3,3,unique_final,1.0,0.3333
typespec,7927,6a2f4d20387465be1add97f4b374b4e8,3,3,3,unique_final,1.0,0.3333
typespec,7927,2697f603749eda1938dec3c73a22efb9,3,3,3,unique_final,1.0,0.3333
typespec,7927,51d2c46cdd56a6e5e0422119c9521cfc,3,3,3,unique_final,1.0,0.3333
typespec,7927,6a2f4d20387465be1add97f4b374b4e8,3,3,3,unique_final,1.0,0.3333
typespec,7927,112e644e76bb4137383dae7b888e6c74,3,3,3,unique_final,1.0,0.3333
typespec,7927,02ece6449f50f06401807a8dc75a2f4a,3,3,3,unique_final,1.0,0.3333
typespec,7927,1751d98b2eccd4e4581b90bd57f711e8,3,3,3,unique_final,1.0,0.3333
typespec,7927,fdb3ee042f948ecdc71df526328ee56c,3,3,3,unique_final,1.0,0.3333
typespec,7927,ad7a275d9c9c43b0710024a33c25b8bb,3,3,3,unique_final,1.0,0.3333
typespec,7927,782874adcc7dbfc110ccc0d58a9d5dfc,3,3,3,unique_final,1.0,0.3333
typespec,7927,ad7a275d9c9c43b0710024a33c25b8bb,3,3,3,unique_final,1.0,0.3333
typespec,7927,ca540e1ad1db3443f2bcad5226f7cfc2,3,3,3,unique_final,1.0,0.3333
typespec,7927,ab064c7e6f87c91026fc0b60959386bd,3,3,3,unique_final,1.0,0.3333
typespec,7927,702e46e3b30bcf0b0f2ebc197fa4f607,3,3,3,unique_final,1.0,0.3333
typespec,7927,b83d6b471a80e4fb46463f35d383b1f4,3,3,3,unique_final,1.0,0.3333
typespec,7927,79c70b5649efcaa309d0b52cf5b5a946,3,3,3,unique_final,1.0,0.3333
typespec,7927,b474b7d7ad18d8e1eeaeaff08cf6fa37,3,3,3,unique_final,1.0,0.3333
typespec,7927,a861e1260f2bb4ddd37a282c70f62dff,3,3,3,unique_final,1.0,0.3333
typespec,7927,22918ed6d7fdc107bed96f9e30f9eb80,3,3,3,unique_final,1.0,0.3333
typespec,7927,53eb737bf67997600a80b2195c9d47bb,3,3,3,unique_final,1.0,0.3333
typespec,7927,ed25e2c6995f5242faaa1c225bf8d1bf,3,3,3,unique_final,1.0,0.3333
typespec,7927,67d1035b23ba68dcef6901999335786a,3,3,3,unique_final,1.0,0.3333
typespec,7927,0072a54bdcd9714ddba176616506f8c0,3,3,3,unique_final,1.0,0.3333
typespec,7927,dfedb65e3677a841543bfdfac4e29864,3,3,3,unique_final,1.0,0.3333
typespec,7927,b83d6b471a80e4fb46463f35d383b1f4,3,3,3,unique_final,1.0,0.3333
typespec,7927,ed84c7918853fc2641ad4a40bf09245f,3,3,3,unique_final,1.0,0.3333
typespec,7927,0c319c43330980fb7709e178a5469a20,3,3,3,unique_final,1.0,0.3333
typespec,7927,0872c6c8057e395a9f931b1e3dabf8e9,3,3,3,unique_final,1.0,0.3333
typespec,7927,45fb5d229d1a0180644e8adb19349fee,3,3,3,unique_final,1.0,0.3333
typespec,7927,b6632fe965c053c9ce31d34b2d94db4a,3,3,3,unique_final,1.0,0.3333
typespec,7927,ad7a275d9c9c43b0710024a33c25b8bb,3,3,3,unique_final,1.0,0.3333
typespec,7927,449ee951aa59166ab14be9e5e1e9fbd1,3,3,3,unique_final,1.0,0.3333
typespec,7927,a5cc082b26dbe448b847982984749662,3,3,3,unique_final,1.0,0.3333
typespec,7927,ad7a275d9c9c43b0710024a33c25b8bb,3,3,3,unique_final,1.0,0.3333
typespec,7927,ad7a275d9c9c43b0710024a33c25b8bb,3,3,3,unique_final,1.0,0.3333
typespec,7927,79c70b5649efcaa309d0b52cf5b5a946,3,3,3,unique_final,1.0,0.3333
typespec,7927,26e232a051fe59a0ababda0258370a43,3,3,3,unique_final,1.0,0.3333
typespec,7927,ab064c7e6f87c91026fc0b60959386bd,3,3,3,unique_final,1.0,0.3333
typespec,7927,ad7a275d9c9c43b0710024a33c25b8bb,3,3,3,unique_final,1.0,0.3333
typespec,7927,53eb737bf67997600a80b2195c9d47bb,3,3,3,unique_final,1.0,0.3333
typespec,7927,ff6a8fb2302fba7f75b9628455f93566,3,3,3,unique_final,1.0,0.3333
typespec,7927,239eb3ecdb9a85dde057f8310ed83558,3,3,3,unique_final,1.0,0.3333
typespec,7927,1ee5fa3a9306181380a863063d3d8c47,3,3,3,unique_final,1.0,0.3333
typespec,7927,5fec6ccd87dff7c6d53f0248371f5362,3,3,3,unique_final,1.0,0.3333
typespec,7927,0b54d63f66364bca53d2b6b8cbcd9133,3,3,3,unique_final,1.0,0.3333
typespec,7927,53eb737bf67997600a80b2195c9d47bb,3,3,3,unique_final,1.0,0.3333
typespec,7927,2356405ae240cc45f46782c7e3908baa,3,3,3,unique_final,1.0,0.3333
typespec,7927,ee2533a8ead14fb56087d4616e35fe0f,3,3,3,unique_final,1.0,0.3333
typespec,7927,dcac2e905996a5c11a328b675f85396d,3,3,3,unique_final,1.0,0.3333
typespec,7927,ad7a275d9c9c43b0710024a33c25b8bb,3,3,3,unique_final,1.0,0.3333
typespec,7927,a4e3549c7d7adf3ccf5f292b13679092,3,3,3,unique_final,1.0,0.3333
typespec,7927,51595c327ed3995b5e109120e363283a,3,3,3,unique_final,1.0,0.3333
typespec,7927,0dc1595989017144fb817678f6707676,3,3,3,unique_final,1.0,0.3333
typespec,7927,ad7a275d9c9c43b0710024a33c25b8bb,3,3,3,unique_final,1.0,0.3333
typespec,7927,98ac2cd2fed0fbb5dd87f3d614830d99,3,3,3,unique_final,1.0,0.3333
typespec,7927,77f0a61bbce24837a243952e2d3b64fc,3,3,3,unique_final,1.0,0.3333
typespec,7927,fe95d9661d1e85df1c0ad169d8f18114,3,3,3,unique_final,1.0,0.3333
typespec,7927,ad7a275d9c9c43b0710024a33c25b8bb,3,3,3,unique_final,1.0,0.3333
typespec,7927,34e9f4df2be59a4a758dde7649ff2ebf,3,3,3,unique_final,1.0,0.3333
typespec,7927,e0e8b19bf2857cc37b479c1340fa01de,3,3,3,unique_final,1.0,0.3333
typespec,7927,b83d6b471a80e4fb46463f35d383b1f4,3,3,3,unique_final,1.0,0.3333
typespec,7927,e4a5e1b46dc9fdfefd8260163952058e,3,3,3,unique_final,1.0,0.3333
typespec,7927,51595c327ed3995b5e109120e363283a,3,3,3,unique_final,1.0,0.3333
typespec,7927,6e76f68ba40c1077bca18fd0ca9192c5,3,3,3,unique_final,1.0,0.3333
typespec,7927,51595c327ed3995b5e109120e363283a,3,3,3,unique_final,1.0,0.3333
typespec,7927,9973cd645a806ff032b36a33465d3f6b,3,3,3,unique_final,1.0,0.3333
typespec,7927,419b979953131bc6920febbd9f2681a4,3,3,3,unique_final,1.0,0.3333
typespec,7927,a4e3549c7d7adf3ccf5f292b13679092,3,3,3,unique_final,1.0,0.3333
typespec,7927,66ded3c3ad5bb1ec21a18c84820ff3ff,3,3,3,unique_final,1.0,0.3333
typespec,7927,ff7e569f1c87813908dfc8864707036a,3,3,3,unique_final,1.0,0.3333
typespec,7927,7125d262c1d935a6f8b4aa68575836f8,3,3,3,unique_final,1.0,0.3333
typespec,7927,51595c327ed3995b5e109120e363283a,3,3,3,unique_final,1.0,0.3333
typespec,7927,77f0a61bbce24837a243952e2d3b64fc,3,3,3,unique_final,1.0,0.3333
typespec,7927,1c319f9e88ea2224ad2fef1acf8f1192,3,3,3,unique_final,1.0,0.3333
typespec,7927,fa2c9a3715fe574df2d0104069097a2b,3,3,3,unique_final,1.0,0.3333
typespec,7927,ab064c7e6f87c91026fc0b60959386bd,3,3,3,unique_final,1.0,0.3333
typespec,7927,f416e0cc3eb4177012a7f70597327ede,3,3,3,unique_final,1.0,0.3333
typespec,7927,e5438fca2dcd32ae5a20af3356d54729,3,3,3,unique_final,1.0,0.3333
typespec,7927,0b7d86afb58575c13377767c5cc9c03c,3,3,3,unique_final,1.0,0.3333
typespec,7927,0ddbe629b91147f03d5b735a8cbf1915,3,3,3,unique_final,1.0,0.3333
typespec,7927,55931b4c5a14744dbefa88a4ad97959d,3,3,3,unique_final,1.0,0.3333
typespec,7927,da48372ab4293447f147609a76a79082,3,3,3,unique_final,1.0,0.3333
typespec,7927,62ac7b10ef24570df8224914cd220204,3,3,3,unique_final,1.0,0.3333
typespec,7927,bb64b7f5d1ad29a071705d1171bf8263,3,3,3,unique_final,1.0,0.3333
typespec,7927,1751d98b2eccd4e4581b90bd57f711e8,3,3,3,unique_final,1.0,0.3333
typespec,7927,0cc028e1793c87e601982e29602a9957,3,3,3,unique_final,1.0,0.3333
typespec,7927,0b7d86afb58575c13377767c5cc9c03c,3,3,3,unique_final,1.0,0.3333
typespec,7927,652f0c468d8ff8a11ce5fbf05b4a4dc1,3,3,3,unique_final,1.0,0.3333
typespec,7927,18e901bd677ef93afeaa007d7b1a8bda,3,3,3,unique_final,1.0,0.3333
typespec,7927,d8966a45652503f3e781b7ffaee3dd99,3,3,3,unique_final,1.0,0.3333
typespec,7927,5bb4723d2109ce400ceb2fd21db5a978,3,3,3,unique_final,1.0,0.3333
typespec,7927,45d635938f873507cc348c870fac5eb1,3,3,3,unique_final,1.0,0.3333
typespec,7927,80c5ed59a7ab950cf045f48c9c13b3d7,3,3,3,unique_final,1.0,0.3333
typespec,7927,d3e9f55bbe18acaf54da36759c3893d7,3,3,3,unique_final,1.0,0.3333
typespec,7927,ad7a275d9c9c43b0710024a33c25b8bb,3,3,3,unique_final,1.0,0.3333
typespec,7927,34e9f4df2be59a4a758dde7649ff2ebf,3,3,3,unique_final,1.0,0.3333
typespec,7927,e886a925d7cb5ecb1cdeb0ea200f10b8,3,3,3,unique_final,1.0,0.3333
typespec,7927,ab064c7e6f87c91026fc0b60959386bd,3,3,3,unique_final,1.0,0.3333
typespec,7927,ad7a275d9c9c43b0710024a33c25b8bb,3,3,3,unique_final,1.0,0.3333
typespec,7927,51595c327ed3995b5e109120e363283a,3,3,3,unique_final,1.0,0.3333
typespec,7927,a5cc082b26dbe448b847982984749662,3,3,3,unique_final,1.0,0.3333
typespec,7927,51595c327ed3995b5e109120e363283a,3,3,3,unique_final,1.0,0.3333
typespec,7927,097fdb1e9c4d89ef0f70a894d264cef0,3,3,3,unique_final,1.0,0.3333
typespec,7927,e3fa34ef5f6d19aa23c0fd5c73a96148,3,3,3,unique_final,1.0,0.3333
typespec,7927,d6b8a3d7f6da8eb23a7199eadee46404,3,3,3,unique_final,1.0,0.3333
typespec,7927,80c5ed59a7ab950cf045f48c9c13b3d7,3,3,3,unique_final,1.0,0.3333
typespec,7927,318cd6ac46b20c5af1a44555964d3202,3,3,3,unique_final,1.0,0.3333
typespec,7927,344cc935d04889c9aa2416d8e6b639e8,3,3,3,unique_final,1.0,0.3333
typespec,7927,0b7d86afb58575c13377767c5cc9c03c,3,3,3,unique_final,1.0,0.3333
typespec,7927,2de243d71f4154aa6ba4a67948542bbc,3,3,3,unique_final,1.0,0.3333
typespec,7927,cd03c747db4f3fd4d3d100554ae5d985,3,3,3,unique_final,1.0,0.3333
typespec,7927,9fab890f56623ee41c3471d2a2412579,3,3,3,unique_final,1.0,0.3333
typespec,7927,80c5ed59a7ab950cf045f48c9c13b3d7,3,3,3,unique_final,1.0,0.3333
typespec,7927,3b1716b31723811153c5f7815388d326,3,3,3,unique_final,1.0,0.3333
typespec,7927,2897466ff4ca29c37fde9412707ab1c5,3,3,3,unique_final,1.0,0.3333
typespec,7927,b474b7d7ad18d8e1eeaeaff08cf6fa37,3,3,3,unique_final,1.0,0.3333
typespec,7927,a96fa6a3cc45d250f75af8a32a52df7a,3,3,3,unique_final,1.0,0.3333
typespec,7927,d06de0e1da8fb7d055c83fc7b23bd8bf,3,3,3,unique_final,1.0,0.3333
typespec,7927,ad7a275d9c9c43b0710024a33c25b8bb,3,3,3,unique_final,1.0,0.3333
typespec,7927,0072a54bdcd9714ddba176616506f8c0,3,3,3,unique_final,1.0,0.3333
typespec,7927,ca99c8103aa96d80f4432f87db782426,3,3,3,unique_final,1.0,0.3333
typespec,7927,51595c327ed3995b5e109120e363283a,3,3,3,unique_final,1.0,0.3333
typespec,7927,153326d2968b7feb1a3a7b460672ed8d,3,3,3,unique_final,1.0,0.3333
typespec,7927,37e347fa38236deeb7f0f13b4f32a863,3,3,3,unique_final,1.0,0.3333
typespec,7927,ad7a275d9c9c43b0710024a33c25b8bb,3,3,3,unique_final,1.0,0.3333
typespec,7927,65fc4d37c9db96b616eb26f182d0b19f,3,3,3,unique_final,1.0,0.3333
typespec,7927,ab064c7e6f87c91026fc0b60959386bd,3,3,3,unique_final,1.0,0.3333
typespec,7927,d59a351564d720136390207c77c765a2,3,3,3,unique_final,1.0,0.3333
typespec,7927,45d635938f873507cc348c870fac5eb1,3,3,3,unique_final,1.0,0.3333
typespec,7927,e20e7a23ccbd2bd10712d665fcef8e8a,3,3,3,unique_final,1.0,0.3333
typespec,7927,737e55e8913efae2a8f3188514414b33,3,3,3,unique_final,1.0,0.3333
typespec,7927,0deb79d7440ad40f1bdce2787f6350d8,3,3,3,unique_final,1.0,0.3333
typespec,7927,0b7d86afb58575c13377767c5cc9c03c,3,3,3,unique_final,1.0,0.3333
typespec,7927,d06de0e1da8fb7d055c83fc7b23bd8bf,3,3,3,unique_final,1.0,0.3333
typespec,7927,51595c327ed3995b5e109120e363283a,3,3,3,unique_final,1.0,0.3333
typespec,7927,ab064c7e6f87c91026fc0b60959386bd,3,3,3,unique_final,1.0,0.3333
typespec,7927,018f9f10e5e3d72acd515afc889d772d,3,3,3,unique_final,1.0,0.3333
typespec,7927,082a538df9c7c49edde81c1c29a5e2ae,3,3,3,unique_final,1.0,0.3333
typespec,7927,ba291445c2d4539f5cce54c9ebf6a7fd,3,3,3,unique_final,1.0,0.3333
typespec,7927,4bb97d9eba79d581e361371c194c9b29,3,3,3,unique_final,1.0,0.3333
typespec,7927,15c0297994979e144f873c5fbf0c142e,3,3,3,unique_final,1.0,0.3333
typespec,7927,ff47fc67a03401205aa50e7670b3e014,3,3,3,unique_final,1.0,0.3333
typespec,7927,b7eb86d9bdf055a7628070ce7f87394e,3,3,3,unique_final,1.0,0.3333
typespec,7927,8ee9c80b8b65d83148a05e0103aa90ca,3,3,3,unique_final,1.0,0.3333
typespec,7927,3dfa0a2331eb7c43d96c3b1ab5c87aac,3,3,3,unique_final,1.0,0.3333
typespec,7927,0872c6c8057e395a9f931b1e3dabf8e9,3,3,3,unique_final,1.0,0.3333
typespec,7927,b3066f936547d96a53cce5cfcdb0fc46,3,3,3,unique_final,1.0,0.3333
typespec,7927,52014c1f067ad3d0e1349659a4b0b166,3,3,3,unique_final,1.0,0.3333
typespec,7927,b474b7d7ad18d8e1eeaeaff08cf6fa37,3,3,3,unique_final,1.0,0.3333
typespec,7927,0ec8f57013bf44e6c2e8588aa915ced3,3,3,3,unique_final,1.0,0.3333
typespec,7927,c91b148486c8b579a74a5fdb83281c8e,3,3,3,unique_final,1.0,0.3333
typespec,7927,51398ceae7102538e3ff76100ee6e0ff,3,3,3,unique_final,1.0,0.3333
typespec,7927,cd03c747db4f3fd4d3d100554ae5d985,3,3,3,unique_final,1.0,0.3333
typespec,7927,ab064c7e6f87c91026fc0b60959386bd,3,3,3,unique_final,1.0,0.3333
typespec,7927,34e9f4df2be59a4a758dde7649ff2ebf,3,3,3,unique_final,1.0,0.3333
typespec,7927,53eb737bf67997600a80b2195c9d47bb,3,3,3,unique_final,1.0,0.3333
typespec,7927,d6b7a9ba5ae608b0294cfd7464d6e290,3,3,3,unique_final,1.0,0.3333
typespec,7927,5b879b6b8637841dda620ec687e47823,3,3,3,unique_final,1.0,0.3333
typespec,7927,51595c327ed3995b5e109120e363283a,3,3,3,unique_final,1.0,0.3333
typespec,7927,0b7d86afb58575c13377767c5cc9c03c,3,3,3,unique_final,1.0,0.3333
typespec,7927,98ac2cd2fed0fbb5dd87f3d614830d99,3,3,3,unique_final,1.0,0.3333
typespec,7927,776523d3ced5330a678381dbaceb383c,3,3,3,unique_final,1.0,0.3333
typespec,7927,e3fa34ef5f6d19aa23c0fd5c73a96148,3,3,3,unique_final,1.0,0.3333
typespec,7927,ab064c7e6f87c91026fc0b60959386bd,3,3,3,unique_final,1.0,0.3333
typespec,7927,49b407ff0b634d801595eba08f1425ea,3,3,3,unique_final,1.0,0.3333
typespec,7927,efc13cbd499af34aa2387fae6a048a94,3,3,3,unique_final,1.0,0.3333
typespec,7927,7922de4162ca8706b016d80cafe816d5,3,3,3,unique_final,1.0,0.3333
typespec,7927,0cc028e1793c87e601982e29602a9957,3,3,3,unique_final,1.0,0.3333
typespec,7927,0cc028e1793c87e601982e29602a9957,3,3,3,unique_final,1.0,0.3333
typespec,7927,c7b6725833a8c617764e4fc9184d9b58,3,3,3,unique_final,1.0,0.3333
typespec,7927,77f0a61bbce24837a243952e2d3b64fc,3,3,3,unique_final,1.0,0.3333
typespec,7927,51595c327ed3995b5e109120e363283a,3,3,3,unique_final,1.0,0.3333
typespec,7927,0bd6cb63d5aebe2fa7feb857124e975c,3,3,3,unique_final,1.0,0.3333
typespec,7927,0b7d86afb58575c13377767c5cc9c03c,3,3,3,unique_final,1.0,0.3333
typespec,7927,fde30531ff4e82b2a858a23dea52f018,3,3,3,unique_final,1.0,0.3333
typespec,7927,e0cd4a0538fd2a3ee0b4f9574cfdcbe8,3,3,3,unique_final,1.0,0.3333
typespec,7927,2100f84ade72a6656507918ec6f90b84,3,3,3,unique_final,1.0,0.3333
typespec,7927,0ec8f57013bf44e6c2e8588aa915ced3,3,3,3,unique_final,1.0,0.3333
typespec,7927,02ece6449f50f06401807a8dc75a2f4a,3,3,3,unique_final,1.0,0.3333
typespec,7927,3b1716b31723811153c5f7815388d326,3,3,3,unique_final,1.0,0.3333
typespec,7927,85c3caf4254e5e3f5f5b3931603c5d0e,3,3,3,unique_final,1.0,0.3333
typespec,7927,6d294a561485756a747d4434b18797bf,3,3,3,unique_final,1.0,0.3333
typespec,7927,ad7a275d9c9c43b0710024a33c25b8bb,3,3,3,unique_final,1.0,0.3333
typespec,7927,239eb3ecdb9a85dde057f8310ed83558,3,3,3,unique_final,1.0,0.3333
typespec,7927,ab064c7e6f87c91026fc0b60959386bd,3,3,3,unique_final,1.0,0.3333
typespec,7927,57d4727c88f36ebb29d09d28ac223970,3,3,3,unique_final,1.0,0.3333
typespec,7927,5618d00138b28d61d69a1321dd2e6b0c,3,3,3,unique_final,1.0,0.3333
typespec,7927,112e644e76bb4137383dae7b888e6c74,3,3,3,unique_final,1.0,0.3333
typespec,7927,51595c327ed3995b5e109120e363283a,3,3,3,unique_final,1.0,0.3333
typespec,7927,62d45a7c090375cbf68bfb3c510b12c3,3,3,3,unique_final,1.0,0.3333
typespec,7927,1b418a00c5c5853dcc154288ac0f4ba3,3,3,3,unique_final,1.0,0.3333
typespec,7927,6a2f4d20387465be1add97f4b374b4e8,3,3,3,unique_final,1.0,0.3333
typespec,7927,7922de4162ca8706b016d80cafe816d5,3,3,3,unique_final,1.0,0.3333
typespec,7927,d81d99b2953ad9d39c315ce7d8ec239b,3,3,3,unique_final,1.0,0.3333
typespec,7927,51595c327ed3995b5e109120e363283a,3,3,3,unique_final,1.0,0.3333
typespec,7927,c199a95711ce6fc491a1f8e05e58751b,3,3,3,unique_final,1.0,0.3333
typespec,7927,65fc4d37c9db96b616eb26f182d0b19f,3,3,3,unique_final,1.0,0.3333
typespec,7927,51398ceae7102538e3ff76100ee6e0ff,3,3,3,unique_final,1.0,0.3333
typespec,7927,01ad99699a2011dc37a358191bc544da,3,3,3,unique_final,1.0,0.3333
typespec,7927,ab064c7e6f87c91026fc0b60959386bd,3,3,3,unique_final,1.0,0.3333
typespec,7927,0b7d86afb58575c13377767c5cc9c03c,3,3,3,unique_final,1.0,0.3333
typespec,7927,8c7deabd1f4695de86ddcae4039bb773,3,3,3,unique_final,1.0,0.3333
typespec,7927,5ecd9aa09b2218928e9ee60337e0c316,3,3,3,unique_final,1.0,0.3333
typespec,7927,e20e7a23ccbd2bd10712d665fcef8e8a,3,3,3,unique_final,1.0,0.3333
typespec,7927,ab064c7e6f87c91026fc0b60959386bd,3,3,3,unique_final,1.0,0.3333
typespec,7927,68baea2b8c7cb2880570426917012a32,3,3,3,unique_final,1.0,0.3333
typespec,7927,02ece6449f50f06401807a8dc75a2f4a,3,3,3,unique_final,1.0,0.3333
typespec,7927,4942221a7036a47dc3c13da638d8f9c3,3,3,3,unique_final,1.0,0.3333
typespec,7927,0b7d86afb58575c13377767c5cc9c03c,3,3,3,unique_final,1.0,0.3333
typespec,7927,60853020de1b7573de2153fb294461fc,3,3,3,unique_final,1.0,0.3333
typespec,7927,d6ac42724d3d7d16226273c2810d2f51,3,3,3,unique_final,1.0,0.3333
typespec,7927,441e071caba4ad11de00bacd04fd3359,3,3,3,unique_final,1.0,0.3333
typespec,7927,02551d0440bba0827c896cd772a62c97,3,3,3,unique_final,1.0,0.3333
typespec,7927,4ff6b2c17af4aa6096f3fbe4eb9247e5,3,3,3,unique_final,1.0,0.3333
typespec,7927,6d05f97f36c592f8467809e47ff755f3,3,3,3,unique_final,1.0,0.3333
typespec,7927,dc535de20b14e346a34594c27b1a7f04,3,3,3,unique_final,1.0,0.3333
typespec,7927,ab064c7e6f87c91026fc0b60959386bd,3,3,3,unique_final,1.0,0.3333
typespec,7927,ab064c7e6f87c91026fc0b60959386bd,3,3,3,unique_final,1.0,0.3333
typespec,7927,a4e3549c7d7adf3ccf5f292b13679092,3,3,3,unique_final,1.0,0.3333
typespec,7927,9c13b8b38c6957b65443e6b0647f1d21,3,3,3,unique_final,1.0,0.3333
typespec,7927,d6c93abe14d6c75ece9875c374cfa868,3,3,3,unique_final,1.0,0.3333
typespec,7927,0b54d63f66364bca53d2b6b8cbcd9133,3,3,3,unique_final,1.0,0.3333
typespec,7927,01ad99699a2011dc37a358191bc544da,3,3,3,unique_final,1.0,0.3333
typespec,7927,b474b7d7ad18d8e1eeaeaff08cf6fa37,3,3,3,unique_final,1.0,0.3333
typespec,7927,ad7a275d9c9c43b0710024a33c25b8bb,3,3,3,unique_final,1.0,0.3333
typespec,7927,1d79b7ad6c7d5a735fea79182fedfc89,3,3,3,unique_final,1.0,0.3333
typespec,7927,ad7a275d9c9c43b0710024a33c25b8bb,3,3,3,unique_final,1.0,0.3333
typespec,7927,6d96b70c564ab4d9f228b4c9effa55bb,3,3,3,unique_final,1.0,0.3333
typespec,7927,0ec8f57013bf44e6c2e8588aa915ced3,3,3,3,unique_final,1.0,0.3333
typespec,7927,776523d3ced5330a678381dbaceb383c,3,3,3,unique_final,1.0,0.3333
typespec,7927,ad7a275d9c9c43b0710024a33c25b8bb,3,3,3,unique_final,1.0,0.3333
typespec,7927,bd830d8dbba6c457072b9f47287f4cd6,3,3,3,unique_final,1.0,0.3333
typespec,7927,51595c327ed3995b5e109120e363283a,3,3,3,unique_final,1.0,0.3333
typespec,7927,7125d262c1d935a6f8b4aa68575836f8,3,3,3,unique_final,1.0,0.3333
typespec,7927,e3fa34ef5f6d19aa23c0fd5c73a96148,3,3,3,unique_final,1.0,0.3333
typespec,7927,e6628ff69866abec669416ba2957a818,3,3,3,unique_final,1.0,0.3333
typespec,7927,ad7a275d9c9c43b0710024a33c25b8bb,3,3,3,unique_final,1.0,0.3333
typespec,7927,1b98484537fb2a40c99d188dbc2261b7,3,3,3,unique_final,1.0,0.3333
typespec,7927,a066f44dccd05ac102e36800c03e8ffc,3,3,3,unique_final,1.0,0.3333
typespec,7927,d5b6177c5443ffd0a22bf1c5b819e016,3,3,3,unique_final,1.0,0.3333
typespec,7927,702e46e3b30bcf0b0f2ebc197fa4f607,3,3,3,unique_final,1.0,0.3333
typespec,7927,d6ac42724d3d7d16226273c2810d2f51,3,3,3,unique_final,1.0,0.3333
typespec,7927,6b91d157cc847f582941fcad66de032a,3,3,3,unique_final,1.0,0.3333
typespec,7927,9f046ab98cf24b6a70e63250f446ed70,3,3,3,unique_final,1.0,0.3333
typespec,7927,2aa049504fd5a729acbd1da463bb68b9,3,3,3,unique_final,1.0,0.3333
typespec,7927,24ea1d200d1b4b8c1b27b79869664100,3,3,3,unique_final,1.0,0.3333
typespec,7927,ad7a275d9c9c43b0710024a33c25b8bb,3,3,3,unique_final,1.0,0.3333
typespec,7927,62ac7b10ef24570df8224914cd220204,3,3,3,unique_final,1.0,0.3333
typespec,7927,b28f671c37cc4a3fefa7350e73c2d64e,3,3,3,unique_final,1.0,0.3333
typespec,7927,a90b8871b8a74c5856dccf39e8a1b4a6,3,3,3,unique_final,1.0,0.3333
typespec,7927,c55a0828ce9b16e57b3c8304633c177e,3,3,3,unique_final,1.0,0.3333
typespec,7927,065c5d29eeb83ad0d8556c1c7fddfb46,3,3,3,unique_final,1.0,0.3333
typespec,7927,c8d61dfbd7f6c4c7a94dc32d818ec3fb,3,3,3,unique_final,1.0,0.3333
typespec,7927,dcef90c46ad7abf1a2da2566ca0e9ed6,3,3,3,unique_final,1.0,0.3333
typespec,7927,d1ceffc4b5ec0f77a48aca75c82c8736,3,3,3,unique_final,1.0,0.3333
typespec,7927,ff6a8fb2302fba7f75b9628455f93566,3,3,3,unique_final,1.0,0.3333
typespec,7927,9c45d4b9d5cc1ae90f7cb1a069eab5d2,3,3,3,unique_final,1.0,0.3333
typespec,7927,42a3fffde34a57c4d19bac44ddfaa065,3,3,3,unique_final,1.0,0.3333
typespec,7927,71c108213b1be5d31f7efc040ce7e5b3,3,3,3,unique_final,1.0,0.3333
typespec,7927,dfedb65e3677a841543bfdfac4e29864,3,3,3,unique_final,1.0,0.3333
typespec,7927,0dc1595989017144fb817678f6707676,3,3,3,unique_final,1.0,0.3333
typespec,7927,239eb3ecdb9a85dde057f8310ed83558,3,3,3,unique_final,1.0,0.3333
typespec,7927,4e9347d56baba525a672a38f9ccde0a6,3,3,3,unique_final,1.0,0.3333
typespec,7927,d81d99b2953ad9d39c315ce7d8ec239b,3,3,3,unique_final,1.0,0.3333
typespec,7927,67f38b7ecdcdee1b7a20dfcd1bf4afcb,3,3,3,unique_final,1.0,0.3333
typespec,7927,37e347fa38236deeb7f0f13b4f32a863,3,3,3,unique_final,1.0,0.3333
typespec,7927,652f0c468d8ff8a11ce5fbf05b4a4dc1,3,3,3,unique_final,1.0,0.3333
typespec,7927,112e644e76bb4137383dae7b888e6c74,3,3,3,unique_final,1.0,0.3333
typespec,7927,ed84c7918853fc2641ad4a40bf09245f,3,3,3,unique_final,1.0,0.3333
typespec,7927,c1fceb52efe7bff0280c59588475ecc5,3,3,3,unique_final,1.0,0.3333
typespec,7927,f16afd903ae66033aaa1f38e8c169595,3,3,3,unique_final,1.0,0.3333
typespec,7927,ad7a275d9c9c43b0710024a33c25b8bb,3,3,3,unique_final,1.0,0.3333
typespec,7927,4c255fd5a8063f0a31491907adfb089b,3,3,3,unique_final,1.0,0.3333
typespec,7927,68e5cd1a99251c3cbc25ec4caa2de609,3,3,3,unique_final,1.0,0.3333
typespec,7927,ca1bde11fc1c9868196928aff9386da9,3,3,3,unique_final,1.0,0.3333
typespec,7927,0ec8f57013bf44e6c2e8588aa915ced3,3,3,3,unique_final,1.0,0.3333
typespec,7927,1381d13cd6330efb30e00886fadb3ecf,3,3,3,unique_final,1.0,0.3333
typespec,7927,c1fceb52efe7bff0280c59588475ecc5,3,3,3,unique_final,1.0,0.3333
typespec,7927,6d0eae35494c86a0b000267e39142ebc,3,3,3,unique_final,1.0,0.3333
typespec,7927,57df95e54242863c6c00de789fa41f7d,3,3,3,unique_final,1.0,0.3333
typespec,7927,15c0297994979e144f873c5fbf0c142e,3,3,3,unique_final,1.0,0.3333
typespec,7927,68f1c637a25cec4b9844809b33392de7,3,3,3,unique_final,1.0,0.3333
typespec,7927,2de243d71f4154aa6ba4a67948542bbc,3,3,3,unique_final,1.0,0.3333
typespec,7927,36a79adad762355f84342e4bde9e34ac,3,3,3,unique_final,1.0,0.3333
typespec,7927,ab064c7e6f87c91026fc0b60959386bd,3,3,3,unique_final,1.0,0.3333
typespec,7927,f416e0cc3eb4177012a7f70597327ede,3,3,3,unique_final,1.0,0.3333
typespec,7927,51595c327ed3995b5e109120e363283a,3,3,3,unique_final,1.0,0.3333
typespec,7927,27b0f9d4e9766d0bbcfbc2a9e1c14001,3,3,3,unique_final,1.0,0.3333
typespec,7927,ca99c8103aa96d80f4432f87db782426,3,3,3,unique_final,1.0,0.3333
typespec,7927,0ec8f57013bf44e6c2e8588aa915ced3,3,3,3,unique_final,1.0,0.3333
typespec,7927,dfedb65e3677a841543bfdfac4e29864,3,3,3,unique_final,1.0,0.3333
typespec,7927,51595c327ed3995b5e109120e363283a,3,3,3,unique_final,1.0,0.3333
typespec,7927,26352f80b24873b4452f3ce2e49494b4,3,3,3,unique_final,1.0,0.3333
typespec,7927,26e232a051fe59a0ababda0258370a43,3,3,3,unique_final,1.0,0.3333
typespec,7927,e5438fca2dcd32ae5a20af3356d54729,3,3,3,unique_final,1.0,0.3333
typespec,7927,cd99c87188e8244a109ff66590d4f294,3,3,3,unique_final,1.0,0.3333
typespec,7927,c55a0828ce9b16e57b3c8304633c177e,3,3,3,unique_final,1.0,0.3333
typespec,7927,fdb3ee042f948ecdc71df526328ee56c,3,3,3,unique_final,1.0,0.3333
typespec,7927,239eb3ecdb9a85dde057f8310ed83558,3,3,3,unique_final,1.0,0.3333
typespec,7927,5b879b6b8637841dda620ec687e47823,3,3,3,unique_final,1.0,0.3333
typespec,7927,ad7a275d9c9c43b0710024a33c25b8bb,3,3,3,unique_final,1.0,0.3333
typespec,7927,ab064c7e6f87c91026fc0b60959386bd,3,3,3,unique_final,1.0,0.3333
typespec,7927,0cc028e1793c87e601982e29602a9957,3,3,3,unique_final,1.0,0.3333
typespec,7927,ad7a275d9c9c43b0710024a33c25b8bb,3,3,3,unique_final,1.0,0.3333
typespec,7927,35fd02453a238702f1cd9dbbefb524bb,3,3,3,unique_final,1.0,0.3333
typespec,7927,8fea4dcb5b653cb4444959f13695cdca,3,3,3,unique_final,1.0,0.3333
typespec,7927,f514cf96ddda2442e9a61476b9d59a91,3,3,3,unique_final,1.0,0.3333
typespec,7927,86a7ae4a83242fc432d602890f15afee,3,3,3,unique_final,1.0,0.3333
typespec,7927,b83d6b471a80e4fb46463f35d383b1f4,3,3,3,unique_final,1.0,0.3333
typespec,7927,b83d6b471a80e4fb46463f35d383b1f4,3,3,3,unique_final,1.0,0.3333
typespec,7927,51595c327ed3995b5e109120e363283a,3,3,3,unique_final,1.0,0.3333
typespec,7927,7a3fbfffceea5fce3dcde2be64a5a698,3,3,3,unique_final,1.0,0.3333
typespec,7927,b0ca204203ed44da4cbbd8581ea00baf,3,3,3,unique_final,1.0,0.3333
typespec,7927,ad7a275d9c9c43b0710024a33c25b8bb,3,3,3,unique_final,1.0,0.3333
typespec,7927,c222d01b9afdb2a8d7226e015bae2ccb,3,3,3,unique_final,1.0,0.3333
typespec,7927,ad7a275d9c9c43b0710024a33c25b8bb,3,3,3,unique_final,1.0,0.3333
typespec,7927,51595c327ed3995b5e109120e363283a,3,3,3,unique_final,1.0,0.3333
typespec,7927,c186ac03aa74ce332c20ed6765bc1c2c,3,3,3,unique_final,1.0,0.3333
typespec,7927,ab064c7e6f87c91026fc0b60959386bd,3,3,3,unique_final,1.0,0.3333
typespec,7927,6d41e31076efa10c912c070a08598849,3,3,3,unique_final,1.0,0.3333
typespec,7927,a4e3549c7d7adf3ccf5f292b13679092,3,3,3,unique_final,1.0,0.3333
typespec,7927,02ece6449f50f06401807a8dc75a2f4a,3,3,3,unique_final,1.0,0.3333
typespec,7927,702e46e3b30bcf0b0f2ebc197fa4f607,3,3,3,unique_final,1.0,0.3333
typespec,7927,6d0eae35494c86a0b000267e39142ebc,3,3,3,unique_final,1.0,0.3333
typespec,7927,d6b7a9ba5ae608b0294cfd7464d6e290,3,3,3,unique_final,1.0,0.3333
typespec,7927,e0e8b19bf2857cc37b479c1340fa01de,3,3,3,unique_final,1.0,0.3333
typespec,7927,d716951b335ae7787f4ab4188cbeede3,3,3,3,unique_final,1.0,0.3333
typespec,7927,833d2f8e1e3139e9ae4c99a4b8f9bd1b,3,3,3,unique_final,1.0,0.3333
typespec,7927,ed84c7918853fc2641ad4a40bf09245f,3,3,3,unique_final,1.0,0.3333
typespec,7927,e886a925d7cb5ecb1cdeb0ea200f10b8,3,3,3,unique_final,1.0,0.3333
typespec,7927,ee2533a8ead14fb56087d4616e35fe0f,3,3,3,unique_final,1.0,0.3333
typespec,7927,2c13f66151019fbfc0d7afb3890aac2d,3,3,3,unique_final,1.0,0.3333
typespec,7927,0cc028e1793c87e601982e29602a9957,3,3,3,unique_final,1.0,0.3333
typespec,7927,ad7a275d9c9c43b0710024a33c25b8bb,3,3,3,unique_final,1.0,0.3333
typespec,7927,a4e3549c7d7adf3ccf5f292b13679092,3,3,3,unique_final,1.0,0.3333
typespec,7927,51595c327ed3995b5e109120e363283a,3,3,3,unique_final,1.0,0.3333
typespec,7927,d5b6177c5443ffd0a22bf1c5b819e016,3,3,3,unique_final,1.0,0.3333
typespec,7927,d3976622cdc166201d8c4a0940385560,3,3,3,unique_final,1.0,0.3333
typespec,7927,51595c327ed3995b5e109120e363283a,3,3,3,unique_final,1.0,0.3333
typespec,7927,96c8bf0b3ddc4c75fc2d23e6195f198f,3,3,3,unique_final,1.0,0.3333
typespec,7927,abef531aed3ae37609793dcc0b83e72f,3,3,3,unique_final,1.0,0.3333
typespec,7927,ab064c7e6f87c91026fc0b60959386bd,3,3,3,unique_final,1.0,0.3333
typespec,7927,0b7d86afb58575c13377767c5cc9c03c,3,3,3,unique_final,1.0,0.3333
typespec,7927,5ecd9aa09b2218928e9ee60337e0c316,3,3,3,unique_final,1.0,0.3333
typespec,7927,9d9b6d200f511f7ccd0ffa07541fb2cc,3,3,3,unique_final,1.0,0.3333
typespec,7927,67f38b7ecdcdee1b7a20dfcd1bf4afcb,3,3,3,unique_final,1.0,0.3333
typespec,7927,ab064c7e6f87c91026fc0b60959386bd,3,3,3,unique_final,1.0,0.3333
typespec,7927,3207b5124297254a80971913c3d1d1b4,3,3,3,unique_final,1.0,0.3333
typespec,7927,51595c327ed3995b5e109120e363283a,3,3,3,unique_final,1.0,0.3333
typespec,7927,ab064c7e6f87c91026fc0b60959386bd,3,3,3,unique_final,1.0,0.3333
typespec,7927,0b7d86afb58575c13377767c5cc9c03c,3,3,3,unique_final,1.0,0.3333
typespec,7927,082a538df9c7c49edde81c1c29a5e2ae,3,3,3,unique_final,1.0,0.3333
typespec,7927,3b962b03513c943938646af0bc050550,3,3,3,unique_final,1.0,0.3333
typespec,7927,51595c327ed3995b5e109120e363283a,3,3,3,unique_final,1.0,0.3333
typespec,7927,51595c327ed3995b5e109120e363283a,3,3,3,unique_final,1.0,0.3333
typespec,7927,fde30531ff4e82b2a858a23dea52f018,3,3,3,unique_final,1.0,0.3333
typespec,7927,c2ec2c60395e28eceeea065895afccf9,3,3,3,unique_final,1.0,0.3333
typespec,7927,a03133b02ee50209592aec598d17a48f,3,3,3,unique_final,1.0,0.3333
typespec,7927,a96fa6a3cc45d250f75af8a32a52df7a,3,3,3,unique_final,1.0,0.3333
typespec,7927,b83d6b471a80e4fb46463f35d383b1f4,3,3,3,unique_final,1.0,0.3333
typespec,7927,ad7a275d9c9c43b0710024a33c25b8bb,3,3,3,unique_final,1.0,0.3333
typespec,7927,ab064c7e6f87c91026fc0b60959386bd,3,3,3,unique_final,1.0,0.3333
typespec,7927,5a87b6546e39e4a7d58f7e2a0e534ec7,3,3,3,unique_final,1.0,0.3333
typespec,7927,51595c327ed3995b5e109120e363283a,3,3,3,unique_final,1.0,0.3333
typespec,7927,6d05f97f36c592f8467809e47ff755f3,3,3,3,unique_final,1.0,0.3333
typespec,7927,1751d98b2eccd4e4581b90bd57f711e8,3,3,3,unique_final,1.0,0.3333
typespec,7927,4505cfb1cbb4fe42d672ff54b07fc4ae,3,3,3,unique_final,1.0,0.3333
typespec,7927,9d622bab1320bebee661e68f791cb7f4,3,3,3,unique_final,1.0,0.3333
typespec,7927,65fc4d37c9db96b616eb26f182d0b19f,3,3,3,unique_final,1.0,0.3333
typespec,7927,79177bb0b4ca5806cf61e25420cb6c20,3,3,3,unique_final,1.0,0.3333
typespec,7927,449ee951aa59166ab14be9e5e1e9fbd1,3,3,3,unique_final,1.0,0.3333
typespec,7927,1966139cac4db65967368104996da8e4,3,3,3,unique_final,1.0,0.3333
typespec,7927,ad7a275d9c9c43b0710024a33c25b8bb,3,3,3,unique_final,1.0,0.3333
typespec,7927,3b1716b31723811153c5f7815388d326,3,3,3,unique_final,1.0,0.3333
typespec,7927,51595c327ed3995b5e109120e363283a,3,3,3,unique_final,1.0,0.3333
typespec,7927,48916f6bb1c8acc4232ed8681a521dce,3,3,3,unique_final,1.0,0.3333
typespec,7927,74a05b8cae6909585b6fa8863e6802fa,3,3,3,unique_final,1.0,0.3333
typespec,7927,48916f6bb1c8acc4232ed8681a521dce,3,3,3,unique_final,1.0,0.3333
typespec,7927,ee6d6a8a7003f25750ab6667f33a545f,3,3,3,unique_final,1.0,0.3333
typespec,7927,51595c327ed3995b5e109120e363283a,3,3,3,unique_final,1.0,0.3333
typespec,7927,51595c327ed3995b5e109120e363283a,3,3,3,unique_final,1.0,0.3333
typespec,7927,a90b8871b8a74c5856dccf39e8a1b4a6,3,3,3,unique_final,1.0,0.3333
typespec,7927,b6632fe965c053c9ce31d34b2d94db4a,3,3,3,unique_final,1.0,0.3333
typespec,7927,26e232a051fe59a0ababda0258370a43,3,3,3,unique_final,1.0,0.3333
typespec,7927,51595c327ed3995b5e109120e363283a,3,3,3,unique_final,1.0,0.3333
typespec,7927,0ec8f57013bf44e6c2e8588aa915ced3,3,3,3,unique_final,1.0,0.3333
typespec,7927,0deb79d7440ad40f1bdce2787f6350d8,3,3,3,unique_final,1.0,0.3333
typespec,7927,37b694272374ddf5f62ca85af73bbf8b,3,3,3,unique_final,1.0,0.3333
typespec,7927,c8d61dfbd7f6c4c7a94dc32d818ec3fb,3,3,3,unique_final,1.0,0.3333
typespec,7927,24ea1d200d1b4b8c1b27b79869664100,3,3,3,unique_final,1.0,0.3333
typespec,7927,51595c327ed3995b5e109120e363283a,3,3,3,unique_final,1.0,0.3333
typespec,7927,d06de0e1da8fb7d055c83fc7b23bd8bf,3,3,3,unique_final,1.0,0.3333
typespec,7927,85c3caf4254e5e3f5f5b3931603c5d0e,3,3,3,unique_final,1.0,0.3333
typespec,7927,63af8766e3d853c220fceb3def879531,3,3,3,unique_final,1.0,0.3333
typespec,7927,ca540e1ad1db3443f2bcad5226f7cfc2,3,3,3,unique_final,1.0,0.3333
typespec,7927,ad7a275d9c9c43b0710024a33c25b8bb,3,3,3,unique_final,1.0,0.3333
typespec,7927,d6ac42724d3d7d16226273c2810d2f51,3,3,3,unique_final,1.0,0.3333
typespec,7927,0b7d86afb58575c13377767c5cc9c03c,3,3,3,unique_final,1.0,0.3333
typespec,7927,0ec8f57013bf44e6c2e8588aa915ced3,3,3,3,unique_final,1.0,0.3333
typespec,7927,ad7a275d9c9c43b0710024a33c25b8bb,3,3,3,unique_final,1.0,0.3333
typespec,7927,dc535de20b14e346a34594c27b1a7f04,3,3,3,unique_final,1.0,0.3333
typespec,7927,ab064c7e6f87c91026fc0b60959386bd,3,3,3,unique_final,1.0,0.3333
typespec,7927,7c98d420938884c6697ee78a40cd98c0,3,3,3,unique_final,1.0,0.3333
typespec,7927,50c56a168090c4698ed913cc46b4a75d,3,3,3,unique_final,1.0,0.3333
typespec,7927,68e5cd1a99251c3cbc25ec4caa2de609,3,3,3,unique_final,1.0,0.3333
typespec,7927,7c98d420938884c6697ee78a40cd98c0,3,3,3,unique_final,1.0,0.3333
typespec,7927,1ee5fa3a9306181380a863063d3d8c47,3,3,3,unique_final,1.0,0.3333
typespec,7927,51595c327ed3995b5e109120e363283a,3,3,3,unique_final,1.0,0.3333
typespec,7927,3797daa7ee6e8c8489cf91ee46059380,3,3,3,unique_final,1.0,0.3333
typespec,7927,ad7a275d9c9c43b0710024a33c25b8bb,3,3,3,unique_final,1.0,0.3333
typespec,7927,dc1c99646d97e3f9bdf9189f4b54adc8,3,3,3,unique_final,1.0,0.3333
typespec,7927,34e9f4df2be59a4a758dde7649ff2ebf,3,3,3,unique_final,1.0,0.3333
typespec,7927,7c98d420938884c6697ee78a40cd98c0,3,3,3,unique_final,1.0,0.3333
typespec,7927,ad7a275d9c9c43b0710024a33c25b8bb,3,3,3,unique_final,1.0,0.3333
typespec,7927,3b962b03513c943938646af0bc050550,3,3,3,unique_final,1.0,0.3333
typespec,7927,51595c327ed3995b5e109120e363283a,3,3,3,unique_final,1.0,0.3333
typespec,7927,43f3b4c6578e13c836296eb0dfd616ea,3,3,3,unique_final,1.0,0.3333
typespec,7927,9f046ab98cf24b6a70e63250f446ed70,3,3,3,unique_final,1.0,0.3333
typespec,7927,9101fc0625ccd6830a38b96883a85964,3,3,3,unique_final,1.0,0.3333
typespec,7927,26e232a051fe59a0ababda0258370a43,3,3,3,unique_final,1.0,0.3333
typespec,7927,da48372ab4293447f147609a76a79082,3,3,3,unique_final,1.0,0.3333
typespec,7927,d622b78bed8783af0fcf3c2f851c81ac,3,3,3,unique_final,1.0,0.3333
typespec,7927,cd03c747db4f3fd4d3d100554ae5d985,3,3,3,unique_final,1.0,0.3333
typespec,7927,c81b487ac5c24e3f969bf8b843eb584f,3,3,3,unique_final,1.0,0.3333
typespec,7927,51595c327ed3995b5e109120e363283a,3,3,3,unique_final,1.0,0.3333
typespec,7927,a861e1260f2bb4ddd37a282c70f62dff,3,3,3,unique_final,1.0,0.3333
typespec,7927,ab064c7e6f87c91026fc0b60959386bd,3,3,3,unique_final,1.0,0.3333
typespec,7927,ee6d6a8a7003f25750ab6667f33a545f,3,3,3,unique_final,1.0,0.3333
typespec,7927,51595c327ed3995b5e109120e363283a,3,3,3,unique_final,1.0,0.3333
typespec,7927,8f2879388b017a27d4655b6a356c3473,3,3,3,unique_final,1.0,0.3333
typespec,7927,6fe778b54783c68f2eebafb6fcafd8c4,3,3,3,unique_final,1.0,0.3333
typespec,7927,f95941b365f55ca25148fd4d7db2e7ac,3,3,3,unique_final,1.0,0.3333
typespec,7927,0cc028e1793c87e601982e29602a9957,3,3,3,unique_final,1.0,0.3333
typespec,7927,702e46e3b30bcf0b0f2ebc197fa4f607,3,3,3,unique_final,1.0,0.3333
typespec,7927,2d5ec40a83bdad87c4cc9d5d89ee252c,3,3,3,unique_final,1.0,0.3333
typespec,7927,c2ec2c60395e28eceeea065895afccf9,3,3,3,unique_final,1.0,0.3333
typespec,7927,ab064c7e6f87c91026fc0b60959386bd,3,3,3,unique_final,1.0,0.3333
typespec,7927,441e071caba4ad11de00bacd04fd3359,3,3,3,unique_final,1.0,0.3333
typespec,7927,0cc028e1793c87e601982e29602a9957,3,3,3,unique_final,1.0,0.3333
typespec,7927,51595c327ed3995b5e109120e363283a,3,3,3,unique_final,1.0,0.3333
typespec,7927,cc58e746e31077322159443e17edd6ad,3,3,3,unique_final,1.0,0.3333
typespec,7927,27d5a50638e8f7a6f2f6e25ce108c24a,3,3,3,unique_final,1.0,0.3333
typespec,7927,5bb4723d2109ce400ceb2fd21db5a978,3,3,3,unique_final,1.0,0.3333
typespec,7927,8f2879388b017a27d4655b6a356c3473,3,3,3,unique_final,1.0,0.3333
typespec,7927,4bbb6db92d9c610ad23d732ac798c944,3,3,3,unique_final,1.0,0.3333
typespec,7927,ed25e2c6995f5242faaa1c225bf8d1bf,3,3,3,unique_final,1.0,0.3333
typespec,7927,ad7a275d9c9c43b0710024a33c25b8bb,3,3,3,unique_final,1.0,0.3333
typespec,7927,1fd2deb9be55e213b61a40793e7d9c75,3,3,3,unique_final,1.0,0.3333
typespec,7927,0b7d86afb58575c13377767c5cc9c03c,3,3,3,unique_final,1.0,0.3333
typespec,7927,6d0eae35494c86a0b000267e39142ebc,3,3,3,unique_final,1.0,0.3333
typespec,7927,1751d98b2eccd4e4581b90bd57f711e8,3,3,3,unique_final,1.0,0.3333
typespec,7927,ad7a275d9c9c43b0710024a33c25b8bb,3,3,3,unique_final,1.0,0.3333
typespec,7927,db882b6e218279452c931e22002a6e6f,3,3,3,unique_final,1.0,0.3333
typespec,7927,ab064c7e6f87c91026fc0b60959386bd,3,3,3,unique_final,1.0,0.3333
typespec,7927,5fb703cbbb03e40c71cb1faea912235c,3,3,3,unique_final,1.0,0.3333
typespec,7927,2f260d03fa666f252914d6c4fd109dae,3,3,3,unique_final,1.0,0.3333
typespec,7927,53eb737bf67997600a80b2195c9d47bb,3,3,3,unique_final,1.0,0.3333
typespec,7927,fa2c9a3715fe574df2d0104069097a2b,3,3,3,unique_final,1.0,0.3333
typespec,7927,53eb737bf67997600a80b2195c9d47bb,3,3,3,unique_final,1.0,0.3333
typespec,7927,646a9091b9db80e1eccbe028c7b59275,3,3,3,unique_final,1.0,0.3333
typespec,7927,0b7d86afb58575c13377767c5cc9c03c,3,3,3,unique_final,1.0,0.3333
typespec,7927,e780a124b4e3f23ad7ccb1e6df219903,3,3,3,unique_final,1.0,0.3333
typespec,7927,f410659b8e4b65987baf18f1c29beb30,3,3,3,unique_final,1.0,0.3333
typespec,7927,b83d6b471a80e4fb46463f35d383b1f4,3,3,3,unique_final,1.0,0.3333
typespec,7927,32b1d81e3d72f7745493a32cdf4fad3e,3,3,3,unique_final,1.0,0.3333
typespec,7927,79c70b5649efcaa309d0b52cf5b5a946,3,3,3,unique_final,1.0,0.3333
typespec,7927,22927326be66d004a43326c7de05ed1e,3,3,3,unique_final,1.0,0.3333
typespec,7927,ab064c7e6f87c91026fc0b60959386bd,3,3,3,unique_final,1.0,0.3333
typespec,7927,da48372ab4293447f147609a76a79082,3,3,3,unique_final,1.0,0.3333
typespec,7927,ab064c7e6f87c91026fc0b60959386bd,3,3,3,unique_final,1.0,0.3333
typespec,7927,ad7a275d9c9c43b0710024a33c25b8bb,3,3,3,unique_final,1.0,0.3333
typespec,7927,b83d6b471a80e4fb46463f35d383b1f4,3,3,3,unique_final,1.0,0.3333
typespec,7927,51595c327ed3995b5e109120e363283a,3,3,3,unique_final,1.0,0.3333
typespec,7927,f95941b365f55ca25148fd4d7db2e7ac,3,3,3,unique_final,1.0,0.3333
typespec,7927,65fc4d37c9db96b616eb26f182d0b19f,3,3,3,unique_final,1.0,0.3333
typespec,7927,d59a351564d720136390207c77c765a2,3,3,3,unique_final,1.0,0.3333
typespec,7927,6a2f4d20387465be1add97f4b374b4e8,3,3,3,unique_final,1.0,0.3333
typespec,7927,a4e3549c7d7adf3ccf5f292b13679092,3,3,3,unique_final,1.0,0.3333
typespec,7927,f3d67b5d632b4874df8f8bd1f5849cdf,3,3,3,unique_final,1.0,0.3333
typespec,7927,5a5faec91cdfcbe9d4567c9a203c94e6,3,3,3,unique_final,1.0,0.3333
typespec,7927,ccf5fedc0d5fc3a9c05bcc8166bd89bf,3,3,3,unique_final,1.0,0.3333
typespec,7927,5bb4723d2109ce400ceb2fd21db5a978,3,3,3,unique_final,1.0,0.3333
typespec,7927,776523d3ced5330a678381dbaceb383c,3,3,3,unique_final,1.0,0.3333
typespec,7927,7125d262c1d935a6f8b4aa68575836f8,3,3,3,unique_final,1.0,0.3333
typespec,7927,536fb9561b5b8658b7443e8006392fba,3,3,3,unique_final,1.0,0.3333
typespec,7927,96c8bf0b3ddc4c75fc2d23e6195f198f,3,3,3,unique_final,1.0,0.3333
typespec,7927,0b7d86afb58575c13377767c5cc9c03c,3,3,3,unique_final,1.0,0.3333
typespec,7927,27b0f9d4e9766d0bbcfbc2a9e1c14001,3,3,3,unique_final,1.0,0.3333
typespec,7927,b83d6b471a80e4fb46463f35d383b1f4,3,3,3,unique_final,1.0,0.3333
typespec,7927,6fe778b54783c68f2eebafb6fcafd8c4,3,3,3,unique_final,1.0,0.3333
typespec,7927,ad7a275d9c9c43b0710024a33c25b8bb,3,3,3,unique_final,1.0,0.3333
typespec,7927,f16afd903ae66033aaa1f38e8c169595,3,3,3,unique_final,1.0,0.3333
typespec,7927,02ece6449f50f06401807a8dc75a2f4a,3,3,3,unique_final,1.0,0.3333
typespec,7927,b164708b1081606f79178988a8183453,3,3,3,unique_final,1.0,0.3333
typespec,7927,d6ac42724d3d7d16226273c2810d2f51,3,3,3,unique_final,1.0,0.3333
typespec,7927,86026acb77765d5393b43cb6b3388405,3,3,3,unique_final,1.0,0.3333
typespec,7927,8f2879388b017a27d4655b6a356c3473,3,3,3,unique_final,1.0,0.3333
typespec,7927,5ecd9aa09b2218928e9ee60337e0c316,3,3,3,unique_final,1.0,0.3333
typespec,7927,576b00da26c064d20bdcf7e3a5f6d5a6,3,3,3,unique_final,1.0,0.3333
typespec,7927,8b4f8093d7f0afe29777e55934208117,3,3,3,unique_final,1.0,0.3333
typespec,7927,ad7a275d9c9c43b0710024a33c25b8bb,3,3,3,unique_final,1.0,0.3333
typespec,7927,975c0d95782b9b0d1a9255c959118a84,3,3,3,unique_final,1.0,0.3333
typespec,7927,79c70b5649efcaa309d0b52cf5b5a946,3,3,3,unique_final,1.0,0.3333
typespec,7927,ee6d6a8a7003f25750ab6667f33a545f,3,3,3,unique_final,1.0,0.3333
typespec,7927,ab064c7e6f87c91026fc0b60959386bd,3,3,3,unique_final,1.0,0.3333
typespec,7927,ab064c7e6f87c91026fc0b60959386bd,3,3,3,unique_final,1.0,0.3333
typespec,7927,0dc1595989017144fb817678f6707676,3,3,3,unique_final,1.0,0.3333
typespec,7927,0ec8f57013bf44e6c2e8588aa915ced3,3,3,3,unique_final,1.0,0.3333
typespec,7927,2697f603749eda1938dec3c73a22efb9,3,3,3,unique_final,1.0,0.3333
typespec,7927,0cc028e1793c87e601982e29602a9957,3,3,3,unique_final,1.0,0.3333
typespec,7927,ab064c7e6f87c91026fc0b60959386bd,3,3,3,unique_final,1.0,0.3333
typespec,7927,e16d52572289f000962fe6aa6f8787cb,3,3,3,unique_final,1.0,0.3333
typespec,7927,390369cd7195c7ed50ded200bc317adf,3,3,3,unique_final,1.0,0.3333
typespec,7927,ab064c7e6f87c91026fc0b60959386bd,3,3,3,unique_final,1.0,0.3333
typespec,7927,8a4d92d703930c61f2e811554800b6a9,3,3,3,unique_final,1.0,0.3333
typespec,7927,0b7d86afb58575c13377767c5cc9c03c,3,3,3,unique_final,1.0,0.3333
typespec,7927,da48372ab4293447f147609a76a79082,3,3,3,unique_final,1.0,0.3333
typespec,7927,80952a697b9ec2b8660ec606c5be7fc0,3,3,3,unique_final,1.0,0.3333
typespec,7927,239eb3ecdb9a85dde057f8310ed83558,3,3,3,unique_final,1.0,0.3333
typespec,7927,702e46e3b30bcf0b0f2ebc197fa4f607,3,3,3,unique_final,1.0,0.3333
typespec,7927,4bb97d9eba79d581e361371c194c9b29,3,3,3,unique_final,1.0,0.3333
typespec,7927,ab064c7e6f87c91026fc0b60959386bd,3,3,3,unique_final,1.0,0.3333
typespec,7927,16ce755c1c9f3009b6f71fc987c3a8f4,3,3,3,unique_final,1.0,0.3333
typespec,7927,dcac2e905996a5c11a328b675f85396d,3,3,3,unique_final,1.0,0.3333
typespec,7927,ab064c7e6f87c91026fc0b60959386bd,3,3,3,unique_final,1.0,0.3333
typespec,7927,3207b5124297254a80971913c3d1d1b4,3,3,3,unique_final,1.0,0.3333
typespec,7927,52014c1f067ad3d0e1349659a4b0b166,3,3,3,unique_final,1.0,0.3333
typespec,7927,6d0eae35494c86a0b000267e39142ebc,3,3,3,unique_final,1.0,0.3333
typespec,7927,42b431298817eabb34441b28b6e8907b,3,3,3,unique_final,1.0,0.3333
typespec,7927,ca1bde11fc1c9868196928aff9386da9,3,3,3,unique_final,1.0,0.3333
typespec,7927,ab064c7e6f87c91026fc0b60959386bd,3,3,3,unique_final,1.0,0.3333
typespec,7927,75712d8205a78583fdddf2f12946bd37,3,3,3,unique_final,1.0,0.3333
typespec,7927,51595c327ed3995b5e109120e363283a,3,3,3,unique_final,1.0,0.3333
typespec,7927,0cc028e1793c87e601982e29602a9957,3,3,3,unique_final,1.0,0.3333
typespec,7927,8f2879388b017a27d4655b6a356c3473,3,3,3,unique_final,1.0,0.3333
typespec,7927,26352f80b24873b4452f3ce2e49494b4,3,3,3,unique_final,1.0,0.3333
typespec,7927,0b7d86afb58575c13377767c5cc9c03c,3,3,3,unique_final,1.0,0.3333
typespec,7927,a7c211b3efe3e5ca2abbe9578bc57018,3,3,3,unique_final,1.0,0.3333
typespec,7927,c91b148486c8b579a74a5fdb83281c8e,3,3,3,unique_final,1.0,0.3333
typespec,7927,6d96b70c564ab4d9f228b4c9effa55bb,3,3,3,unique_final,1.0,0.3333
typespec,7927,62ac7b10ef24570df8224914cd220204,3,3,3,unique_final,1.0,0.3333
typespec,7927,39ad812b2245beeeefca8768a4c49eea,3,3,3,unique_final,1.0,0.3333
typespec,7927,e3fa34ef5f6d19aa23c0fd5c73a96148,3,3,3,unique_final,1.0,0.3333
typespec,7927,b83d6b471a80e4fb46463f35d383b1f4,3,3,3,unique_final,1.0,0.3333
typespec,7927,ee2533a8ead14fb56087d4616e35fe0f,3,3,3,unique_final,1.0,0.3333
typespec,7927,0ec8f57013bf44e6c2e8588aa915ced3,3,3,3,unique_final,1.0,0.3333
typespec,7927,7df8c6e7e7553e8215cad8d9a2040c1b,3,3,3,unique_final,1.0,0.3333
typespec,7927,a52d2686c6c2050230d68f5a175b6ccd,3,3,3,unique_final,1.0,0.3333
typespec,7927,cd03c747db4f3fd4d3d100554ae5d985,3,3,3,unique_final,1.0,0.3333
typespec,7927,ad7a275d9c9c43b0710024a33c25b8bb,3,3,3,unique_final,1.0,0.3333
typespec,7927,51595c327ed3995b5e109120e363283a,3,3,3,unique_final,1.0,0.3333
typespec,7927,51595c327ed3995b5e109120e363283a,3,3,3,unique_final,1.0,0.3333
typespec,7927,bd830d8dbba6c457072b9f47287f4cd6,3,3,3,unique_final,1.0,0.3333
typespec,7927,b3066f936547d96a53cce5cfcdb0fc46,3,3,3,unique_final,1.0,0.3333
typespec,7927,0b7d86afb58575c13377767c5cc9c03c,3,3,3,unique_final,1.0,0.3333
typespec,7927,e248ee5d415fdc7f4ec0f84f0245654f,3,3,3,unique_final,1.0,0.3333
typespec,7927,c78b01d24285f7524251750e6c746d91,3,3,3,unique_final,1.0,0.3333
typespec,7927,ab064c7e6f87c91026fc0b60959386bd,3,3,3,unique_final,1.0,0.3333
typespec,7927,5bbb827b0c5cb78bff09ed13d2f7367f,3,3,3,unique_final,1.0,0.3333
typespec,7927,51595c327ed3995b5e109120e363283a,3,3,3,unique_final,1.0,0.3333
typespec,7927,e4f6f5c7e33c0b23750a93243dd540ec,3,3,3,unique_final,1.0,0.3333
typespec,7927,ef688300e4f600176a87b4694251d655,3,3,3,unique_final,1.0,0.3333
typespec,7927,ac2d4d1ec778ab03f741b91cbadcddac,3,3,3,unique_final,1.0,0.3333
typespec,7927,387ea1cac167868ea7be2b2b34486fd5,3,3,3,unique_final,1.0,0.3333
typespec,7927,87df0e8bb853aec60d4da5b72de8fe2a,3,3,3,unique_final,1.0,0.3333
typespec,7927,71c108213b1be5d31f7efc040ce7e5b3,3,3,3,unique_final,1.0,0.3333
typespec,7927,0cc028e1793c87e601982e29602a9957,3,3,3,unique_final,1.0,0.3333
typespec,7927,ad7a275d9c9c43b0710024a33c25b8bb,3,3,3,unique_final,1.0,0.3333
typespec,7927,0b7d86afb58575c13377767c5cc9c03c,3,3,3,unique_final,1.0,0.3333
typespec,7927,8c63a3822428b0632b6fab63c7e430d2,3,3,3,unique_final,1.0,0.3333
typespec,7927,ab064c7e6f87c91026fc0b60959386bd,3,3,3,unique_final,1.0,0.3333
typespec,7927,ab064c7e6f87c91026fc0b60959386bd,3,3,3,unique_final,1.0,0.3333
typespec,7927,308cbf528a262da36ed384202bea4d29,3,3,3,unique_final,1.0,0.3333
typespec,7927,51595c327ed3995b5e109120e363283a,3,3,3,unique_final,1.0,0.3333
typespec,7927,d5f003ab53ef8d52dd2b09ad2ed15ce6,3,3,3,unique_final,1.0,0.3333
typespec,7927,22918ed6d7fdc107bed96f9e30f9eb80,3,3,3,unique_final,1.0,0.3333
typespec,7927,0b7d86afb58575c13377767c5cc9c03c,3,3,3,unique_final,1.0,0.3333
typespec,7927,22927326be66d004a43326c7de05ed1e,3,3,3,unique_final,1.0,0.3333
typespec,7927,a8f2f4e116f61c8417fa371ea96800cc,3,3,3,unique_final,1.0,0.3333
typespec,7927,5ce7b3028fc0a9f737954a93ce4589f0,3,3,3,unique_final,1.0,0.3333
typespec,7927,b4d9e3958518afb46ccd084b51e50888,3,3,3,unique_final,1.0,0.3333
typespec,7927,0b7d86afb58575c13377767c5cc9c03c,3,3,3,unique_final,1.0,0.3333
typespec,7927,781876ef862a146f654e109913d60688,3,3,3,unique_final,1.0,0.3333
typespec,7927,ab064c7e6f87c91026fc0b60959386bd,3,3,3,unique_final,1.0,0.3333
typespec,7927,46d969f26a994dd323953fe6fd8040a7,3,3,3,unique_final,1.0,0.3333
typespec,7927,51595c327ed3995b5e109120e363283a,3,3,3,unique_final,1.0,0.3333
typespec,7927,5bbb827b0c5cb78bff09ed13d2f7367f,3,3,3,unique_final,1.0,0.3333
typespec,7927,a501a0f4208e47954a721280a224df4d,3,3,3,unique_final,1.0,0.3333
typespec,7927,5d3a91fc51faae0ef56b43db44fca05e,3,3,3,unique_final,1.0,0.3333
typespec,7927,9a17acb9ef6cfcb65678f825ea10a29b,3,3,3,unique_final,1.0,0.3333
typespec,7927,b6632fe965c053c9ce31d34b2d94db4a,3,3,3,unique_final,1.0,0.3333
typespec,7927,d716951b335ae7787f4ab4188cbeede3,3,3,3,unique_final,1.0,0.3333
typespec,7927,53eb737bf67997600a80b2195c9d47bb,3,3,3,unique_final,1.0,0.3333
typespec,7927,ad7a275d9c9c43b0710024a33c25b8bb,3,3,3,unique_final,1.0,0.3333
typespec,7927,4bb97d9eba79d581e361371c194c9b29,3,3,3,unique_final,1.0,0.3333
typespec,7927,cd03c747db4f3fd4d3d100554ae5d985,3,3,3,unique_final,1.0,0.3333
typespec,7927,ad7a275d9c9c43b0710024a33c25b8bb,3,3,3,unique_final,1.0,0.3333
typespec,7927,e4a5e1b46dc9fdfefd8260163952058e,3,3,3,unique_final,1.0,0.3333
typespec,7927,b83d6b471a80e4fb46463f35d383b1f4,3,3,3,unique_final,1.0,0.3333
typespec,7927,ab064c7e6f87c91026fc0b60959386bd,3,3,3,unique_final,1.0,0.3333
typespec,7927,80c5ed59a7ab950cf045f48c9c13b3d7,3,3,3,unique_final,1.0,0.3333
typespec,7927,1381d13cd6330efb30e00886fadb3ecf,3,3,3,unique_final,1.0,0.3333
typespec,7927,a28d393a58a07f210ff6850722dc1ff6,3,3,3,unique_final,1.0,0.3333
typespec,7927,a0fa8032d5496a5c8fa4a9a820f61943,3,3,3,unique_final,1.0,0.3333
typespec,7927,b83d6b471a80e4fb46463f35d383b1f4,3,3,3,unique_final,1.0,0.3333
typespec,7927,51595c327ed3995b5e109120e363283a,3,3,3,unique_final,1.0,0.3333
typespec,7927,0b7d86afb58575c13377767c5cc9c03c,3,3,3,unique_final,1.0,0.3333
typespec,7927,51595c327ed3995b5e109120e363283a,3,3,3,unique_final,1.0,0.3333
typespec,7927,56008272c87aa3911f64b5256c290a5b,3,3,3,unique_final,1.0,0.3333
typespec,7927,0b7d86afb58575c13377767c5cc9c03c,3,3,3,unique_final,1.0,0.3333
typespec,7927,4276e421f11a1dabfc422d28f9378635,3,3,3,unique_final,1.0,0.3333
typespec,7927,0b7d86afb58575c13377767c5cc9c03c,3,3,3,unique_final,1.0,0.3333
typespec,7927,419b979953131bc6920febbd9f2681a4,3,3,3,unique_final,1.0,0.3333
typespec,7927,b0ca204203ed44da4cbbd8581ea00baf,3,3,3,unique_final,1.0,0.3333
typespec,7927,0ddbe629b91147f03d5b735a8cbf1915,3,3,3,unique_final,1.0,0.3333
typespec,7927,8ca66661bd8604188344b4157ca3d47c,3,3,3,unique_final,1.0,0.3333
typespec,7927,f8effb7bd9a11ca8db7132176b3c43bd,3,3,3,unique_final,1.0,0.3333
typespec,7927,ab064c7e6f87c91026fc0b60959386bd,3,3,3,unique_final,1.0,0.3333
typespec,7927,4e5a0328c78fb8e935bb6366265ba6c9,3,3,3,unique_final,1.0,0.3333
typespec,7927,b0ca204203ed44da4cbbd8581ea00baf,3,3,3,unique_final,1.0,0.3333
typespec,7927,dca527270c6585ccab4f7b6bf8736d45,3,3,3,unique_final,1.0,0.3333
typespec,7927,ff7e569f1c87813908dfc8864707036a,3,3,3,unique_final,1.0,0.3333
typespec,7927,082a538df9c7c49edde81c1c29a5e2ae,3,3,3,unique_final,1.0,0.3333
typespec,7927,0b54d63f66364bca53d2b6b8cbcd9133,3,3,3,unique_final,1.0,0.3333
typespec,7927,b6632fe965c053c9ce31d34b2d94db4a,3,3,3,unique_final,1.0,0.3333
